{"type":"FeatureCollection","features":[{"type":"Feature","properties":{"id":"osm-way-1044515504","osmId":1044515504,"kind":"pedestrian","highway":"footway","name":null,"access":null,"covered":false,"source":"© OpenStreetMap contributors (ODbL)","observedAt":"2026-09-22"},"geometry":{"type":"LineString","coordinates":[[139.7558842,35.6957778],[139.7558832,35.6957408]]}},{"type":"Feature","properties":{"id":"osm-way-1044515505","osmId":1044515505,"kind":"pedestrian","highway":"footway","name":null,"access":null,"covered":false,"source":"© OpenStreetMap contributors (ODbL)","observedAt":"2026-09-22"},"geometry":{"type":"LineString","coordinates":[[139.755814,35.6960143],[139.7558127,35.6960764]]}},{"type":"Feature","properties":{"id":"osm-way-1051311058","osmId":1051311058,"kind":"pedestrian","highway":"footway","name":null,"access":null,"covered":false,"source":"© OpenStreetMap contributors (ODbL)","observedAt":"2026-09-22"},"geometry":{"type":"LineString","coordinates":[[139.7527409678876,35.695807520789145],[139.752881,35.6958255]]}},{"type":"Feature","properties":{"id":"osm-way-1051311060","osmId":1051311060,"kind":"pedestrian","highway":"footway","name":null,"access":null,"covered":false,"source":"© OpenStreetMap contributors (ODbL)","observedAt":"2026-09-22"},"geometry":{"type":"LineString","coordinates":[[139.7529518,35.6955037],[139.752791685246,35.695483885873344]]}},{"type":"Feature","properties":{"id":"osm-way-1051311061","osmId":1051311061,"kind":"pedestrian","highway":"footway","name":null,"access":null,"covered":false,"source":"© OpenStreetMap contributors (ODbL)","observedAt":"2026-09-22"},"geometry":{"type":"LineString","coordinates":[[139.7530901,35.6955435],[139.7530306,35.695526],[139.7529518,35.6955037]]}},{"type":"Feature","properties":{"id":"osm-way-1051311062","osmId":1051311062,"kind":"pedestrian","highway":"footway","name":null,"access":null,"covered":false,"source":"© OpenStreetMap contributors (ODbL)","observedAt":"2026-09-22"},"geometry":{"type":"LineString","coordinates":[[139.7530482,35.6958473],[139.7531123,35.6958543]]}},{"type":"Feature","properties":{"id":"osm-way-1055061100","osmId":1055061100,"kind":"pedestrian","highway":"footway","name":null,"access":null,"covered":false,"source":"© OpenStreetMap contributors (ODbL)","observedAt":"2026-09-22"},"geometry":{"type":"LineString","coordinates":[[139.7528444,35.6968336],[139.7527944,35.6968281],[139.7527276,35.6968209]]}},{"type":"Feature","properties":{"id":"osm-way-1055061101","osmId":1055061101,"kind":"pedestrian","highway":"footway","name":null,"access":null,"covered":false,"source":"© OpenStreetMap contributors (ODbL)","observedAt":"2026-09-22"},"geometry":{"type":"LineString","coordinates":[[139.7527276,35.6968209],[139.75272256346335,35.69685180379767]]}},{"type":"Feature","properties":{"id":"osm-way-1055061102","osmId":1055061102,"kind":"pedestrian","highway":"footway","name":null,"access":null,"covered":false,"source":"© OpenStreetMap contributors (ODbL)","observedAt":"2026-09-22"},"geometry":{"type":"LineString","coordinates":[[139.7527007,35.6968177],[139.75262062963213,35.69680972551214]]}},{"type":"Feature","properties":{"id":"osm-way-1055061103","osmId":1055061103,"kind":"pedestrian","highway":"footway","name":null,"access":null,"covered":false,"source":"© OpenStreetMap contributors (ODbL)","observedAt":"2026-09-22"},"geometry":{"type":"LineString","coordinates":[[139.7527276,35.6968209],[139.7527007,35.6968177]]}},{"type":"Feature","properties":{"id":"osm-way-1083135529","osmId":1083135529,"kind":"pedestrian","highway":"footway","name":null,"access":null,"covered":false,"source":"© OpenStreetMap contributors (ODbL)","observedAt":"2026-09-22"},"geometry":{"type":"LineString","coordinates":[[139.7584195,35.6956441],[139.7584195,35.6956506],[139.7583029,35.6956474]]}},{"type":"Feature","properties":{"id":"osm-way-1083135530","osmId":1083135530,"kind":"pedestrian","highway":"footway","name":null,"access":null,"covered":false,"source":"© OpenStreetMap contributors (ODbL)","observedAt":"2026-09-22"},"geometry":{"type":"LineString","coordinates":[[139.7578984,35.6956283],[139.7578997,35.6956378],[139.7580432,35.6956395]]}},{"type":"Feature","properties":{"id":"osm-way-1083135531","osmId":1083135531,"kind":"pedestrian","highway":"footway","name":null,"access":null,"covered":false,"source":"© OpenStreetMap contributors (ODbL)","observedAt":"2026-09-22"},"geometry":{"type":"LineString","coordinates":[[139.7583992,35.6961209],[139.7584007,35.6960923]]}},{"type":"Feature","properties":{"id":"osm-way-1083392171","osmId":1083392171,"kind":"pedestrian","highway":"footway","name":null,"access":null,"covered":false,"source":"© OpenStreetMap contributors (ODbL)","observedAt":"2026-09-22"},"geometry":{"type":"LineString","coordinates":[[139.7588543,35.6940204],[139.7588577,35.6939403]]}},{"type":"Feature","properties":{"id":"osm-way-1155226155","osmId":1155226155,"kind":"pedestrian","highway":"footway","name":null,"access":null,"covered":false,"source":"© OpenStreetMap contributors (ODbL)","observedAt":"2026-09-22"},"geometry":{"type":"LineString","coordinates":[[139.75758510258638,35.69886139574902],[139.7576103,35.6988328]]}},{"type":"Feature","properties":{"id":"osm-way-1155226156","osmId":1155226156,"kind":"pedestrian","highway":"footway","name":null,"access":null,"covered":false,"source":"© OpenStreetMap contributors (ODbL)","observedAt":"2026-09-22"},"geometry":{"type":"LineString","coordinates":[[139.75745057976886,35.69880890179342],[139.7574772,35.6987759]]}},{"type":"Feature","properties":{"id":"osm-way-1155226157","osmId":1155226157,"kind":"pedestrian","highway":"footway","name":null,"access":null,"covered":false,"source":"© OpenStreetMap contributors (ODbL)","observedAt":"2026-09-22"},"geometry":{"type":"LineString","coordinates":[[139.7575132,35.6987909],[139.7575468,35.698805],[139.7575867,35.6988225]]}},{"type":"Feature","properties":{"id":"osm-way-1155226158","osmId":1155226158,"kind":"pedestrian","highway":"footway","name":null,"access":null,"covered":false,"source":"© OpenStreetMap contributors (ODbL)","observedAt":"2026-09-22"},"geometry":{"type":"LineString","coordinates":[[139.7569321,35.6985479],[139.7574772,35.6987759],[139.7575132,35.6987909]]}},{"type":"Feature","properties":{"id":"osm-way-1155230831","osmId":1155230831,"kind":"pedestrian","highway":"pedestrian","name":null,"access":null,"covered":false,"source":"© OpenStreetMap contributors (ODbL)","observedAt":"2026-09-22"},"geometry":{"type":"LineString","coordinates":[[139.758945,35.6973136],[139.7591444,35.6969828]]}},{"type":"Feature","properties":{"id":"osm-way-1155230832","osmId":1155230832,"kind":"pedestrian","highway":"pedestrian","name":null,"access":null,"covered":false,"source":"© OpenStreetMap contributors (ODbL)","observedAt":"2026-09-22"},"geometry":{"type":"LineString","coordinates":[[139.7591706,35.6974023],[139.7593897,35.6970791]]}},{"type":"Feature","properties":{"id":"osm-way-1188791499","osmId":1188791499,"kind":"pedestrian","highway":"footway","name":null,"access":null,"covered":false,"source":"© OpenStreetMap contributors (ODbL)","observedAt":"2026-09-22"},"geometry":{"type":"LineString","coordinates":[[139.7548095,35.6965457],[139.7548072,35.6965206],[139.7547932,35.6965059],[139.7547588,35.6964903],[139.7547173,35.6964808],[139.7546846,35.6964756],[139.7546537,35.696467],[139.7546064,35.6964471],[139.7545673,35.6964372]]}},{"type":"Feature","properties":{"id":"osm-way-1188791500","osmId":1188791500,"kind":"pedestrian","highway":"footway","name":null,"access":null,"covered":false,"source":"© OpenStreetMap contributors (ODbL)","observedAt":"2026-09-22"},"geometry":{"type":"LineString","coordinates":[[139.7545673,35.6964372],[139.7545291,35.6964342],[139.7545013,35.6964315]]}},{"type":"Feature","properties":{"id":"osm-way-1189793205","osmId":1189793205,"kind":"pedestrian","highway":"footway","name":null,"access":null,"covered":false,"source":"© OpenStreetMap contributors (ODbL)","observedAt":"2026-09-22"},"geometry":{"type":"LineString","coordinates":[[139.7584261,35.6950291],[139.7584605,35.6948671]]}},{"type":"Feature","properties":{"id":"osm-way-1189793206","osmId":1189793206,"kind":"pedestrian","highway":"footway","name":null,"access":null,"covered":false,"source":"© OpenStreetMap contributors (ODbL)","observedAt":"2026-09-22"},"geometry":{"type":"LineString","coordinates":[[139.758417,35.6950722],[139.7584213,35.6950518],[139.7584261,35.6950291]]}},{"type":"Feature","properties":{"id":"osm-way-1189793207","osmId":1189793207,"kind":"pedestrian","highway":"footway","name":null,"access":null,"covered":false,"source":"© OpenStreetMap contributors (ODbL)","observedAt":"2026-09-22"},"geometry":{"type":"LineString","coordinates":[[139.7584754,35.6948013],[139.7585078,35.6946672],[139.7585176,35.6946514]]}},{"type":"Feature","properties":{"id":"osm-way-1189793208","osmId":1189793208,"kind":"pedestrian","highway":"footway","name":null,"access":null,"covered":false,"source":"© OpenStreetMap contributors (ODbL)","observedAt":"2026-09-22"},"geometry":{"type":"LineString","coordinates":[[139.7584605,35.6948671],[139.7584671,35.6948358],[139.7584754,35.6948013]]}},{"type":"Feature","properties":{"id":"osm-way-1189793209","osmId":1189793209,"kind":"pedestrian","highway":"footway","name":null,"access":null,"covered":false,"source":"© OpenStreetMap contributors (ODbL)","observedAt":"2026-09-22"},"geometry":{"type":"LineString","coordinates":[[139.7607489,35.6946787],[139.7611098,35.6946804]]}},{"type":"Feature","properties":{"id":"osm-way-1189793210","osmId":1189793210,"kind":"pedestrian","highway":"footway","name":null,"access":null,"covered":false,"source":"© OpenStreetMap contributors (ODbL)","observedAt":"2026-09-22"},"geometry":{"type":"LineString","coordinates":[[139.7602521,35.6946725],[139.7606864,35.6946781]]}},{"type":"Feature","properties":{"id":"osm-way-1189793211","osmId":1189793211,"kind":"pedestrian","highway":"footway","name":null,"access":null,"covered":false,"source":"© OpenStreetMap contributors (ODbL)","observedAt":"2026-09-22"},"geometry":{"type":"LineString","coordinates":[[139.7606864,35.6946781],[139.7607173,35.6946785],[139.7607489,35.6946787]]}},{"type":"Feature","properties":{"id":"osm-way-1189793212","osmId":1189793212,"kind":"pedestrian","highway":"footway","name":null,"access":null,"covered":false,"source":"© OpenStreetMap contributors (ODbL)","observedAt":"2026-09-22"},"geometry":{"type":"LineString","coordinates":[[139.7601904,35.6946715],[139.7602221,35.6946721],[139.7602521,35.6946725]]}},{"type":"Feature","properties":{"id":"osm-way-1189793213","osmId":1189793213,"kind":"pedestrian","highway":"footway","name":null,"access":null,"covered":false,"source":"© OpenStreetMap contributors (ODbL)","observedAt":"2026-09-22"},"geometry":{"type":"LineString","coordinates":[[139.7597531,35.6945512],[139.7597526,35.6946015],[139.7597519,35.6946637]]}},{"type":"Feature","properties":{"id":"osm-way-1189793214","osmId":1189793214,"kind":"pedestrian","highway":"footway","name":null,"access":null,"covered":false,"source":"© OpenStreetMap contributors (ODbL)","observedAt":"2026-09-22"},"geometry":{"type":"LineString","coordinates":[[139.7595644,35.6946603],[139.7595644,35.6945987],[139.7595644,35.6945418]]}},{"type":"Feature","properties":{"id":"osm-way-1189793215","osmId":1189793215,"kind":"pedestrian","highway":"footway","name":null,"access":null,"covered":false,"source":"© OpenStreetMap contributors (ODbL)","observedAt":"2026-09-22"},"geometry":{"type":"LineString","coordinates":[[139.7596193,35.6946613],[139.759656,35.6946619],[139.7596979,35.6946627]]}},{"type":"Feature","properties":{"id":"osm-way-1189793216","osmId":1189793216,"kind":"pedestrian","highway":"footway","name":null,"access":null,"covered":false,"source":"© OpenStreetMap contributors (ODbL)","observedAt":"2026-09-22"},"geometry":{"type":"LineString","coordinates":[[139.759082,35.6946516],[139.7595644,35.6946603],[139.7596193,35.6946613]]}},{"type":"Feature","properties":{"id":"osm-way-1189793217","osmId":1189793217,"kind":"pedestrian","highway":"footway","name":null,"access":null,"covered":false,"source":"© OpenStreetMap contributors (ODbL)","observedAt":"2026-09-22"},"geometry":{"type":"LineString","coordinates":[[139.7597296,35.6945304],[139.7596603,35.6945303],[139.7595847,35.6945294]]}},{"type":"Feature","properties":{"id":"osm-way-1189793218","osmId":1189793218,"kind":"pedestrian","highway":"footway","name":null,"access":null,"covered":false,"source":"© OpenStreetMap contributors (ODbL)","observedAt":"2026-09-22"},"geometry":{"type":"LineString","coordinates":[[139.7610622,35.6945771],[139.7597531,35.6945512],[139.7597296,35.6945304]]}},{"type":"Feature","properties":{"id":"osm-way-1189793219","osmId":1189793219,"kind":"pedestrian","highway":"footway","name":null,"access":null,"covered":false,"source":"© OpenStreetMap contributors (ODbL)","observedAt":"2026-09-22"},"geometry":{"type":"LineString","coordinates":[[139.7590128,35.6946504],[139.7590452,35.694651],[139.759082,35.6946516]]}},{"type":"Feature","properties":{"id":"osm-way-1189793220","osmId":1189793220,"kind":"pedestrian","highway":"footway","name":null,"access":null,"covered":false,"source":"© OpenStreetMap contributors (ODbL)","observedAt":"2026-09-22"},"geometry":{"type":"LineString","coordinates":[[139.7585176,35.6946514],[139.758543,35.6946419],[139.7590128,35.6946504]]}},{"type":"Feature","properties":{"id":"osm-way-1189793221","osmId":1189793221,"kind":"pedestrian","highway":"footway","name":null,"access":null,"covered":false,"source":"© OpenStreetMap contributors (ODbL)","observedAt":"2026-09-22"},"geometry":{"type":"LineString","coordinates":[[139.7585527,35.694512],[139.7585473,35.6944911],[139.758564,35.6944164],[139.7586823,35.6939405]]}},{"type":"Feature","properties":{"id":"osm-way-1189793222","osmId":1189793222,"kind":"pedestrian","highway":"footway","name":null,"access":null,"covered":false,"source":"© OpenStreetMap contributors (ODbL)","observedAt":"2026-09-22"},"geometry":{"type":"LineString","coordinates":[[139.7585176,35.6946514],[139.7585334,35.6945873],[139.7585527,35.694512]]}},{"type":"Feature","properties":{"id":"osm-way-1217287761","osmId":1217287761,"kind":"pedestrian","highway":"footway","name":null,"access":null,"covered":false,"source":"© OpenStreetMap contributors (ODbL)","observedAt":"2026-09-22"},"geometry":{"type":"LineString","coordinates":[[139.7536402,35.6946148],[139.75351099347554,35.69449600474507]]}},{"type":"Feature","properties":{"id":"osm-way-1217287762","osmId":1217287762,"kind":"pedestrian","highway":"footway","name":null,"access":null,"covered":false,"source":"© OpenStreetMap contributors (ODbL)","observedAt":"2026-09-22"},"geometry":{"type":"LineString","coordinates":[[139.75356739236207,35.69445498737305],[139.753709,35.6945866]]}},{"type":"Feature","properties":{"id":"osm-way-1217287763","osmId":1217287763,"kind":"pedestrian","highway":"footway","name":null,"access":null,"covered":false,"source":"© OpenStreetMap contributors (ODbL)","observedAt":"2026-09-22"},"geometry":{"type":"LineString","coordinates":[[139.753709,35.6945866],[139.7537558,35.6945533],[139.7539823,35.6944247],[139.7542028,35.694348],[139.7544331,35.69428],[139.7555889,35.6939915],[139.7557165,35.6939284]]}},{"type":"Feature","properties":{"id":"osm-way-1217287764","osmId":1217287764,"kind":"pedestrian","highway":"footway","name":null,"access":null,"covered":false,"source":"© OpenStreetMap contributors (ODbL)","observedAt":"2026-09-22"},"geometry":{"type":"LineString","coordinates":[[139.753709,35.6945866],[139.7536922,35.6946032],[139.7536402,35.6946148]]}},{"type":"Feature","properties":{"id":"osm-way-1217287765","osmId":1217287765,"kind":"pedestrian","highway":"footway","name":null,"access":null,"covered":false,"source":"© OpenStreetMap contributors (ODbL)","observedAt":"2026-09-22"},"geometry":{"type":"LineString","coordinates":[[139.7537558,35.6945533],[139.753788,35.6945818],[139.7538257,35.694614]]}},{"type":"Feature","properties":{"id":"osm-way-1217287773","osmId":1217287773,"kind":"pedestrian","highway":"footway","name":null,"access":null,"covered":false,"source":"© OpenStreetMap contributors (ODbL)","observedAt":"2026-09-22"},"geometry":{"type":"LineString","coordinates":[[139.7536924,35.6947279],[139.753644,35.6947685],[139.7536006,35.6948049]]}},{"type":"Feature","properties":{"id":"osm-way-1217287774","osmId":1217287774,"kind":"pedestrian","highway":"footway","name":null,"access":null,"covered":false,"source":"© OpenStreetMap contributors (ODbL)","observedAt":"2026-09-22"},"geometry":{"type":"LineString","coordinates":[[139.7536006,35.6948049],[139.7533746,35.6949943],[139.7532971,35.6950927]]}},{"type":"Feature","properties":{"id":"osm-way-1217287775","osmId":1217287775,"kind":"pedestrian","highway":"footway","name":null,"access":null,"covered":false,"source":"© OpenStreetMap contributors (ODbL)","observedAt":"2026-09-22"},"geometry":{"type":"LineString","coordinates":[[139.7553885,35.6955759],[139.7553045,35.6957339]]}},{"type":"Feature","properties":{"id":"osm-way-1217287776","osmId":1217287776,"kind":"pedestrian","highway":"footway","name":null,"access":null,"covered":false,"source":"© OpenStreetMap contributors (ODbL)","observedAt":"2026-09-22"},"geometry":{"type":"LineString","coordinates":[[139.7556225,35.695658],[139.7556127,35.6956832],[139.7556104,35.6957273]]}},{"type":"Feature","properties":{"id":"osm-way-1217287781","osmId":1217287781,"kind":"pedestrian","highway":"footway","name":null,"access":null,"covered":false,"source":"© OpenStreetMap contributors (ODbL)","observedAt":"2026-09-22"},"geometry":{"type":"LineString","coordinates":[[139.7532971,35.6950927],[139.7532721,35.6951301],[139.7532417,35.6951757]]}},{"type":"Feature","properties":{"id":"osm-way-1217287782","osmId":1217287782,"kind":"pedestrian","highway":"footway","name":null,"access":null,"covered":false,"source":"© OpenStreetMap contributors (ODbL)","observedAt":"2026-09-22"},"geometry":{"type":"LineString","coordinates":[[139.7532417,35.6951757],[139.7531993,35.6952231],[139.753129,35.6954073],[139.7530901,35.6955435]]}},{"type":"Feature","properties":{"id":"osm-way-1217287783","osmId":1217287783,"kind":"pedestrian","highway":"footway","name":null,"access":null,"covered":false,"source":"© OpenStreetMap contributors (ODbL)","observedAt":"2026-09-22"},"geometry":{"type":"LineString","coordinates":[[139.7529518,35.6955037],[139.7530433,35.6953091],[139.7531519,35.6951123],[139.7532703,35.6949553],[139.7534756,35.6947621],[139.7536402,35.6946148]]}},{"type":"Feature","properties":{"id":"osm-way-1217287784","osmId":1217287784,"kind":"pedestrian","highway":"footway","name":null,"access":null,"covered":false,"source":"© OpenStreetMap contributors (ODbL)","observedAt":"2026-09-22"},"geometry":{"type":"LineString","coordinates":[[139.7555592,35.6952703],[139.7555154,35.6952575],[139.7547208,35.695229],[139.7543246,35.6952147],[139.7535652,35.6951874],[139.7532417,35.6951757]]}},{"type":"Feature","properties":{"id":"osm-way-1217287785","osmId":1217287785,"kind":"pedestrian","highway":"footway","name":null,"access":null,"covered":false,"source":"© OpenStreetMap contributors (ODbL)","observedAt":"2026-09-22"},"geometry":{"type":"LineString","coordinates":[[139.7532971,35.6950927],[139.7533356,35.6951029],[139.7538747,35.6951213],[139.7540855,35.6951285],[139.7543522,35.6951377],[139.7553388,35.6951714],[139.7555987,35.6951803]]}},{"type":"Feature","properties":{"id":"osm-way-1217287786","osmId":1217287786,"kind":"pedestrian","highway":"footway","name":null,"access":null,"covered":false,"source":"© OpenStreetMap contributors (ODbL)","observedAt":"2026-09-22"},"geometry":{"type":"LineString","coordinates":[[139.754838,35.6966057],[139.7547827,35.6965841],[139.7548095,35.6965457]]}},{"type":"Feature","properties":{"id":"osm-way-1217287787","osmId":1217287787,"kind":"pedestrian","highway":"footway","name":null,"access":null,"covered":false,"source":"© OpenStreetMap contributors (ODbL)","observedAt":"2026-09-22"},"geometry":{"type":"LineString","coordinates":[[139.7543089,35.6974675],[139.7542841,35.6974604],[139.7540243,35.6973568],[139.7532424,35.6970159],[139.7528712,35.6968771]]}},{"type":"Feature","properties":{"id":"osm-way-1226149106","osmId":1226149106,"kind":"pedestrian","highway":"footway","name":null,"access":null,"covered":false,"source":"© OpenStreetMap contributors (ODbL)","observedAt":"2026-09-22"},"geometry":{"type":"LineString","coordinates":[[139.7528712,35.6968771],[139.7528444,35.6968336],[139.7529309,35.6963089],[139.7529673,35.6961156],[139.753008,35.6959601],[139.7531123,35.6958543]]}},{"type":"Feature","properties":{"id":"osm-way-1340483689","osmId":1340483689,"kind":"alley","highway":"service","name":null,"access":null,"covered":false,"source":"© OpenStreetMap contributors (ODbL)","observedAt":"2026-09-22"},"geometry":{"type":"LineString","coordinates":[[139.7587678,35.6948455],[139.7587657,35.6948858],[139.7587626,35.6949629],[139.7584961,35.6949533]]}},{"type":"Feature","properties":{"id":"osm-way-1351510196","osmId":1351510196,"kind":"alley","highway":"service","name":null,"access":null,"covered":false,"source":"© OpenStreetMap contributors (ODbL)","observedAt":"2026-09-22"},"geometry":{"type":"LineString","coordinates":[[139.7601898,35.6959467],[139.7601915,35.6958801],[139.7601966,35.6956786],[139.7602033,35.6954128],[139.7602044,35.6953682]]}},{"type":"Feature","properties":{"id":"osm-way-139487666","osmId":139487666,"kind":"steps","highway":"steps","name":null,"access":null,"covered":false,"source":"© OpenStreetMap contributors (ODbL)","observedAt":"2026-09-22"},"geometry":{"type":"LineString","coordinates":[[139.7581957,35.6955941],[139.7581575,35.695626]]}},{"type":"Feature","properties":{"id":"osm-way-139487668","osmId":139487668,"kind":"pedestrian","highway":"footway","name":null,"access":null,"covered":false,"source":"© OpenStreetMap contributors (ODbL)","observedAt":"2026-09-22"},"geometry":{"type":"MultiLineString","coordinates":[[[139.7585517,35.6940023],[139.7583666,35.6948867],[139.7583173577266,35.69488178960476]],[[139.7582861694147,35.69492535672789],[139.7581859,35.6954224],[139.7581424,35.6954174],[139.7581112,35.6955789]]]}},{"type":"Feature","properties":{"id":"osm-way-139487669","osmId":139487669,"kind":"pedestrian","highway":"footway","name":null,"access":null,"covered":false,"source":"© OpenStreetMap contributors (ODbL)","observedAt":"2026-09-22"},"geometry":{"type":"LineString","coordinates":[[139.7578984,35.6956283],[139.758091,35.6956341],[139.7584195,35.6956441]]}},{"type":"Feature","properties":{"id":"osm-way-139631215","osmId":139631215,"kind":"pedestrian","highway":"footway","name":null,"access":null,"covered":false,"source":"© OpenStreetMap contributors (ODbL)","observedAt":"2026-09-22"},"geometry":{"type":"LineString","coordinates":[[139.7588543,35.6940204],[139.7585517,35.6940023],[139.75850397003268,35.69399537111036]]}},{"type":"Feature","properties":{"id":"osm-way-1476893558","osmId":1476893558,"kind":"pedestrian","highway":"footway","name":null,"access":null,"covered":false,"source":"© OpenStreetMap contributors (ODbL)","observedAt":"2026-09-22"},"geometry":{"type":"LineString","coordinates":[[139.7580871,35.696467],[139.758104,35.6964329],[139.7581584,35.6962651],[139.7581867,35.6961764],[139.7582063,35.6961417],[139.7582732,35.6960986],[139.7583434,35.6960913],[139.7584007,35.6960923],[139.7587782,35.6960986],[139.7591806,35.6961062]]}},{"type":"Feature","properties":{"id":"osm-way-1476893559","osmId":1476893559,"kind":"pedestrian","highway":"footway","name":null,"access":null,"covered":false,"source":"© OpenStreetMap contributors (ODbL)","observedAt":"2026-09-22"},"geometry":{"type":"LineString","coordinates":[[139.7591806,35.6961062],[139.7592512,35.6961082],[139.7593193,35.6961099]]}},{"type":"Feature","properties":{"id":"osm-way-1476893562","osmId":1476893562,"kind":"pedestrian","highway":"footway","name":null,"access":null,"covered":false,"source":"© OpenStreetMap contributors (ODbL)","observedAt":"2026-09-22"},"geometry":{"type":"LineString","coordinates":[[139.7593193,35.6961099],[139.7597092,35.6961198]]}},{"type":"Feature","properties":{"id":"osm-way-1476893563","osmId":1476893563,"kind":"pedestrian","highway":"footway","name":null,"access":null,"covered":false,"source":"© OpenStreetMap contributors (ODbL)","observedAt":"2026-09-22"},"geometry":{"type":"LineString","coordinates":[[139.7597092,35.6961198],[139.759739,35.6961206],[139.7597757,35.6961215]]}},{"type":"Feature","properties":{"id":"osm-way-1476893564","osmId":1476893564,"kind":"pedestrian","highway":"footway","name":null,"access":null,"covered":false,"source":"© OpenStreetMap contributors (ODbL)","observedAt":"2026-09-22"},"geometry":{"type":"LineString","coordinates":[[139.759561,35.6958655],[139.7587993,35.6958479],[139.7583683,35.695838],[139.758343,35.6958364],[139.7582803,35.6957881]]}},{"type":"Feature","properties":{"id":"osm-way-1476893565","osmId":1476893565,"kind":"pedestrian","highway":"footway","name":null,"access":null,"covered":false,"source":"© OpenStreetMap contributors (ODbL)","observedAt":"2026-09-22"},"geometry":{"type":"LineString","coordinates":[[139.7596696,35.695868],[139.7596227,35.6958669],[139.759561,35.6958655]]}},{"type":"Feature","properties":{"id":"osm-way-175994166","osmId":175994166,"kind":"alley","highway":"service","name":null,"access":null,"covered":false,"source":"© OpenStreetMap contributors (ODbL)","observedAt":"2026-09-22"},"geometry":{"type":"LineString","coordinates":[[139.7571659,35.6966953],[139.7576094,35.6968547],[139.7577228,35.6968951]]}},{"type":"Feature","properties":{"id":"osm-way-175994167","osmId":175994167,"kind":"alley","highway":"service","name":null,"access":null,"covered":false,"source":"© OpenStreetMap contributors (ODbL)","observedAt":"2026-09-22"},"geometry":{"type":"LineString","coordinates":[[139.75903538920304,35.69800674043845],[139.759014,35.697998],[139.7588383,35.6979262],[139.7583495,35.6977365]]}},{"type":"Feature","properties":{"id":"osm-way-175994168","osmId":175994168,"kind":"alley","highway":"service","name":null,"access":null,"covered":false,"source":"© OpenStreetMap contributors (ODbL)","observedAt":"2026-09-22"},"geometry":{"type":"LineString","coordinates":[[139.7559271,35.697653],[139.7558842,35.6976368],[139.755334,35.6974265]]}},{"type":"Feature","properties":{"id":"osm-way-175994169","osmId":175994169,"kind":"alley","highway":"service","name":null,"access":null,"covered":false,"source":"© OpenStreetMap contributors (ODbL)","observedAt":"2026-09-22"},"geometry":{"type":"LineString","coordinates":[[139.7582105,35.6986577],[139.7579195,35.698968],[139.75790063476714,35.69898808672275]]}},{"type":"Feature","properties":{"id":"osm-way-175994170","osmId":175994170,"kind":"alley","highway":"service","name":null,"access":null,"covered":false,"source":"© OpenStreetMap contributors (ODbL)","observedAt":"2026-09-22"},"geometry":{"type":"LineString","coordinates":[[139.7570726,35.6968607],[139.7565044,35.6966382],[139.7564661,35.6966232]]}},{"type":"Feature","properties":{"id":"osm-way-175994174","osmId":175994174,"kind":"alley","highway":"service","name":null,"access":null,"covered":false,"source":"© OpenStreetMap contributors (ODbL)","observedAt":"2026-09-22"},"geometry":{"type":"LineString","coordinates":[[139.7583294,35.6977708],[139.757526,35.69748],[139.7574179,35.697442]]}},{"type":"Feature","properties":{"id":"osm-way-175994175","osmId":175994175,"kind":"alley","highway":"service","name":null,"access":null,"covered":false,"source":"© OpenStreetMap contributors (ODbL)","observedAt":"2026-09-22"},"geometry":{"type":"LineString","coordinates":[[139.7570096,35.6981796],[139.7568845,35.6981322],[139.7566475,35.6980397],[139.7564457,35.6979659],[139.7559128,35.6977814],[139.7558694,35.6977657]]}},{"type":"Feature","properties":{"id":"osm-way-175994176","osmId":175994176,"kind":"alley","highway":"service","name":null,"access":null,"covered":false,"source":"© OpenStreetMap contributors (ODbL)","observedAt":"2026-09-22"},"geometry":{"type":"LineString","coordinates":[[139.75843948531517,35.69874620044114],[139.7584097,35.6987347],[139.7582105,35.6986577],[139.7579884,35.6985719],[139.7578123,35.6985012]]}},{"type":"Feature","properties":{"id":"osm-way-175994177","osmId":175994177,"kind":"alley","highway":"service","name":null,"access":null,"covered":false,"source":"© OpenStreetMap contributors (ODbL)","observedAt":"2026-09-22"},"geometry":{"type":"LineString","coordinates":[[139.75644827700035,35.69840435204944],[139.7564511,35.6983996],[139.7564732,35.6983604],[139.7566475,35.6980397],[139.7568228,35.6977286],[139.7570408,35.6973503],[139.7571641,35.6971312]]}},{"type":"Feature","properties":{"id":"osm-way-184577945","osmId":184577945,"kind":"alley","highway":"service","name":null,"access":null,"covered":false,"source":"© OpenStreetMap contributors (ODbL)","observedAt":"2026-09-22"},"geometry":{"type":"LineString","coordinates":[[139.7580367,35.6962618],[139.7581584,35.6962651],[139.7587752,35.6962743]]}},{"type":"Feature","properties":{"id":"osm-way-186251728","osmId":186251728,"kind":"alley","highway":"service","name":null,"access":null,"covered":false,"source":"© OpenStreetMap contributors (ODbL)","observedAt":"2026-09-22"},"geometry":{"type":"LineString","coordinates":[[139.7593897,35.6970791],[139.759686,35.6966704],[139.7601512,35.6961312],[139.7601557,35.6960553]]}},{"type":"Feature","properties":{"id":"osm-way-231779268","osmId":231779268,"kind":"alley","highway":"service","name":null,"access":null,"covered":false,"source":"© OpenStreetMap contributors (ODbL)","observedAt":"2026-09-22"},"geometry":{"type":"LineString","coordinates":[[139.7568341,35.6972763],[139.7570408,35.6973503]]}},{"type":"Feature","properties":{"id":"osm-way-231779269","osmId":231779269,"kind":"alley","highway":"service","name":null,"access":null,"covered":false,"source":"© OpenStreetMap contributors (ODbL)","observedAt":"2026-09-22"},"geometry":{"type":"LineString","coordinates":[[139.7557256,35.6967771],[139.7551385,35.6965514],[139.7550309,35.6965102]]}},{"type":"Feature","properties":{"id":"osm-way-231779270","osmId":231779270,"kind":"alley","highway":"service","name":null,"access":null,"covered":false,"source":"© OpenStreetMap contributors (ODbL)","observedAt":"2026-09-22"},"geometry":{"type":"LineString","coordinates":[[139.7550539,35.697562],[139.7553149,35.6971474]]}},{"type":"Feature","properties":{"id":"osm-way-231779272","osmId":231779272,"kind":"alley","highway":"service","name":null,"access":null,"covered":false,"source":"© OpenStreetMap contributors (ODbL)","observedAt":"2026-09-22"},"geometry":{"type":"LineString","coordinates":[[139.7563467,35.69524],[139.7563488,35.695206],[139.7563697,35.6948644]]}},{"type":"Feature","properties":{"id":"osm-way-231779273","osmId":231779273,"kind":"alley","highway":"service","name":null,"access":null,"covered":false,"source":"© OpenStreetMap contributors (ODbL)","observedAt":"2026-09-22"},"geometry":{"type":"LineString","coordinates":[[139.75925796122934,35.697688188368964],[139.7592327,35.6976779],[139.7585342,35.6973991]]}},{"type":"Feature","properties":{"id":"osm-way-231779274","osmId":231779274,"kind":"alley","highway":"service","name":null,"access":null,"covered":false,"source":"© OpenStreetMap contributors (ODbL)","observedAt":"2026-09-22"},"geometry":{"type":"LineString","coordinates":[[139.7575149,35.6952866],[139.7575162,35.6952609],[139.757517,35.6952451],[139.7575346,35.6949076]]}},{"type":"Feature","properties":{"id":"osm-way-231779277","osmId":231779277,"kind":"alley","highway":"service","name":null,"access":null,"covered":false,"source":"© OpenStreetMap contributors (ODbL)","observedAt":"2026-09-22"},"geometry":{"type":"LineString","coordinates":[[139.7561404,35.6958493],[139.7561438,35.6957843],[139.7561591,35.6954929],[139.7561708,35.6952706],[139.7561727,35.695233]]}},{"type":"Feature","properties":{"id":"osm-way-231779278","osmId":231779278,"kind":"alley","highway":"service","name":null,"access":null,"covered":false,"source":"© OpenStreetMap contributors (ODbL)","observedAt":"2026-09-22"},"geometry":{"type":"LineString","coordinates":[[139.7545018,35.6964032],[139.7545224,35.6961785],[139.7550529,35.6962037],[139.7551959,35.6962162]]}},{"type":"Feature","properties":{"id":"osm-way-231779281","osmId":231779281,"kind":"alley","highway":"service","name":null,"access":null,"covered":false,"source":"© OpenStreetMap contributors (ODbL)","observedAt":"2026-09-22"},"geometry":{"type":"LineString","coordinates":[[139.7589516,35.6977318],[139.7588383,35.6979262],[139.7585596,35.6983841]]}},{"type":"Feature","properties":{"id":"osm-way-231779282","osmId":231779282,"kind":"alley","highway":"service","name":null,"access":null,"covered":false,"source":"© OpenStreetMap contributors (ODbL)","observedAt":"2026-09-22"},"geometry":{"type":"LineString","coordinates":[[139.7529161,35.6961124],[139.7529673,35.6961156],[139.753128,35.6961255]]}},{"type":"Feature","properties":{"id":"osm-way-231779283","osmId":231779283,"kind":"alley","highway":"service","name":null,"access":null,"covered":false,"source":"© OpenStreetMap contributors (ODbL)","observedAt":"2026-09-22"},"geometry":{"type":"LineString","coordinates":[[139.7552091,35.6976282],[139.7550539,35.697562],[139.754657,35.6973998],[139.7545642,35.6973619]]}},{"type":"Feature","properties":{"id":"osm-way-277549013","osmId":277549013,"kind":"alley","highway":"service","name":null,"access":null,"covered":false,"source":"© OpenStreetMap contributors (ODbL)","observedAt":"2026-09-22"},"geometry":{"type":"LineString","coordinates":[[139.7563796,35.6964626],[139.7563923,35.6960493],[139.7563919,35.6960265],[139.7563934,35.6959506]]}},{"type":"Feature","properties":{"id":"osm-way-277549015","osmId":277549015,"kind":"pedestrian","highway":"footway","name":null,"access":null,"covered":false,"source":"© OpenStreetMap contributors (ODbL)","observedAt":"2026-09-22"},"geometry":{"type":"LineString","coordinates":[[139.7571299,35.6964802],[139.7571315,35.6964503],[139.7571526,35.6960531],[139.7571523,35.6960437],[139.7571552,35.6959777]]}},{"type":"Feature","properties":{"id":"osm-way-327502895","osmId":327502895,"kind":"pedestrian","highway":"footway","name":null,"access":null,"covered":false,"source":"© OpenStreetMap contributors (ODbL)","observedAt":"2026-09-22"},"geometry":{"type":"LineString","coordinates":[[139.7556104,35.6957273],[139.7556274,35.6957496],[139.7556639,35.6957718],[139.7557108,35.6957735],[139.7558842,35.6957778],[139.7561438,35.6957843],[139.7570712,35.6958075],[139.7571014,35.6958082],[139.7571335,35.695809],[139.7576226,35.6958213],[139.757871,35.6958301],[139.7579151,35.6958286],[139.7579621,35.695806],[139.7580037,35.69577]]}},{"type":"Feature","properties":{"id":"osm-way-327502896","osmId":327502896,"kind":"pedestrian","highway":"footway","name":null,"access":null,"covered":false,"source":"© OpenStreetMap contributors (ODbL)","observedAt":"2026-09-22"},"geometry":{"type":"LineString","coordinates":[[139.7551918,35.6964549],[139.7551385,35.6965514],[139.7548994,35.6969842],[139.754657,35.6973998],[139.7546085,35.6974866],[139.7545846,35.6975294],[139.7545891,35.6975792],[139.7550545,35.6977703],[139.7551071,35.69779],[139.7551278,35.6977999],[139.7556654,35.6980219],[139.7556806,35.6980281]]}},{"type":"Feature","properties":{"id":"osm-way-327504833","osmId":327504833,"kind":"pedestrian","highway":"footway","name":null,"access":null,"covered":false,"source":"© OpenStreetMap contributors (ODbL)","observedAt":"2026-09-22"},"geometry":{"type":"LineString","coordinates":[[139.7570712,35.6958075],[139.7570817,35.6955096],[139.7570887,35.6953115]]}},{"type":"Feature","properties":{"id":"osm-way-327504834","osmId":327504834,"kind":"pedestrian","highway":"footway","name":null,"access":null,"covered":false,"source":"© OpenStreetMap contributors (ODbL)","observedAt":"2026-09-22"},"geometry":{"type":"LineString","coordinates":[[139.7571335,35.695809],[139.7571466,35.6955117],[139.7571553,35.6953132]]}},{"type":"Feature","properties":{"id":"osm-way-327519005","osmId":327519005,"kind":"pedestrian","highway":"footway","name":null,"access":null,"covered":false,"source":"© OpenStreetMap contributors (ODbL)","observedAt":"2026-09-22"},"geometry":{"type":"LineString","coordinates":[[139.7597757,35.6961215],[139.7601512,35.6961312],[139.7602732,35.6961343],[139.7603646,35.6961366],[139.7603871,35.6961554],[139.7603702,35.6961757],[139.760354,35.6961973],[139.7599262,35.6967044]]}},{"type":"Feature","properties":{"id":"osm-way-355080033","osmId":355080033,"kind":"alley","highway":"service","name":null,"access":null,"covered":false,"source":"© OpenStreetMap contributors (ODbL)","observedAt":"2026-09-22"},"geometry":{"type":"LineString","coordinates":[[139.7582029,35.6979909],[139.7574044,35.6976983],[139.7572995,35.6976612]]}},{"type":"Feature","properties":{"id":"osm-way-359927752","osmId":359927752,"kind":"pedestrian","highway":"footway","name":null,"access":null,"covered":false,"source":"© OpenStreetMap contributors (ODbL)","observedAt":"2026-09-22"},"geometry":{"type":"LineString","coordinates":[[139.7551289,35.6960592],[139.7552898,35.6960506],[139.7554207,35.6960405]]}},{"type":"Feature","properties":{"id":"osm-way-359927753","osmId":359927753,"kind":"pedestrian","highway":"footway","name":null,"access":null,"covered":false,"source":"© OpenStreetMap contributors (ODbL)","observedAt":"2026-09-22"},"geometry":{"type":"LineString","coordinates":[[139.7556104,35.6957273],[139.7554677,35.6957294],[139.7553045,35.6957339]]}},{"type":"Feature","properties":{"id":"osm-way-359927754","osmId":359927754,"kind":"pedestrian","highway":"footway","name":null,"access":null,"covered":false,"source":"© OpenStreetMap contributors (ODbL)","observedAt":"2026-09-22"},"geometry":{"type":"LineString","coordinates":[[139.7540017,35.6956853],[139.7538749,35.6956683],[139.753482,35.6956182],[139.7531648,35.695572],[139.7530901,35.6955435]]}},{"type":"Feature","properties":{"id":"osm-way-359930374","osmId":359930374,"kind":"pedestrian","highway":"footway","name":null,"access":null,"covered":false,"source":"© OpenStreetMap contributors (ODbL)","observedAt":"2026-09-22"},"geometry":{"type":"LineString","coordinates":[[139.7580037,35.69577],[139.7580412,35.6957724],[139.7581554,35.6957799],[139.7582533,35.6957863],[139.7582803,35.6957881]]}},{"type":"Feature","properties":{"id":"osm-way-359930375","osmId":359930375,"kind":"pedestrian","highway":"footway","name":null,"access":null,"covered":false,"source":"© OpenStreetMap contributors (ODbL)","observedAt":"2026-09-22"},"geometry":{"type":"LineString","coordinates":[[139.7555258,35.6960092],[139.7555711,35.6959343],[139.7556247,35.695841],[139.7556639,35.6957718]]}},{"type":"Feature","properties":{"id":"osm-way-359930376","osmId":359930376,"kind":"pedestrian","highway":"footway","name":null,"access":null,"covered":false,"source":"© OpenStreetMap contributors (ODbL)","observedAt":"2026-09-22"},"geometry":{"type":"LineString","coordinates":[[139.7531123,35.6958543],[139.7531178,35.6958255],[139.7531301,35.6957602],[139.7531521,35.6956269],[139.7531585,35.6955995],[139.7531648,35.695572]]}},{"type":"Feature","properties":{"id":"osm-way-359930377","osmId":359930377,"kind":"pedestrian","highway":"footway","name":null,"access":null,"covered":false,"source":"© OpenStreetMap contributors (ODbL)","observedAt":"2026-09-22"},"geometry":{"type":"LineString","coordinates":[[139.7583434,35.6960913],[139.7583459,35.6960659],[139.7583509,35.6960148],[139.7583612,35.6959099],[139.7583657,35.6958643],[139.7583683,35.695838]]}},{"type":"Feature","properties":{"id":"osm-way-359930378","osmId":359930378,"kind":"pedestrian","highway":"footway","name":null,"access":null,"covered":false,"source":"© OpenStreetMap contributors (ODbL)","observedAt":"2026-09-22"},"geometry":{"type":"LineString","coordinates":[[139.7611111,35.6945223],[139.76111,35.6945501],[139.7610917,35.6945689],[139.7610622,35.6945771]]}},{"type":"Feature","properties":{"id":"osm-way-359930379","osmId":359930379,"kind":"pedestrian","highway":"footway","name":null,"access":null,"covered":false,"source":"© OpenStreetMap contributors (ODbL)","observedAt":"2026-09-22"},"geometry":{"type":"LineString","coordinates":[[139.7538119,35.6959234],[139.7538177,35.6959003],[139.7538311,35.6958467],[139.753861,35.6957268],[139.7538704,35.6956872],[139.7538749,35.6956683]]}},{"type":"Feature","properties":{"id":"osm-way-359930380","osmId":359930380,"kind":"pedestrian","highway":"footway","name":null,"access":null,"covered":false,"source":"© OpenStreetMap contributors (ODbL)","observedAt":"2026-09-22"},"geometry":{"type":"LineString","coordinates":[[139.7579276,35.6961589],[139.7579508,35.6961603],[139.7580669,35.696167],[139.7581593,35.6961742],[139.7581867,35.6961764]]}},{"type":"Feature","properties":{"id":"osm-way-359930381","osmId":359930381,"kind":"pedestrian","highway":"footway","name":null,"access":null,"covered":false,"source":"© OpenStreetMap contributors (ODbL)","observedAt":"2026-09-22"},"geometry":{"type":"LineString","coordinates":[[139.7550854,35.6960144],[139.7551394,35.6959188],[139.7551865,35.6958281],[139.7552292,35.6957494]]}},{"type":"Feature","properties":{"id":"osm-way-359930382","osmId":359930382,"kind":"pedestrian","highway":"footway","name":null,"access":null,"covered":false,"source":"© OpenStreetMap contributors (ODbL)","observedAt":"2026-09-22"},"geometry":{"type":"LineString","coordinates":[[139.7578472,35.696061],[139.7578516,35.6960465],[139.7578645,35.6960045],[139.7578953,35.6958973],[139.7579095,35.6958479],[139.7579151,35.6958286]]}},{"type":"Feature","properties":{"id":"osm-way-369255835","osmId":369255835,"kind":"pedestrian","highway":"footway","name":null,"access":null,"covered":false,"source":"© OpenStreetMap contributors (ODbL)","observedAt":"2026-09-22"},"geometry":{"type":"LineString","coordinates":[[139.7577554,35.6961906],[139.7577923,35.69619],[139.7577882,35.6964247],[139.7579331,35.696428]]}},{"type":"Feature","properties":{"id":"osm-way-370317316","osmId":370317316,"kind":"pedestrian","highway":"footway","name":null,"access":null,"covered":false,"source":"© OpenStreetMap contributors (ODbL)","observedAt":"2026-09-22"},"geometry":{"type":"LineString","coordinates":[[139.758309,35.6956097],[139.7583495,35.6953984],[139.7583569,35.6953593],[139.7583646,35.6953193],[139.758378,35.6952562],[139.758417,35.6950722]]}},{"type":"Feature","properties":{"id":"osm-way-370317317","osmId":370317317,"kind":"pedestrian","highway":"footway","name":null,"access":null,"covered":false,"source":"© OpenStreetMap contributors (ODbL)","observedAt":"2026-09-22"},"geometry":{"type":"LineString","coordinates":[[139.7586823,35.6939405],[139.7588577,35.6939403],[139.7596828,35.6939392],[139.7604182,35.6939343],[139.7610172,35.6939261],[139.7610609,35.693924]]}},{"type":"Feature","properties":{"id":"osm-way-370317318","osmId":370317318,"kind":"pedestrian","highway":"footway","name":null,"access":null,"covered":false,"source":"© OpenStreetMap contributors (ODbL)","observedAt":"2026-09-22"},"geometry":{"type":"LineString","coordinates":[[139.7586823,35.6939405],[139.7586966,35.6938759],[139.75870521110267,35.69383391099933]]}},{"type":"Feature","properties":{"id":"osm-way-374399743","osmId":374399743,"kind":"alley","highway":"service","name":null,"access":null,"covered":false,"source":"© OpenStreetMap contributors (ODbL)","observedAt":"2026-09-22"},"geometry":{"type":"LineString","coordinates":[[139.7570408,35.6973503],[139.7572814,35.697441],[139.7573958,35.6974825]]}},{"type":"Feature","properties":{"id":"osm-way-437408911","osmId":437408911,"kind":"pedestrian","highway":"footway","name":null,"access":null,"covered":false,"source":"© OpenStreetMap contributors (ODbL)","observedAt":"2026-09-22"},"geometry":{"type":"LineString","coordinates":[[139.7578698,35.6963415],[139.7577501,35.6963287],[139.7577528,35.6962567]]}},{"type":"Feature","properties":{"id":"osm-way-437408914","osmId":437408914,"kind":"pedestrian","highway":"footway","name":null,"access":null,"covered":false,"source":"© OpenStreetMap contributors (ODbL)","observedAt":"2026-09-22"},"geometry":{"type":"LineString","coordinates":[[139.7565997,35.6964925],[139.7566134,35.6964681],[139.7566282,35.6964337]]}},{"type":"Feature","properties":{"id":"osm-way-437410678","osmId":437410678,"kind":"steps","highway":"steps","name":null,"access":null,"covered":false,"source":"© OpenStreetMap contributors (ODbL)","observedAt":"2026-09-22"},"geometry":{"type":"LineString","coordinates":[[139.7577528,35.6962567],[139.7577554,35.6961906]]}},{"type":"Feature","properties":{"id":"osm-way-449168986","osmId":449168986,"kind":"alley","highway":"service","name":null,"access":null,"covered":false,"source":"© OpenStreetMap contributors (ODbL)","observedAt":"2026-09-22"},"geometry":{"type":"LineString","coordinates":[[139.7561594,35.6972039],[139.7562051,35.6972207],[139.7567601,35.6974201]]}},{"type":"Feature","properties":{"id":"osm-way-464310161","osmId":464310161,"kind":"alley","highway":"service","name":null,"access":null,"covered":false,"source":"© OpenStreetMap contributors (ODbL)","observedAt":"2026-09-22"},"geometry":{"type":"LineString","coordinates":[[139.7604208,35.6938652],[139.7604182,35.6939343],[139.7604155,35.6940035]]}},{"type":"Feature","properties":{"id":"osm-way-464310162","osmId":464310162,"kind":"alley","highway":"service","name":null,"access":null,"covered":false,"source":"© OpenStreetMap contributors (ODbL)","observedAt":"2026-09-22"},"geometry":{"type":"LineString","coordinates":[[139.7600267,35.6939947],[139.7604155,35.6940035],[139.7607687,35.6940119]]}},{"type":"Feature","properties":{"id":"osm-way-464310163","osmId":464310163,"kind":"pedestrian","highway":"footway","name":null,"access":null,"covered":false,"source":"© OpenStreetMap contributors (ODbL)","observedAt":"2026-09-22"},"geometry":{"type":"LineString","coordinates":[[139.7611794,35.6953904],[139.7612003,35.6953782],[139.76126620829962,35.69533957560174]]}},{"type":"Feature","properties":{"id":"osm-way-464310167","osmId":464310167,"kind":"pedestrian","highway":"footway","name":null,"access":null,"covered":false,"source":"© OpenStreetMap contributors (ODbL)","observedAt":"2026-09-22"},"geometry":{"type":"LineString","coordinates":[[139.761109,35.6946702],[139.7611098,35.6946804]]}},{"type":"Feature","properties":{"id":"osm-way-464310168","osmId":464310168,"kind":"pedestrian","highway":"footway","name":null,"access":null,"covered":false,"source":"© OpenStreetMap contributors (ODbL)","observedAt":"2026-09-22"},"geometry":{"type":"LineString","coordinates":[[139.7611033,35.6945886],[139.7611057,35.6946258],[139.761109,35.6946702]]}},{"type":"Feature","properties":{"id":"osm-way-464310169","osmId":464310169,"kind":"pedestrian","highway":"footway","name":null,"access":null,"covered":false,"source":"© OpenStreetMap contributors (ODbL)","observedAt":"2026-09-22"},"geometry":{"type":"LineString","coordinates":[[139.7611098,35.6946804],[139.7611259,35.6946956],[139.7611374,35.6948688]]}},{"type":"Feature","properties":{"id":"osm-way-464310170","osmId":464310170,"kind":"pedestrian","highway":"footway","name":null,"access":null,"covered":false,"source":"© OpenStreetMap contributors (ODbL)","observedAt":"2026-09-22"},"geometry":{"type":"LineString","coordinates":[[139.7596979,35.6946627],[139.7597519,35.6946637],[139.7601904,35.6946715]]}},{"type":"Feature","properties":{"id":"osm-way-464310171","osmId":464310171,"kind":"pedestrian","highway":"footway","name":null,"access":null,"covered":false,"source":"© OpenStreetMap contributors (ODbL)","observedAt":"2026-09-22"},"geometry":{"type":"LineString","coordinates":[[139.7611374,35.6948688],[139.7611407,35.6949157],[139.7611434,35.6949514],[139.7611444,35.6949607]]}},{"type":"Feature","properties":{"id":"osm-way-464310172","osmId":464310172,"kind":"pedestrian","highway":"footway","name":null,"access":null,"covered":false,"source":"© OpenStreetMap contributors (ODbL)","observedAt":"2026-09-22"},"geometry":{"type":"LineString","coordinates":[[139.7611794,35.6953904],[139.76118,35.6954065],[139.7611676,35.6954301],[139.7611531,35.6954579],[139.761137,35.6954887],[139.7609857,35.695597],[139.7606344,35.6958485],[139.7605152,35.6958848],[139.7602817,35.6958822],[139.7601915,35.6958801],[139.7596696,35.695868]]}},{"type":"Feature","properties":{"id":"osm-way-464310173","osmId":464310173,"kind":"pedestrian","highway":"footway","name":null,"access":null,"covered":false,"source":"© OpenStreetMap contributors (ODbL)","observedAt":"2026-09-22"},"geometry":{"type":"LineString","coordinates":[[139.7607584,35.6949365],[139.7611434,35.6949514]]}},{"type":"Feature","properties":{"id":"osm-way-491316236","osmId":491316236,"kind":"pedestrian","highway":"footway","name":null,"access":null,"covered":false,"source":"© OpenStreetMap contributors (ODbL)","observedAt":"2026-09-22"},"geometry":{"type":"LineString","coordinates":[[139.7557298,35.6941279],[139.7556707,35.6947943],[139.7556586,35.6948051]]}},{"type":"Feature","properties":{"id":"osm-way-491316237","osmId":491316237,"kind":"pedestrian","highway":"footway","name":null,"access":null,"covered":false,"source":"© OpenStreetMap contributors (ODbL)","observedAt":"2026-09-22"},"geometry":{"type":"LineString","coordinates":[[139.75590508167593,35.69483993740058],[139.7559043,35.6948465],[139.7558719,35.69512]]}},{"type":"Feature","properties":{"id":"osm-way-491316238","osmId":491316238,"kind":"pedestrian","highway":"footway","name":null,"access":null,"covered":false,"source":"© OpenStreetMap contributors (ODbL)","observedAt":"2026-09-22"},"geometry":{"type":"LineString","coordinates":[[139.7581165,35.6952576],[139.7581313,35.6952297],[139.7582056,35.6949342],[139.75820723428274,35.69492461268794]]}},{"type":"Feature","properties":{"id":"osm-way-491316240","osmId":491316240,"kind":"pedestrian","highway":"footway","name":null,"access":null,"covered":false,"source":"© OpenStreetMap contributors (ODbL)","observedAt":"2026-09-22"},"geometry":{"type":"LineString","coordinates":[[139.7582803,35.6957881],[139.7583029,35.6956474],[139.758309,35.6956097]]}},{"type":"Feature","properties":{"id":"osm-way-491316241","osmId":491316241,"kind":"pedestrian","highway":"footway","name":null,"access":null,"covered":false,"source":"© OpenStreetMap contributors (ODbL)","observedAt":"2026-09-22"},"geometry":{"type":"LineString","coordinates":[[139.7611444,35.6949607],[139.7611602,35.695155],[139.7611794,35.6953904]]}},{"type":"Feature","properties":{"id":"osm-way-51770978","osmId":51770978,"kind":"alley","highway":"service","name":null,"access":null,"covered":false,"source":"© OpenStreetMap contributors (ODbL)","observedAt":"2026-09-22"},"geometry":{"type":"LineString","coordinates":[[139.76125013386016,35.69515897454668],[139.7611602,35.695155],[139.7607251,35.6951307],[139.7602471,35.6951101],[139.760211,35.6951085],[139.7596443,35.6950847]]}},{"type":"Feature","properties":{"id":"osm-way-538727233","osmId":538727233,"kind":"pedestrian","highway":"footway","name":null,"access":null,"covered":false,"source":"© OpenStreetMap contributors (ODbL)","observedAt":"2026-09-22"},"geometry":{"type":"LineString","coordinates":[[139.7610091,35.6956191],[139.7610454,35.6956535],[139.76106800513358,35.69567494859187]]}},{"type":"Feature","properties":{"id":"osm-way-538754170","osmId":538754170,"kind":"pedestrian","highway":"footway","name":null,"access":null,"covered":false,"source":"© OpenStreetMap contributors (ODbL)","observedAt":"2026-09-22"},"geometry":{"type":"LineString","coordinates":[[139.7603871,35.6961554],[139.76043212640224,35.69616502439348]]}},{"type":"Feature","properties":{"id":"osm-way-543306223","osmId":543306223,"kind":"pedestrian","highway":"footway","name":null,"access":null,"covered":false,"source":"© OpenStreetMap contributors (ODbL)","observedAt":"2026-09-22"},"geometry":{"type":"LineString","coordinates":[[139.7597802,35.696909],[139.7597976806832,35.69691739072793]]}},{"type":"Feature","properties":{"id":"osm-way-543306224","osmId":543306224,"kind":"pedestrian","highway":"footway","name":null,"access":null,"covered":false,"source":"© OpenStreetMap contributors (ODbL)","observedAt":"2026-09-22"},"geometry":{"type":"LineString","coordinates":[[139.759663,35.6970713],[139.75968044277153,35.69707937875733]]}},{"type":"Feature","properties":{"id":"osm-way-543306226","osmId":543306226,"kind":"pedestrian","highway":"footway","name":null,"access":null,"covered":false,"source":"© OpenStreetMap contributors (ODbL)","observedAt":"2026-09-22"},"geometry":{"type":"LineString","coordinates":[[139.7598857,35.6967629],[139.7597802,35.696909],[139.759663,35.6970713],[139.759639,35.6971045],[139.7595927,35.6971686],[139.7594084,35.6974237],[139.7593911,35.6974478]]}},{"type":"Feature","properties":{"id":"osm-way-543306227","osmId":543306227,"kind":"pedestrian","highway":"footway","name":null,"access":null,"covered":false,"source":"© OpenStreetMap contributors (ODbL)","observedAt":"2026-09-22"},"geometry":{"type":"LineString","coordinates":[[139.7599262,35.6967044],[139.7599108,35.6967266],[139.7598857,35.6967629]]}},{"type":"Feature","properties":{"id":"osm-way-543306849","osmId":543306849,"kind":"pedestrian","highway":"pedestrian","name":null,"access":null,"covered":false,"source":"© OpenStreetMap contributors (ODbL)","observedAt":"2026-09-22"},"geometry":{"type":"LineString","coordinates":[[139.7610819,35.6945217],[139.7610702,35.6945334],[139.7610484,35.6945554],[139.7606689,35.69455],[139.7606767,35.6943881],[139.7606796,35.6943289],[139.7608003,35.6943278],[139.7608499,35.6942918],[139.7609062,35.6942189],[139.760913,35.6941666],[139.7609009,35.6941263],[139.7608292,35.694126],[139.7608323,35.693958],[139.7610125,35.6939572],[139.7610305,35.6939709],[139.7610547,35.6939894],[139.7610819,35.6945217]]}},{"type":"Feature","properties":{"id":"osm-way-543421410","osmId":543421410,"kind":"pedestrian","highway":"footway","name":null,"access":null,"covered":false,"source":"© OpenStreetMap contributors (ODbL)","observedAt":"2026-09-22"},"geometry":{"type":"LineString","coordinates":[[139.7610917,35.6945689],[139.7611033,35.6945886]]}},{"type":"Feature","properties":{"id":"osm-way-543421411","osmId":543421411,"kind":"pedestrian","highway":"footway","name":null,"access":null,"covered":false,"source":"© OpenStreetMap contributors (ODbL)","observedAt":"2026-09-22"},"geometry":{"type":"LineString","coordinates":[[139.7610609,35.693924],[139.7610638,35.6939588],[139.7611111,35.6945223]]}},{"type":"Feature","properties":{"id":"osm-way-543421414","osmId":543421414,"kind":"pedestrian","highway":"footway","name":null,"access":null,"covered":false,"source":"© OpenStreetMap contributors (ODbL)","observedAt":"2026-09-22"},"geometry":{"type":"LineString","coordinates":[[139.7595847,35.6945294],[139.7595644,35.6945418],[139.75858,35.6945322],[139.7585527,35.694512]]}},{"type":"Feature","properties":{"id":"osm-way-553254783","osmId":553254783,"kind":"pedestrian","highway":"footway","name":null,"access":null,"covered":false,"source":"© OpenStreetMap contributors (ODbL)","observedAt":"2026-09-22"},"geometry":{"type":"LineString","coordinates":[[139.7609857,35.695597],[139.7610091,35.6956191]]}},{"type":"Feature","properties":{"id":"osm-way-574922234","osmId":574922234,"kind":"pedestrian","highway":"footway","name":null,"access":null,"covered":false,"source":"© OpenStreetMap contributors (ODbL)","observedAt":"2026-09-22"},"geometry":{"type":"LineString","coordinates":[[139.7602817,35.6958822],[139.7602806,35.6959152],[139.7602795,35.6959481],[139.7602758,35.6960571],[139.760274,35.6961118],[139.7602732,35.6961343]]}},{"type":"Feature","properties":{"id":"osm-way-587699360","osmId":587699360,"kind":"pedestrian","highway":"footway","name":null,"access":null,"covered":false,"source":"© OpenStreetMap contributors (ODbL)","observedAt":"2026-09-22"},"geometry":{"type":"LineString","coordinates":[[139.7594084,35.6974237],[139.75943242827668,35.69743448908309]]}},{"type":"Feature","properties":{"id":"osm-way-587699361","osmId":587699361,"kind":"pedestrian","highway":"footway","name":null,"access":null,"covered":false,"source":"© OpenStreetMap contributors (ODbL)","observedAt":"2026-09-22"},"geometry":{"type":"LineString","coordinates":[[139.7593254,35.6975421],[139.75935082659146,35.69755314925178]]}},{"type":"Feature","properties":{"id":"osm-way-587862241","osmId":587862241,"kind":"alley","highway":"service","name":null,"access":null,"covered":false,"source":"© OpenStreetMap contributors (ODbL)","observedAt":"2026-09-22"},"geometry":{"type":"LineString","coordinates":[[139.7579033,35.6973428],[139.7581009,35.6969818]]}},{"type":"Feature","properties":{"id":"osm-way-587862244","osmId":587862244,"kind":"alley","highway":"service","name":null,"access":null,"covered":false,"source":"© OpenStreetMap contributors (ODbL)","observedAt":"2026-09-22"},"geometry":{"type":"LineString","coordinates":[[139.7581613,35.6974363],[139.7583561,35.6970821]]}},{"type":"Feature","properties":{"id":"osm-way-587863514","osmId":587863514,"kind":"pedestrian","highway":"footway","name":null,"access":null,"covered":false,"source":"© OpenStreetMap contributors (ODbL)","observedAt":"2026-09-22"},"geometry":{"type":"LineString","coordinates":[[139.7572609,35.6979545],[139.7571566,35.697915],[139.7570394,35.6978746]]}},{"type":"Feature","properties":{"id":"osm-way-660716133","osmId":660716133,"kind":"pedestrian","highway":"footway","name":"駅交流回廊","access":null,"covered":false,"source":"© OpenStreetMap contributors (ODbL)","observedAt":"2026-09-22"},"geometry":{"type":"LineString","coordinates":[[139.758175,35.6959271],[139.7582219,35.6956884]]}},{"type":"Feature","properties":{"id":"osm-way-660718793","osmId":660718793,"kind":"pedestrian","highway":"footway","name":null,"access":null,"covered":false,"source":"© OpenStreetMap contributors (ODbL)","observedAt":"2026-09-22"},"geometry":{"type":"LineString","coordinates":[[139.7581575,35.695626],[139.7581465,35.6956803]]}},{"type":"Feature","properties":{"id":"osm-way-663160465","osmId":663160465,"kind":"pedestrian","highway":"footway","name":null,"access":null,"covered":false,"source":"© OpenStreetMap contributors (ODbL)","observedAt":"2026-09-22"},"geometry":{"type":"LineString","coordinates":[[139.7582055,35.6955498],[139.7581404,35.6955697],[139.7581258,35.6955797]]}},{"type":"Feature","properties":{"id":"osm-way-663160466","osmId":663160466,"kind":"steps","highway":"steps","name":null,"access":null,"covered":false,"source":"© OpenStreetMap contributors (ODbL)","observedAt":"2026-09-22"},"geometry":{"type":"LineString","coordinates":[[139.7582062,35.6955096],[139.7582109,35.6955328]]}},{"type":"Feature","properties":{"id":"osm-way-663160467","osmId":663160467,"kind":"pedestrian","highway":"footway","name":null,"access":null,"covered":false,"source":"© OpenStreetMap contributors (ODbL)","observedAt":"2026-09-22"},"geometry":{"type":"LineString","coordinates":[[139.7581619,35.6954486],[139.7582175,35.6954498],[139.7582191,35.6954498],[139.7582717,35.695462]]}},{"type":"Feature","properties":{"id":"osm-way-663160468","osmId":663160468,"kind":"pedestrian","highway":"footway","name":null,"access":null,"covered":false,"source":"© OpenStreetMap contributors (ODbL)","observedAt":"2026-09-22"},"geometry":{"type":"LineString","coordinates":[[139.7582191,35.6954498],[139.7582161,35.6954686],[139.7582283,35.6954698],[139.7582188,35.6955329],[139.7582109,35.6955328],[139.7582055,35.6955498],[139.7581957,35.6955941]]}},{"type":"Feature","properties":{"id":"osm-way-663160469","osmId":663160469,"kind":"pedestrian","highway":"footway","name":null,"access":null,"covered":false,"source":"© OpenStreetMap contributors (ODbL)","observedAt":"2026-09-22"},"geometry":{"type":"LineString","coordinates":[[139.7582611,35.695517],[139.7582062,35.6955096],[139.7581919,35.6955076],[139.7581513,35.6955021]]}},{"type":"Feature","properties":{"id":"osm-way-663168144","osmId":663168144,"kind":"pedestrian","highway":"footway","name":null,"access":null,"covered":false,"source":"© OpenStreetMap contributors (ODbL)","observedAt":"2026-09-22"},"geometry":{"type":"LineString","coordinates":[[139.7580963,35.6956002],[139.758091,35.6956341]]}},{"type":"Feature","properties":{"id":"osm-way-663168145","osmId":663168145,"kind":"steps","highway":"steps","name":null,"access":null,"covered":false,"source":"© OpenStreetMap contributors (ODbL)","observedAt":"2026-09-22"},"geometry":{"type":"LineString","coordinates":[[139.7580998,35.6955783],[139.7580963,35.6956002]]}},{"type":"Feature","properties":{"id":"osm-way-663168147","osmId":663168147,"kind":"pedestrian","highway":"footway","name":null,"access":null,"covered":false,"source":"© OpenStreetMap contributors (ODbL)","observedAt":"2026-09-22"},"geometry":{"type":"LineString","coordinates":[[139.7579792,35.6959909],[139.7579754,35.6960292],[139.7579714,35.6960694],[139.758029,35.696141],[139.7579331,35.696428]]}},{"type":"Feature","properties":{"id":"osm-way-663168148","osmId":663168148,"kind":"pedestrian","highway":"footway","name":null,"access":null,"covered":false,"source":"© OpenStreetMap contributors (ODbL)","observedAt":"2026-09-22"},"geometry":{"type":"LineString","coordinates":[[139.7581258,35.6955797],[139.7581112,35.6955789],[139.7580998,35.6955783]]}},{"type":"Feature","properties":{"id":"osm-way-663168149","osmId":663168149,"kind":"pedestrian","highway":"footway","name":null,"access":null,"covered":false,"source":"© OpenStreetMap contributors (ODbL)","observedAt":"2026-09-22"},"geometry":{"type":"LineString","coordinates":[[139.7581312,35.695678],[139.7581465,35.6956803],[139.7582219,35.6956884]]}},{"type":"Feature","properties":{"id":"osm-way-663168150","osmId":663168150,"kind":"pedestrian","highway":"footway","name":null,"access":null,"covered":false,"source":"© OpenStreetMap contributors (ODbL)","observedAt":"2026-09-22"},"geometry":{"type":"LineString","coordinates":[[139.7582267,35.6954289],[139.7582175,35.6954498],[139.7581919,35.6955076],[139.7581419,35.6956208],[139.7581312,35.695678]]}},{"type":"Feature","properties":{"id":"osm-way-663168151","osmId":663168151,"kind":"steps","highway":"steps","name":null,"access":null,"covered":false,"source":"© OpenStreetMap contributors (ODbL)","observedAt":"2026-09-22"},"geometry":{"type":"LineString","coordinates":[[139.758232,35.6953861],[139.7582267,35.6954289]]}},{"type":"Feature","properties":{"id":"osm-way-663168152","osmId":663168152,"kind":"pedestrian","highway":"footway","name":null,"access":null,"covered":false,"source":"© OpenStreetMap contributors (ODbL)","observedAt":"2026-09-22"},"geometry":{"type":"LineString","coordinates":[[139.7581762,35.6953805],[139.758232,35.6953861],[139.7582878,35.6953917]]}},{"type":"Feature","properties":{"id":"osm-way-663168153","osmId":663168153,"kind":"pedestrian","highway":"footway","name":null,"access":null,"covered":false,"source":"© OpenStreetMap contributors (ODbL)","observedAt":"2026-09-22"},"geometry":{"type":"LineString","coordinates":[[139.7572406,35.6958999],[139.7572484,35.6958542],[139.75723,35.6958529]]}},{"type":"Feature","properties":{"id":"osm-way-663168154","osmId":663168154,"kind":"pedestrian","highway":"footway","name":null,"access":null,"covered":false,"source":"© OpenStreetMap contributors (ODbL)","observedAt":"2026-09-22"},"geometry":{"type":"LineString","coordinates":[[139.7579331,35.696428],[139.7581222,35.6964354],[139.7581812,35.6962532],[139.7583991,35.696257],[139.7583992,35.6961209]]}},{"type":"Feature","properties":{"id":"osm-way-663168155","osmId":663168155,"kind":"pedestrian","highway":"footway","name":null,"access":null,"covered":false,"source":"© OpenStreetMap contributors (ODbL)","observedAt":"2026-09-22"},"geometry":{"type":"LineString","coordinates":[[139.7577652,35.696058],[139.7577636,35.6960888]]}},{"type":"Feature","properties":{"id":"osm-way-663168156","osmId":663168156,"kind":"pedestrian","highway":"footway","name":null,"access":null,"covered":false,"source":"© OpenStreetMap contributors (ODbL)","observedAt":"2026-09-22"},"geometry":{"type":"LineString","coordinates":[[139.7577923,35.69619],[139.7577957,35.6960884],[139.7577636,35.6960888]]}},{"type":"Feature","properties":{"id":"osm-way-663168157","osmId":663168157,"kind":"steps","highway":"steps","name":null,"access":null,"covered":false,"source":"© OpenStreetMap contributors (ODbL)","observedAt":"2026-09-22"},"geometry":{"type":"LineString","coordinates":[[139.75723,35.6958529],[139.7571496,35.69585]]}},{"type":"Feature","properties":{"id":"osm-way-663168158","osmId":663168158,"kind":"pedestrian","highway":"footway","name":null,"access":null,"covered":false,"source":"© OpenStreetMap contributors (ODbL)","observedAt":"2026-09-22"},"geometry":{"type":"LineString","coordinates":[[139.7572329,35.6959656],[139.7572292,35.6960092],[139.7571978,35.6960092]]}},{"type":"Feature","properties":{"id":"osm-way-663168159","osmId":663168159,"kind":"pedestrian","highway":"footway","name":null,"access":null,"covered":false,"source":"© OpenStreetMap contributors (ODbL)","observedAt":"2026-09-22"},"geometry":{"type":"LineString","coordinates":[[139.7571382,35.6960065],[139.7571019,35.6960055],[139.757104,35.6959673],[139.7571108,35.6958487],[139.7571496,35.69585]]}},{"type":"Feature","properties":{"id":"osm-way-663168160","osmId":663168160,"kind":"steps","highway":"steps","name":null,"access":null,"covered":false,"source":"© OpenStreetMap contributors (ODbL)","observedAt":"2026-09-22"},"geometry":{"type":"LineString","coordinates":[[139.7571978,35.6960092],[139.7571382,35.6960065]]}},{"type":"Feature","properties":{"id":"osm-way-663168161","osmId":663168161,"kind":"pedestrian","highway":"footway","name":null,"access":null,"covered":false,"source":"© OpenStreetMap contributors (ODbL)","observedAt":"2026-09-22"},"geometry":{"type":"LineString","coordinates":[[139.7558127,35.6960764],[139.7558417,35.6959668],[139.7569552,35.6959622],[139.7569937,35.6959635],[139.757104,35.6959673]]}},{"type":"Feature","properties":{"id":"osm-way-663168162","osmId":663168162,"kind":"pedestrian","highway":"footway","name":null,"access":null,"covered":false,"source":"© OpenStreetMap contributors (ODbL)","observedAt":"2026-09-22"},"geometry":{"type":"LineString","coordinates":[[139.7569597,35.6958553],[139.7569552,35.6959622]]}},{"type":"Feature","properties":{"id":"osm-way-663168163","osmId":663168163,"kind":"steps","highway":"steps","name":null,"access":null,"covered":false,"source":"© OpenStreetMap contributors (ODbL)","observedAt":"2026-09-22"},"geometry":{"type":"LineString","coordinates":[[139.7569169,35.6959035],[139.7569706,35.6959055]]}},{"type":"Feature","properties":{"id":"osm-way-663168164","osmId":663168164,"kind":"pedestrian","highway":"footway","name":null,"access":null,"covered":false,"source":"© OpenStreetMap contributors (ODbL)","observedAt":"2026-09-22"},"geometry":{"type":"LineString","coordinates":[[139.7569706,35.6959055],[139.7570565,35.6959079],[139.75706,35.6958576],[139.7570098,35.6958564],[139.7569597,35.6958553],[139.7559381,35.6958201],[139.7558832,35.6957408]]}},{"type":"Feature","properties":{"id":"osm-way-663168165","osmId":663168165,"kind":"pedestrian","highway":"footway","name":null,"access":null,"covered":false,"source":"© OpenStreetMap contributors (ODbL)","observedAt":"2026-09-22"},"geometry":{"type":"LineString","coordinates":[[139.7569443,35.6958821],[139.7569169,35.6959035],[139.756927,35.6959678]]}},{"type":"Feature","properties":{"id":"osm-way-663175999","osmId":663175999,"kind":"steps","highway":"steps","name":null,"access":null,"covered":false,"source":"© OpenStreetMap contributors (ODbL)","observedAt":"2026-09-22"},"geometry":{"type":"LineString","coordinates":[[139.7574863,35.69592],[139.757547,35.6959214]]}},{"type":"Feature","properties":{"id":"osm-way-663176000","osmId":663176000,"kind":"pedestrian","highway":"footway","name":null,"access":null,"covered":false,"source":"© OpenStreetMap contributors (ODbL)","observedAt":"2026-09-22"},"geometry":{"type":"LineString","coordinates":[[139.7579081,35.6959394],[139.7577701,35.6959323],[139.7575623,35.6959216],[139.757547,35.6959214]]}},{"type":"Feature","properties":{"id":"osm-way-663176001","osmId":663176001,"kind":"steps","highway":"steps","name":null,"access":null,"covered":false,"source":"© OpenStreetMap contributors (ODbL)","observedAt":"2026-09-22"},"geometry":{"type":"LineString","coordinates":[[139.7574055,35.6959174],[139.7574576,35.6959194]]}},{"type":"Feature","properties":{"id":"osm-way-663176002","osmId":663176002,"kind":"pedestrian","highway":"footway","name":null,"access":null,"covered":false,"source":"© OpenStreetMap contributors (ODbL)","observedAt":"2026-09-22"},"geometry":{"type":"LineString","coordinates":[[139.7574055,35.6959174],[139.7574051,35.695946]]}},{"type":"Feature","properties":{"id":"osm-way-663176003","osmId":663176003,"kind":"pedestrian","highway":"footway","name":null,"access":null,"covered":false,"source":"© OpenStreetMap contributors (ODbL)","observedAt":"2026-09-22"},"geometry":{"type":"LineString","coordinates":[[139.7575623,35.6959216],[139.757549,35.6959323],[139.7574578,35.6959289],[139.7574576,35.6959194]]}},{"type":"Feature","properties":{"id":"osm-way-663176004","osmId":663176004,"kind":"steps","highway":"steps","name":null,"access":null,"covered":false,"source":"© OpenStreetMap contributors (ODbL)","observedAt":"2026-09-22"},"geometry":{"type":"LineString","coordinates":[[139.7579754,35.6960292],[139.7579064,35.6960261]]}},{"type":"Feature","properties":{"id":"osm-way-663176005","osmId":663176005,"kind":"pedestrian","highway":"footway","name":"駅交流回廊","access":null,"covered":false,"source":"© OpenStreetMap contributors (ODbL)","observedAt":"2026-09-22"},"geometry":{"type":"LineString","coordinates":[[139.7579064,35.6960261],[139.757895,35.6960256],[139.7579081,35.6959394],[139.7579302,35.6957943]]}},{"type":"Feature","properties":{"id":"osm-way-663176006","osmId":663176006,"kind":"steps","highway":"steps","name":null,"access":null,"covered":false,"source":"© OpenStreetMap contributors (ODbL)","observedAt":"2026-09-22"},"geometry":{"type":"LineString","coordinates":[[139.7579302,35.6957943],[139.7580028,35.6957523]]}},{"type":"Feature","properties":{"id":"osm-way-663176007","osmId":663176007,"kind":"pedestrian","highway":"footway","name":null,"access":null,"covered":false,"source":"© OpenStreetMap contributors (ODbL)","observedAt":"2026-09-22"},"geometry":{"type":"LineString","coordinates":[[139.7580028,35.6957523],[139.7581312,35.695678]]}},{"type":"Feature","properties":{"id":"osm-way-666664192","osmId":666664192,"kind":"pedestrian","highway":"footway","name":null,"access":null,"covered":false,"source":"© OpenStreetMap contributors (ODbL)","observedAt":"2026-09-22"},"geometry":{"type":"LineString","coordinates":[[139.75666937086947,35.69849463437527],[139.756672,35.6984899],[139.756703,35.6984425]]}},{"type":"Feature","properties":{"id":"osm-way-666664193","osmId":666664193,"kind":"pedestrian","highway":"footway","name":null,"access":null,"covered":false,"source":"© OpenStreetMap contributors (ODbL)","observedAt":"2026-09-22"},"geometry":{"type":"LineString","coordinates":[[139.75690644773888,35.69859173515043],[139.7569067,35.6985913],[139.7569321,35.6985479]]}},{"type":"Feature","properties":{"id":"osm-way-666664194","osmId":666664194,"kind":"pedestrian","highway":"footway","name":null,"access":null,"covered":false,"source":"© OpenStreetMap contributors (ODbL)","observedAt":"2026-09-22"},"geometry":{"type":"LineString","coordinates":[[139.756703,35.6984425],[139.7567405,35.698401],[139.7568845,35.6981322]]}},{"type":"Feature","properties":{"id":"osm-way-666664195","osmId":666664195,"kind":"pedestrian","highway":"footway","name":null,"access":null,"covered":false,"source":"© OpenStreetMap contributors (ODbL)","observedAt":"2026-09-22"},"geometry":{"type":"LineString","coordinates":[[139.7567405,35.698401],[139.7568544,35.6984474],[139.7569519,35.6984838]]}},{"type":"Feature","properties":{"id":"osm-way-666664196","osmId":666664196,"kind":"pedestrian","highway":"footway","name":null,"access":null,"covered":false,"source":"© OpenStreetMap contributors (ODbL)","observedAt":"2026-09-22"},"geometry":{"type":"LineString","coordinates":[[139.7545891,35.6975792],[139.7545685,35.697619],[139.75456489906037,35.69762460865776]]}},{"type":"Feature","properties":{"id":"osm-way-670106636","osmId":670106636,"kind":"pedestrian","highway":"footway","name":null,"access":null,"covered":false,"source":"© OpenStreetMap contributors (ODbL)","observedAt":"2026-09-22"},"geometry":{"type":"LineString","coordinates":[[139.7557298,35.6941279],[139.7557154,35.6941025],[139.7556237,35.6940904],[139.7553592,35.6941476],[139.7543992,35.6943756],[139.7542417,35.6944146],[139.7540104,35.6944993],[139.7538257,35.694614],[139.7536924,35.6947279]]}},{"type":"Feature","properties":{"id":"osm-way-670106637","osmId":670106637,"kind":"pedestrian","highway":"footway","name":null,"access":null,"covered":false,"source":"© OpenStreetMap contributors (ODbL)","observedAt":"2026-09-22"},"geometry":{"type":"LineString","coordinates":[[139.7557298,35.6941279],[139.75582297544605,35.694142718600574]]}},{"type":"Feature","properties":{"id":"osm-way-670243149","osmId":670243149,"kind":"pedestrian","highway":"footway","name":null,"access":null,"covered":false,"source":"© OpenStreetMap contributors (ODbL)","observedAt":"2026-09-22"},"geometry":{"type":"LineString","coordinates":[[139.7531123,35.6958543],[139.7538119,35.6959234],[139.7539119,35.6959333],[139.7550854,35.6960144],[139.7551289,35.6960592],[139.7550529,35.6962037],[139.7549364,35.6964251],[139.754838,35.6966057],[139.7544006,35.6974084],[139.7543759,35.69745],[139.7543089,35.6974675]]}},{"type":"Feature","properties":{"id":"osm-way-670243150","osmId":670243150,"kind":"pedestrian","highway":"footway","name":null,"access":null,"covered":false,"source":"© OpenStreetMap contributors (ODbL)","observedAt":"2026-09-22"},"geometry":{"type":"LineString","coordinates":[[139.752881,35.6958255],[139.7529617,35.6958358],[139.7530482,35.6958473]]}},{"type":"Feature","properties":{"id":"osm-way-670243152","osmId":670243152,"kind":"pedestrian","highway":"footway","name":null,"access":null,"covered":false,"source":"© OpenStreetMap contributors (ODbL)","observedAt":"2026-09-22"},"geometry":{"type":"LineString","coordinates":[[139.7528712,35.6968771],[139.7528655,35.69691],[139.75286537090494,35.69691075470956]]}},{"type":"Feature","properties":{"id":"osm-way-670243173","osmId":670243173,"kind":"pedestrian","highway":"footway","name":null,"access":null,"covered":false,"source":"© OpenStreetMap contributors (ODbL)","observedAt":"2026-09-22"},"geometry":{"type":"LineString","coordinates":[[139.75575056522715,35.69812285182277],[139.7557586,35.6981091],[139.7557796,35.6980695]]}},{"type":"Feature","properties":{"id":"osm-way-670243174","osmId":670243174,"kind":"pedestrian","highway":"footway","name":null,"access":null,"covered":false,"source":"© OpenStreetMap contributors (ODbL)","observedAt":"2026-09-22"},"geometry":{"type":"LineString","coordinates":[[139.7556806,35.6980281],[139.7557253,35.6980466],[139.7557796,35.6980695]]}},{"type":"Feature","properties":{"id":"osm-way-670243175","osmId":670243175,"kind":"pedestrian","highway":"footway","name":null,"access":null,"covered":false,"source":"© OpenStreetMap contributors (ODbL)","observedAt":"2026-09-22"},"geometry":{"type":"LineString","coordinates":[[139.7557796,35.6980695],[139.7557805,35.6980385],[139.7559128,35.6977814],[139.7560873,35.69745]]}},{"type":"Feature","properties":{"id":"osm-way-670243176","osmId":670243176,"kind":"pedestrian","highway":"footway","name":null,"access":null,"covered":false,"source":"© OpenStreetMap contributors (ODbL)","observedAt":"2026-09-22"},"geometry":{"type":"LineString","coordinates":[[139.7559959,35.6974167],[139.7558842,35.6976368],[139.7556806,35.6980281]]}},{"type":"Feature","properties":{"id":"osm-way-670243177","osmId":670243177,"kind":"pedestrian","highway":"footway","name":null,"access":null,"covered":false,"source":"© OpenStreetMap contributors (ODbL)","observedAt":"2026-09-22"},"geometry":{"type":"LineString","coordinates":[[139.7544006,35.6974084],[139.7545141,35.6974517],[139.7546085,35.6974866]]}},{"type":"Feature","properties":{"id":"osm-way-670243178","osmId":670243178,"kind":"pedestrian","highway":"footway","name":null,"access":null,"covered":false,"source":"© OpenStreetMap contributors (ODbL)","observedAt":"2026-09-22"},"geometry":{"type":"LineString","coordinates":[[139.75426760392799,35.69749911437161],[139.7542693,35.6974951],[139.7542841,35.6974604]]}},{"type":"Feature","properties":{"id":"osm-way-670243185","osmId":670243185,"kind":"pedestrian","highway":"footway","name":null,"access":null,"covered":false,"source":"© OpenStreetMap contributors (ODbL)","observedAt":"2026-09-22"},"geometry":{"type":"LineString","coordinates":[[139.7550960037823,35.69784903098665],[139.7551019,35.6978402],[139.7551278,35.6977999]]}},{"type":"Feature","properties":{"id":"osm-way-670243186","osmId":670243186,"kind":"pedestrian","highway":"footway","name":null,"access":null,"covered":false,"source":"© OpenStreetMap contributors (ODbL)","observedAt":"2026-09-22"},"geometry":{"type":"LineString","coordinates":[[139.75502316953728,35.69781825432394],[139.7550284,35.69781],[139.7550545,35.6977703]]}},{"type":"Feature","properties":{"id":"osm-way-670243188","osmId":670243188,"kind":"pedestrian","highway":"footway","name":null,"access":null,"covered":false,"source":"© OpenStreetMap contributors (ODbL)","observedAt":"2026-09-22"},"geometry":{"type":"LineString","coordinates":[[139.7556357074014,35.69807708684476],[139.755644,35.6980617],[139.7556654,35.6980219]]}},{"type":"Feature","properties":{"id":"osm-way-670245168","osmId":670245168,"kind":"pedestrian","highway":"footway","name":null,"access":null,"covered":false,"source":"© OpenStreetMap contributors (ODbL)","observedAt":"2026-09-22"},"geometry":{"type":"LineString","coordinates":[[139.7557796,35.6980695],[139.7557993,35.6980864],[139.7562664,35.6982811],[139.7564732,35.6983604],[139.756679,35.6984451],[139.756703,35.6984425]]}},{"type":"Feature","properties":{"id":"osm-way-670245177","osmId":670245177,"kind":"pedestrian","highway":"footway","name":null,"access":null,"covered":false,"source":"© OpenStreetMap contributors (ODbL)","observedAt":"2026-09-22"},"geometry":{"type":"LineString","coordinates":[[139.7575867,35.6988225],[139.7576103,35.6988328],[139.7579195,35.698968],[139.7581078,35.6990484],[139.7581334,35.6990303],[139.7581408,35.6990235],[139.7584097,35.6987347],[139.7584456,35.6986957],[139.7586581,35.6984767],[139.7586912,35.6984438]]}},{"type":"Feature","properties":{"id":"osm-way-670245179","osmId":670245179,"kind":"pedestrian","highway":"footway","name":null,"access":null,"covered":false,"source":"© OpenStreetMap contributors (ODbL)","observedAt":"2026-09-22"},"geometry":{"type":"LineString","coordinates":[[139.7581408,35.6990235],[139.75815708164572,35.699033423787455]]}},{"type":"Feature","properties":{"id":"osm-way-670245180","osmId":670245180,"kind":"pedestrian","highway":"footway","name":null,"access":null,"covered":false,"source":"© OpenStreetMap contributors (ODbL)","observedAt":"2026-09-22"},"geometry":{"type":"LineString","coordinates":[[139.7581078,35.6990484],[139.7580955086135,35.69906297274232]]}},{"type":"Feature","properties":{"id":"osm-way-671244403","osmId":671244403,"kind":"pedestrian","highway":"footway","name":null,"access":null,"covered":false,"source":"© OpenStreetMap contributors (ODbL)","observedAt":"2026-09-22"},"geometry":{"type":"LineString","coordinates":[[139.76101406937605,35.693819556364915],[139.761016,35.6938606],[139.7610172,35.6939261]]}},{"type":"Feature","properties":{"id":"osm-way-671244404","osmId":671244404,"kind":"pedestrian","highway":"footway","name":null,"access":null,"covered":false,"source":"© OpenStreetMap contributors (ODbL)","observedAt":"2026-09-22"},"geometry":{"type":"LineString","coordinates":[[139.7610609,35.693924],[139.7611317071461,35.69391987741846]]}},{"type":"Feature","properties":{"id":"osm-way-687166450","osmId":687166450,"kind":"pedestrian","highway":"footway","name":null,"access":null,"covered":false,"source":"© OpenStreetMap contributors (ODbL)","observedAt":"2026-09-22"},"geometry":{"type":"LineString","coordinates":[[139.7595833,35.6954022],[139.7596355,35.6954036],[139.759682,35.695405]]}},{"type":"Feature","properties":{"id":"osm-way-687166451","osmId":687166451,"kind":"pedestrian","highway":"footway","name":null,"access":null,"covered":false,"source":"© OpenStreetMap contributors (ODbL)","observedAt":"2026-09-22"},"geometry":{"type":"LineString","coordinates":[[139.759682,35.695405],[139.7601667,35.6954135]]}},{"type":"Feature","properties":{"id":"osm-way-687166452","osmId":687166452,"kind":"pedestrian","highway":"footway","name":null,"access":null,"covered":false,"source":"© OpenStreetMap contributors (ODbL)","observedAt":"2026-09-22"},"geometry":{"type":"LineString","coordinates":[[139.7601667,35.6954135],[139.7602033,35.6954128],[139.7602446,35.695412]]}},{"type":"Feature","properties":{"id":"osm-way-687166453","osmId":687166453,"kind":"pedestrian","highway":"footway","name":null,"access":null,"covered":false,"source":"© OpenStreetMap contributors (ODbL)","observedAt":"2026-09-22"},"geometry":{"type":"LineString","coordinates":[[139.7602446,35.695412],[139.7611531,35.6954579]]}},{"type":"Feature","properties":{"id":"osm-way-687166454","osmId":687166454,"kind":"pedestrian","highway":"footway","name":null,"access":null,"covered":false,"source":"© OpenStreetMap contributors (ODbL)","observedAt":"2026-09-22"},"geometry":{"type":"LineString","coordinates":[[139.7595833,35.6954022],[139.7593167,35.6953932],[139.7588164,35.6953755],[139.7583569,35.6953593]]}},{"type":"Feature","properties":{"id":"osm-way-687166455","osmId":687166455,"kind":"pedestrian","highway":"footway","name":null,"access":null,"covered":false,"source":"© OpenStreetMap contributors (ODbL)","observedAt":"2026-09-22"},"geometry":{"type":"LineString","coordinates":[[139.7580976,35.6953821],[139.7582292,35.6953906],[139.7583495,35.6953984]]}},{"type":"Feature","properties":{"id":"osm-way-687166457","osmId":687166457,"kind":"pedestrian","highway":"footway","name":null,"access":null,"covered":false,"source":"© OpenStreetMap contributors (ODbL)","observedAt":"2026-09-22"},"geometry":{"type":"LineString","coordinates":[[139.7581313,35.6952297],[139.7582576,35.6952433],[139.758378,35.6952562]]}},{"type":"Feature","properties":{"id":"osm-way-687166459","osmId":687166459,"kind":"pedestrian","highway":"footway","name":null,"access":null,"covered":false,"source":"© OpenStreetMap contributors (ODbL)","observedAt":"2026-09-22"},"geometry":{"type":"LineString","coordinates":[[139.75851977091062,35.693920907202795],[139.7585412,35.6939239],[139.7586823,35.6939405]]}},{"type":"Feature","properties":{"id":"osm-way-687166467","osmId":687166467,"kind":"pedestrian","highway":"footway","name":null,"access":null,"covered":false,"source":"© OpenStreetMap contributors (ODbL)","observedAt":"2026-09-22"},"geometry":{"type":"LineString","coordinates":[[139.7555527,35.6952828],[139.7557014,35.6952769],[139.7558304,35.6952717]]}},{"type":"Feature","properties":{"id":"osm-way-687183120","osmId":687183120,"kind":"pedestrian","highway":"footway","name":null,"access":null,"covered":false,"source":"© OpenStreetMap contributors (ODbL)","observedAt":"2026-09-22"},"geometry":{"type":"LineString","coordinates":[[139.7571581,35.6952264],[139.7571744,35.6952324],[139.7571938,35.6952342],[139.757517,35.6952451],[139.7580834,35.695264],[139.7581165,35.6952576]]}},{"type":"Feature","properties":{"id":"osm-way-687183702","osmId":687183702,"kind":"pedestrian","highway":"footway","name":null,"access":null,"covered":false,"source":"© OpenStreetMap contributors (ODbL)","observedAt":"2026-09-22"},"geometry":{"type":"LineString","coordinates":[[139.7571014,35.6977636],[139.7572174,35.6978072],[139.7573215,35.6978463]]}},{"type":"Feature","properties":{"id":"osm-way-707139646","osmId":707139646,"kind":"pedestrian","highway":"footway","name":null,"access":null,"covered":false,"source":"© OpenStreetMap contributors (ODbL)","observedAt":"2026-09-22"},"geometry":{"type":"LineString","coordinates":[[139.7557154,35.6941025],[139.7557156,35.6940147],[139.7557165,35.6939284]]}},{"type":"Feature","properties":{"id":"osm-way-707139647","osmId":707139647,"kind":"pedestrian","highway":"footway","name":null,"access":null,"covered":false,"source":"© OpenStreetMap contributors (ODbL)","observedAt":"2026-09-22"},"geometry":{"type":"LineString","coordinates":[[139.7557165,35.6939284],[139.7558505,35.6937881],[139.7559696,35.6934753]]}},{"type":"Feature","properties":{"id":"osm-way-707139648","osmId":707139648,"kind":"pedestrian","highway":"footway","name":null,"access":null,"covered":false,"source":"© OpenStreetMap contributors (ODbL)","observedAt":"2026-09-22"},"geometry":{"type":"LineString","coordinates":[[139.7556586,35.6948051],[139.7556552,35.6948358],[139.7556512,35.6948679]]}},{"type":"Feature","properties":{"id":"osm-way-707139649","osmId":707139649,"kind":"pedestrian","highway":"footway","name":null,"access":null,"covered":false,"source":"© OpenStreetMap contributors (ODbL)","observedAt":"2026-09-22"},"geometry":{"type":"LineString","coordinates":[[139.7556512,35.6948679],[139.7556251,35.6951592],[139.7555987,35.6951803]]}},{"type":"Feature","properties":{"id":"osm-way-707139650","osmId":707139650,"kind":"pedestrian","highway":"footway","name":null,"access":null,"covered":false,"source":"© OpenStreetMap contributors (ODbL)","observedAt":"2026-09-22"},"geometry":{"type":"LineString","coordinates":[[139.7555592,35.6952703],[139.7555527,35.6952828],[139.755444,35.6954714],[139.7553885,35.6955759]]}},{"type":"Feature","properties":{"id":"osm-way-707139651","osmId":707139651,"kind":"pedestrian","highway":"footway","name":null,"access":null,"covered":false,"source":"© OpenStreetMap contributors (ODbL)","observedAt":"2026-09-22"},"geometry":{"type":"LineString","coordinates":[[139.7555987,35.6951803],[139.7555923,35.6952106],[139.7555592,35.6952703]]}},{"type":"Feature","properties":{"id":"osm-way-707139652","osmId":707139652,"kind":"pedestrian","highway":"footway","name":null,"access":null,"covered":false,"source":"© OpenStreetMap contributors (ODbL)","observedAt":"2026-09-22"},"geometry":{"type":"LineString","coordinates":[[139.7558757,35.6951871],[139.7558654,35.6952208],[139.7558534,35.6952602]]}},{"type":"Feature","properties":{"id":"osm-way-707139653","osmId":707139653,"kind":"pedestrian","highway":"footway","name":null,"access":null,"covered":false,"source":"© OpenStreetMap contributors (ODbL)","observedAt":"2026-09-22"},"geometry":{"type":"LineString","coordinates":[[139.7570887,35.6953115],[139.7570458,35.6952992],[139.7561708,35.6952706],[139.7558534,35.6952602],[139.7558304,35.6952717],[139.755816,35.6952986]]}},{"type":"Feature","properties":{"id":"osm-way-707139654","osmId":707139654,"kind":"pedestrian","highway":"footway","name":null,"access":null,"covered":false,"source":"© OpenStreetMap contributors (ODbL)","observedAt":"2026-09-22"},"geometry":{"type":"LineString","coordinates":[[139.7556251,35.6951592],[139.7557386,35.695164],[139.7558661,35.6951692]]}},{"type":"Feature","properties":{"id":"osm-way-727494021","osmId":727494021,"kind":"pedestrian","highway":"footway","name":null,"access":null,"covered":false,"source":"© OpenStreetMap contributors (ODbL)","observedAt":"2026-09-22"},"geometry":{"type":"LineString","coordinates":[[139.7581011,35.6953344],[139.7576397,35.695319],[139.7571905,35.6953039],[139.7571553,35.6953132]]}},{"type":"Feature","properties":{"id":"osm-way-727494022","osmId":727494022,"kind":"pedestrian","highway":"footway","name":null,"access":null,"covered":false,"source":"© OpenStreetMap contributors (ODbL)","observedAt":"2026-09-22"},"geometry":{"type":"LineString","coordinates":[[139.7581011,35.6953344],[139.7581057,35.6953082],[139.7581165,35.6952576]]}},{"type":"Feature","properties":{"id":"osm-way-727494023","osmId":727494023,"kind":"pedestrian","highway":"footway","name":null,"access":null,"covered":false,"source":"© OpenStreetMap contributors (ODbL)","observedAt":"2026-09-22"},"geometry":{"type":"LineString","coordinates":[[139.7580037,35.69577],[139.7580237,35.695732],[139.7580432,35.6956395],[139.7580976,35.6953821],[139.7581036,35.6953534],[139.7581011,35.6953344]]}},{"type":"Feature","properties":{"id":"osm-way-728105061","osmId":728105061,"kind":"pedestrian","highway":"footway","name":null,"access":null,"covered":false,"source":"© OpenStreetMap contributors (ODbL)","observedAt":"2026-09-22"},"geometry":{"type":"LineString","coordinates":[[139.757878,35.6968567],[139.7580081,35.6966268],[139.7580531,35.6965358]]}},{"type":"Feature","properties":{"id":"osm-way-728105062","osmId":728105062,"kind":"pedestrian","highway":"footway","name":null,"access":null,"covered":false,"source":"© OpenStreetMap contributors (ODbL)","observedAt":"2026-09-22"},"geometry":{"type":"LineString","coordinates":[[139.7578454,35.6969144],[139.7578606,35.6968873],[139.757878,35.6968567]]}},{"type":"Feature","properties":{"id":"osm-way-728105064","osmId":728105064,"kind":"pedestrian","highway":"footway","name":null,"access":null,"covered":false,"source":"© OpenStreetMap contributors (ODbL)","observedAt":"2026-09-22"},"geometry":{"type":"LineString","coordinates":[[139.7577913,35.6965304],[139.7578068,35.696496],[139.757823,35.6964739]]}},{"type":"Feature","properties":{"id":"osm-way-728105065","osmId":728105065,"kind":"pedestrian","highway":"footway","name":null,"access":null,"covered":false,"source":"© OpenStreetMap contributors (ODbL)","observedAt":"2026-09-22"},"geometry":{"type":"LineString","coordinates":[[139.7568845,35.6981322],[139.7570394,35.6978746],[139.757066,35.6978254],[139.7571014,35.6977636],[139.7572814,35.697441],[139.7574056,35.6972179],[139.7576094,35.6968547],[139.7577913,35.6965304]]}},{"type":"Feature","properties":{"id":"osm-way-728105067","osmId":728105067,"kind":"pedestrian","highway":"footway","name":null,"access":null,"covered":false,"source":"© OpenStreetMap contributors (ODbL)","observedAt":"2026-09-22"},"geometry":{"type":"LineString","coordinates":[[139.7580531,35.6965358],[139.7580729,35.6964957],[139.7580871,35.696467]]}},{"type":"Feature","properties":{"id":"osm-way-728105068","osmId":728105068,"kind":"pedestrian","highway":"footway","name":null,"access":null,"covered":false,"source":"© OpenStreetMap contributors (ODbL)","observedAt":"2026-09-22"},"geometry":{"type":"LineString","coordinates":[[139.7569321,35.6985479],[139.75694,35.6985027],[139.7569519,35.6984838],[139.757027,35.6983602],[139.7570989,35.6982437],[139.7571873,35.6980835],[139.7572609,35.6979545],[139.7572872,35.6979071],[139.7573215,35.6978463],[139.7574044,35.6976983],[139.757526,35.69748],[139.7576549,35.6972528],[139.7578454,35.6969144]]}},{"type":"Feature","properties":{"id":"osm-way-736545482","osmId":736545482,"kind":"pedestrian","highway":"footway","name":null,"access":null,"covered":false,"source":"© OpenStreetMap contributors (ODbL)","observedAt":"2026-09-22"},"geometry":{"type":"LineString","coordinates":[[139.7593472,35.6975102],[139.7593254,35.6975421],[139.7592327,35.6976779],[139.7591446,35.6978068],[139.759014,35.697998],[139.7586912,35.6984438]]}},{"type":"Feature","properties":{"id":"osm-way-736545483","osmId":736545483,"kind":"pedestrian","highway":"footway","name":null,"access":null,"covered":false,"source":"© OpenStreetMap contributors (ODbL)","observedAt":"2026-09-22"},"geometry":{"type":"LineString","coordinates":[[139.7593911,35.6974478],[139.759368,35.6974799],[139.7593472,35.6975102]]}},{"type":"Feature","properties":{"id":"osm-way-774995042","osmId":774995042,"kind":"pedestrian","highway":"footway","name":null,"access":"permissive","covered":false,"source":"© OpenStreetMap contributors (ODbL)","observedAt":"2026-09-22"},"geometry":{"type":"LineString","coordinates":[[139.7593169,35.6954069],[139.7593167,35.6953932]]}},{"type":"Feature","properties":{"id":"osm-way-774995043","osmId":774995043,"kind":"pedestrian","highway":"footway","name":null,"access":"permissive","covered":true,"source":"© OpenStreetMap contributors (ODbL)","observedAt":"2026-09-22"},"geometry":{"type":"LineString","coordinates":[[139.7593096,35.695575],[139.7593169,35.6954069]]}},{"type":"Feature","properties":{"id":"osm-way-774995044","osmId":774995044,"kind":"pedestrian","highway":"footway","name":null,"access":"permissive","covered":false,"source":"© OpenStreetMap contributors (ODbL)","observedAt":"2026-09-22"},"geometry":{"type":"LineString","coordinates":[[139.7593087,35.6956035],[139.7593096,35.695575]]}},{"type":"Feature","properties":{"id":"osm-way-843038843","osmId":843038843,"kind":"pedestrian","highway":"footway","name":null,"access":null,"covered":false,"source":"© OpenStreetMap contributors (ODbL)","observedAt":"2026-09-22"},"geometry":{"type":"LineString","coordinates":[[139.7610917,35.6945689],[139.7610702,35.6945334],[139.7609183,35.6944334],[139.7609182,35.6943877],[139.7609179,35.694292],[139.7609483,35.6941905],[139.7609686,35.6941246],[139.7609728,35.6939919],[139.7610305,35.6939709],[139.7610638,35.6939588]]}},{"type":"Feature","properties":{"id":"osm-way-843038844","osmId":843038844,"kind":"pedestrian","highway":"footway","name":null,"access":null,"covered":false,"source":"© OpenStreetMap contributors (ODbL)","observedAt":"2026-09-22"},"geometry":{"type":"LineString","coordinates":[[139.7606197,35.6943882],[139.7606767,35.6943881],[139.7609182,35.6943877]]}},{"type":"Feature","properties":{"id":"osm-way-846616933","osmId":846616933,"kind":"pedestrian","highway":"footway","name":null,"access":null,"covered":false,"source":"© OpenStreetMap contributors (ODbL)","observedAt":"2026-09-22"},"geometry":{"type":"LineString","coordinates":[[139.7565183,35.6964157],[139.7565727,35.696416],[139.756621,35.6964163]]}},{"type":"Feature","properties":{"id":"osm-way-846616934","osmId":846616934,"kind":"pedestrian","highway":"footway","name":null,"access":null,"covered":false,"source":"© OpenStreetMap contributors (ODbL)","observedAt":"2026-09-22"},"geometry":{"type":"LineString","coordinates":[[139.7564713,35.6965126],[139.7565225,35.6965154],[139.7565676,35.6965179]]}},{"type":"Feature","properties":{"id":"osm-way-846616935","osmId":846616935,"kind":"pedestrian","highway":"footway","name":null,"access":null,"covered":false,"source":"© OpenStreetMap contributors (ODbL)","observedAt":"2026-09-22"},"geometry":{"type":"LineString","coordinates":[[139.7568146,35.6960612],[139.756747,35.6960594],[139.7566665,35.6960579]]}},{"type":"Feature","properties":{"id":"osm-way-846616936","osmId":846616936,"kind":"pedestrian","highway":"footway","name":null,"access":null,"covered":false,"source":"© OpenStreetMap contributors (ODbL)","observedAt":"2026-09-22"},"geometry":{"type":"LineString","coordinates":[[139.757823,35.6964739],[139.7578267,35.6964673],[139.7578698,35.6963415],[139.7579151,35.6962093],[139.7579276,35.6961589],[139.7579224,35.6961247],[139.7578955,35.6960844],[139.7578472,35.696061],[139.7577652,35.696058],[139.7571523,35.6960437],[139.7568652,35.6960366],[139.7568146,35.6960612]]}},{"type":"Feature","properties":{"id":"osm-way-846616937","osmId":846616937,"kind":"pedestrian","highway":"footway","name":null,"access":null,"covered":false,"source":"© OpenStreetMap contributors (ODbL)","observedAt":"2026-09-22"},"geometry":{"type":"LineString","coordinates":[[139.7566789,35.6960934],[139.7565183,35.6964157],[139.7565129,35.6964283],[139.7564884,35.6964355]]}},{"type":"Feature","properties":{"id":"osm-way-846616938","osmId":846616938,"kind":"pedestrian","highway":"footway","name":null,"access":null,"covered":false,"source":"© OpenStreetMap contributors (ODbL)","observedAt":"2026-09-22"},"geometry":{"type":"LineString","coordinates":[[139.7564884,35.6964355],[139.7564757,35.6964649],[139.7564618,35.6964902]]}},{"type":"Feature","properties":{"id":"osm-way-846616939","osmId":846616939,"kind":"pedestrian","highway":"footway","name":null,"access":null,"covered":false,"source":"© OpenStreetMap contributors (ODbL)","observedAt":"2026-09-22"},"geometry":{"type":"LineString","coordinates":[[139.7564618,35.6964902],[139.7564713,35.6965126],[139.7563329,35.6967759],[139.7559959,35.6974167]]}},{"type":"Feature","properties":{"id":"osm-way-846616940","osmId":846616940,"kind":"pedestrian","highway":"footway","name":null,"access":null,"covered":false,"source":"© OpenStreetMap contributors (ODbL)","observedAt":"2026-09-22"},"geometry":{"type":"LineString","coordinates":[[139.7560873,35.69745],[139.7561064,35.6974117],[139.7562051,35.6972207],[139.7565044,35.6966382],[139.7565676,35.6965179],[139.7565997,35.6964925]]}},{"type":"Feature","properties":{"id":"osm-way-846616941","osmId":846616941,"kind":"pedestrian","highway":"footway","name":null,"access":null,"covered":false,"source":"© OpenStreetMap contributors (ODbL)","observedAt":"2026-09-22"},"geometry":{"type":"LineString","coordinates":[[139.7568146,35.6960612],[139.756621,35.6964163],[139.7566282,35.6964337]]}},{"type":"Feature","properties":{"id":"osm-way-846617552","osmId":846617552,"kind":"pedestrian","highway":"footway","name":null,"access":null,"covered":false,"source":"© OpenStreetMap contributors (ODbL)","observedAt":"2026-09-22"},"geometry":{"type":"LineString","coordinates":[[139.7552198,35.6964042],[139.7552012,35.696435],[139.7551918,35.6964549]]}},{"type":"Feature","properties":{"id":"osm-way-846617553","osmId":846617553,"kind":"pedestrian","highway":"footway","name":null,"access":null,"covered":false,"source":"© OpenStreetMap contributors (ODbL)","observedAt":"2026-09-22"},"geometry":{"type":"LineString","coordinates":[[139.7566326,35.6960313],[139.7563919,35.6960265],[139.755814,35.6960143],[139.7555258,35.6960092],[139.7554207,35.6960405],[139.7552198,35.6964042]]}},{"type":"Feature","properties":{"id":"osm-way-846679345","osmId":846679345,"kind":"pedestrian","highway":"footway","name":null,"access":null,"covered":false,"source":"© OpenStreetMap contributors (ODbL)","observedAt":"2026-09-22"},"geometry":{"type":"LineString","coordinates":[[139.7558719,35.69512],[139.7558661,35.6951692],[139.7558757,35.6951871],[139.7563488,35.695206],[139.7570496,35.6952294],[139.7570717,35.6952285],[139.7570918,35.6952246]]}},{"type":"Feature","properties":{"id":"osm-way-846679346","osmId":846679346,"kind":"pedestrian","highway":"footway","name":null,"access":null,"covered":false,"source":"© OpenStreetMap contributors (ODbL)","observedAt":"2026-09-22"},"geometry":{"type":"LineString","coordinates":[[139.755816,35.6952986],[139.7557181,35.6954811],[139.7556225,35.695658]]}},{"type":"Feature","properties":{"id":"osm-way-846680476","osmId":846680476,"kind":"pedestrian","highway":"footway","name":null,"access":null,"covered":false,"source":"© OpenStreetMap contributors (ODbL)","observedAt":"2026-09-22"},"geometry":{"type":"LineString","coordinates":[[139.7570458,35.6952992],[139.7570475,35.6952679],[139.7570496,35.6952294]]}},{"type":"Feature","properties":{"id":"osm-way-846682384","osmId":846682384,"kind":"pedestrian","highway":"footway","name":null,"access":null,"covered":false,"source":"© OpenStreetMap contributors (ODbL)","observedAt":"2026-09-22"},"geometry":{"type":"LineString","coordinates":[[139.7571717,35.6949363],[139.7571453,35.6949363],[139.757102,35.6949363]]}},{"type":"Feature","properties":{"id":"osm-way-846682385","osmId":846682385,"kind":"pedestrian","highway":"footway","name":null,"access":null,"covered":false,"source":"© OpenStreetMap contributors (ODbL)","observedAt":"2026-09-22"},"geometry":{"type":"LineString","coordinates":[[139.757143,35.6953129],[139.7571201,35.6953123],[139.7571031,35.6953119]]}},{"type":"Feature","properties":{"id":"osm-way-846682386","osmId":846682386,"kind":"pedestrian","highway":"footway","name":null,"access":null,"covered":false,"source":"© OpenStreetMap contributors (ODbL)","observedAt":"2026-09-22"},"geometry":{"type":"LineString","coordinates":[[139.7570918,35.6952246],[139.7571249,35.6952255],[139.7571581,35.6952264]]}},{"type":"Feature","properties":{"id":"osm-way-846682387","osmId":846682387,"kind":"pedestrian","highway":"footway","name":null,"access":null,"covered":false,"source":"© OpenStreetMap contributors (ODbL)","observedAt":"2026-09-22"},"geometry":{"type":"LineString","coordinates":[[139.7571581,35.6952264],[139.7571717,35.6949363],[139.7571735,35.694898]]}},{"type":"Feature","properties":{"id":"osm-way-846682388","osmId":846682388,"kind":"pedestrian","highway":"footway","name":null,"access":null,"covered":false,"source":"© OpenStreetMap contributors (ODbL)","observedAt":"2026-09-22"},"geometry":{"type":"LineString","coordinates":[[139.7570918,35.6952246],[139.757102,35.6949363],[139.7571034,35.6948954]]}},{"type":"Feature","properties":{"id":"osm-way-846682389","osmId":846682389,"kind":"pedestrian","highway":"footway","name":null,"access":null,"covered":false,"source":"© OpenStreetMap contributors (ODbL)","observedAt":"2026-09-22"},"geometry":{"type":"LineString","coordinates":[[139.7571905,35.6953039],[139.7571919,35.6952737],[139.7571938,35.6952342]]}},{"type":"Feature","properties":{"id":"osm-way-849108270","osmId":849108270,"kind":"pedestrian","highway":"footway","name":null,"access":null,"covered":false,"source":"© OpenStreetMap contributors (ODbL)","observedAt":"2026-09-22"},"geometry":{"type":"LineString","coordinates":[[139.7566326,35.6960313],[139.7566665,35.6960579],[139.7566789,35.6960934]]}},{"type":"Feature","properties":{"id":"osm-way-849194206","osmId":849194206,"kind":"pedestrian","highway":"footway","name":null,"access":null,"covered":false,"source":"© OpenStreetMap contributors (ODbL)","observedAt":"2026-09-22"},"geometry":{"type":"LineString","coordinates":[[139.7574592,35.6964879],[139.7574666,35.6962853]]}},{"type":"Feature","properties":{"id":"osm-way-849199591","osmId":849199591,"kind":"pedestrian","highway":"footway","name":null,"access":null,"covered":false,"source":"© OpenStreetMap contributors (ODbL)","observedAt":"2026-09-22"},"geometry":{"type":"LineString","coordinates":[[139.7541014,35.6956953],[139.7540618,35.6956913],[139.7540017,35.6956853]]}},{"type":"Feature","properties":{"id":"osm-way-849199592","osmId":849199592,"kind":"pedestrian","highway":"footway","name":null,"access":null,"covered":false,"source":"© OpenStreetMap contributors (ODbL)","observedAt":"2026-09-22"},"geometry":{"type":"LineString","coordinates":[[139.7553045,35.6957339],[139.7552292,35.6957494],[139.7546787,35.695723],[139.7541014,35.6956953]]}},{"type":"Feature","properties":{"id":"osm-way-849204535","osmId":849204535,"kind":"pedestrian","highway":"footway","name":null,"access":null,"covered":false,"source":"© OpenStreetMap contributors (ODbL)","observedAt":"2026-09-22"},"geometry":{"type":"LineString","coordinates":[[139.7571031,35.6953119],[139.7570887,35.6953115]]}},{"type":"Feature","properties":{"id":"osm-way-849204536","osmId":849204536,"kind":"pedestrian","highway":"footway","name":null,"access":null,"covered":false,"source":"© OpenStreetMap contributors (ODbL)","observedAt":"2026-09-22"},"geometry":{"type":"LineString","coordinates":[[139.7571553,35.6953132],[139.757143,35.6953129]]}},{"type":"Feature","properties":{"id":"osm-way-850032932","osmId":850032932,"kind":"alley","highway":"service","name":null,"access":null,"covered":false,"source":"© OpenStreetMap contributors (ODbL)","observedAt":"2026-09-22"},"geometry":{"type":"LineString","coordinates":[[139.7596443,35.6950847],[139.759029,35.6950672],[139.7584793,35.6950533],[139.7584213,35.6950518],[139.7582975,35.6950477]]}},{"type":"Feature","properties":{"id":"osm-way-92204268","osmId":92204268,"kind":"alley","highway":"service","name":null,"access":null,"covered":false,"source":"© OpenStreetMap contributors (ODbL)","observedAt":"2026-09-22"},"geometry":{"type":"LineString","coordinates":[[139.75961010130936,35.69717656979968],[139.7595927,35.6971686],[139.7593897,35.6970791],[139.7591444,35.6969828],[139.7588376,35.6968624]]}},{"type":"Feature","properties":{"id":"osm-way-92211901","osmId":92211901,"kind":"alley","highway":"service","name":null,"access":null,"covered":false,"source":"© OpenStreetMap contributors (ODbL)","observedAt":"2026-09-22"},"geometry":{"type":"LineString","coordinates":[[139.7558361,35.6966007],[139.7563329,35.6967759],[139.7563764,35.6967912]]}},{"type":"Feature","properties":{"id":"osm-way-93325429","osmId":93325429,"kind":"alley","highway":"service","name":null,"access":null,"covered":false,"source":"© OpenStreetMap contributors (ODbL)","observedAt":"2026-09-22"},"geometry":{"type":"LineString","coordinates":[[139.7587986,35.6959204],[139.7587993,35.6958479],[139.7588016,35.6955976],[139.7588164,35.6953755],[139.7588194,35.6953314]]}},{"type":"Feature","properties":{"id":"osm-way-93325440","osmId":93325440,"kind":"alley","highway":"service","name":null,"access":null,"covered":false,"source":"© OpenStreetMap contributors (ODbL)","observedAt":"2026-09-22"},"geometry":{"type":"LineString","coordinates":[[139.7576203,35.6958898],[139.7576226,35.6958213],[139.7576325,35.6955309],[139.7576388,35.6953448],[139.7576397,35.695319],[139.7576401,35.6953072],[139.7576406,35.6952916]]}},{"type":"Feature","properties":{"id":"osm-way-93325443","osmId":93325443,"kind":"alley","highway":"service","name":null,"access":null,"covered":false,"source":"© OpenStreetMap contributors (ODbL)","observedAt":"2026-09-22"},"geometry":{"type":"LineString","coordinates":[[139.7596298,35.6956073],[139.7593087,35.6956035],[139.7588016,35.6955976],[139.7587836,35.6956139],[139.758309,35.6956097],[139.7581899,35.6956062]]}},{"type":"Feature","properties":{"id":"osm-way-93325444","osmId":93325444,"kind":"alley","highway":"service","name":null,"access":null,"covered":false,"source":"© OpenStreetMap contributors (ODbL)","observedAt":"2026-09-22"},"geometry":{"type":"LineString","coordinates":[[139.7555984,35.6954779],[139.7557181,35.6954811],[139.7561591,35.6954929],[139.7570817,35.6955096],[139.7571127,35.6955104],[139.7571466,35.6955117],[139.7576325,35.6955309]]}},{"type":"Feature","properties":{"id":"osm-way-93325449","osmId":93325449,"kind":"pedestrian","highway":"pedestrian","name":null,"access":null,"covered":false,"source":"© OpenStreetMap contributors (ODbL)","observedAt":"2026-09-22"},"geometry":{"type":"LineString","coordinates":[[139.7596281,35.6956705],[139.7601966,35.6956786]]}},{"type":"Feature","properties":{"id":"osm-way-93469998","osmId":93469998,"kind":"alley","highway":"service","name":null,"access":null,"covered":false,"source":"© OpenStreetMap contributors (ODbL)","observedAt":"2026-09-22"},"geometry":{"type":"LineString","coordinates":[[139.7577099,35.698616],[139.757027,35.6983602],[139.7569266,35.6983223]]}},{"type":"Feature","properties":{"id":"osm-way-93470000","osmId":93470000,"kind":"alley","highway":"service","name":null,"access":null,"covered":false,"source":"© OpenStreetMap contributors (ODbL)","observedAt":"2026-09-22"},"geometry":{"type":"LineString","coordinates":[[139.7582479,35.6970396],[139.7583508,35.6968563],[139.7584408,35.6966957],[139.7585479,35.6965047]]}},{"type":"Feature","properties":{"id":"osm-way-93470004","osmId":93470004,"kind":"alley","highway":"service","name":null,"access":null,"covered":false,"source":"© OpenStreetMap contributors (ODbL)","observedAt":"2026-09-22"},"geometry":{"type":"LineString","coordinates":[[139.7583508,35.6968563],[139.7587587,35.6970038]]}},{"type":"Feature","properties":{"id":"osm-way-93470011","osmId":93470011,"kind":"alley","highway":"service","name":null,"access":null,"covered":false,"source":"© OpenStreetMap contributors (ODbL)","observedAt":"2026-09-22"},"geometry":{"type":"LineString","coordinates":[[139.7546724,35.695793],[139.7546787,35.695723],[139.7547044,35.6954401],[139.7547208,35.695229],[139.7547246,35.6951805]]}},{"type":"Feature","properties":{"id":"osm-way-93470017","osmId":93470017,"kind":"alley","highway":"service","name":null,"access":null,"covered":false,"source":"© OpenStreetMap contributors (ODbL)","observedAt":"2026-09-22"},"geometry":{"type":"LineString","coordinates":[[139.7553286,35.6948242],[139.7553592,35.6941476],[139.7553612,35.6941027]]}},{"type":"Feature","properties":{"id":"osm-way-93470019","osmId":93470019,"kind":"alley","highway":"service","name":null,"access":null,"covered":false,"source":"© OpenStreetMap contributors (ODbL)","observedAt":"2026-09-22"},"geometry":{"type":"LineString","coordinates":[[139.7538737,35.695151],[139.7538747,35.6951213],[139.7538868,35.6947724]]}},{"type":"Feature","properties":{"id":"osm-way-93470024","osmId":93470024,"kind":"alley","highway":"service","name":null,"access":null,"covered":false,"source":"© OpenStreetMap contributors (ODbL)","observedAt":"2026-09-22"},"geometry":{"type":"LineString","coordinates":[[139.7535366,35.6953319],[139.7541713,35.6954948]]}},{"type":"Feature","properties":{"id":"osm-way-93470027","osmId":93470027,"kind":"alley","highway":"service","name":null,"access":null,"covered":false,"source":"© OpenStreetMap contributors (ODbL)","observedAt":"2026-09-22"},"geometry":{"type":"LineString","coordinates":[[139.7591444,35.6969828],[139.7594129,35.6966007],[139.759739,35.6961206],[139.759793,35.6960441]]}},{"type":"Feature","properties":{"id":"osm-way-93470031","osmId":93470031,"kind":"alley","highway":"service","name":null,"access":null,"covered":false,"source":"© OpenStreetMap contributors (ODbL)","observedAt":"2026-09-22"},"geometry":{"type":"LineString","coordinates":[[139.7579371,35.6983614],[139.7571873,35.6980835],[139.757083,35.6980457]]}},{"type":"Feature","properties":{"id":"osm-way-93470042","osmId":93470042,"kind":"alley","highway":"service","name":null,"access":null,"covered":false,"source":"© OpenStreetMap contributors (ODbL)","observedAt":"2026-09-22"},"geometry":{"type":"LineString","coordinates":[[139.7584408,35.6966957],[139.758851,35.6968384]]}},{"type":"Feature","properties":{"id":"osm-way-93470044","osmId":93470044,"kind":"alley","highway":"service","name":null,"access":null,"covered":false,"source":"© OpenStreetMap contributors (ODbL)","observedAt":"2026-09-22"},"geometry":{"type":"LineString","coordinates":[[139.7577965,35.6985164],[139.7570989,35.6982437],[139.7569959,35.6982039]]}},{"type":"Feature","properties":{"id":"osm-way-93470051","osmId":93470051,"kind":"alley","highway":"service","name":null,"access":null,"covered":false,"source":"© OpenStreetMap contributors (ODbL)","observedAt":"2026-09-22"},"geometry":{"type":"LineString","coordinates":[[139.7540844,35.6951583],[139.7540855,35.6951285],[139.754098,35.6947769]]}},{"type":"Feature","properties":{"id":"osm-way-93470052","osmId":93470052,"kind":"alley","highway":"service","name":null,"access":null,"covered":false,"source":"© OpenStreetMap contributors (ODbL)","observedAt":"2026-09-22"},"geometry":{"type":"LineString","coordinates":[[139.7587795,35.6960263],[139.7587782,35.6960986],[139.7587752,35.6962743],[139.7587631,35.6965098]]}},{"type":"Feature","properties":{"id":"osm-way-93470054","osmId":93470054,"kind":"alley","highway":"service","name":null,"access":null,"covered":false,"source":"© OpenStreetMap contributors (ODbL)","observedAt":"2026-09-22"},"geometry":{"type":"LineString","coordinates":[[139.7535744,35.6951406],[139.7535652,35.6951874],[139.7535366,35.6953319],[139.753482,35.6956182],[139.7534717,35.6956716]]}},{"type":"Feature","properties":{"id":"osm-way-93470056","osmId":93470056,"kind":"alley","highway":"service","name":null,"access":null,"covered":false,"source":"© OpenStreetMap contributors (ODbL)","observedAt":"2026-09-22"},"geometry":{"type":"LineString","coordinates":[[139.7542125,35.6954194],[139.7547044,35.6954401],[139.755444,35.6954714],[139.7555984,35.6954779]]}},{"type":"Feature","properties":{"id":"osm-way-93470057","osmId":93470057,"kind":"alley","highway":"service","name":null,"access":null,"covered":false,"source":"© OpenStreetMap contributors (ODbL)","observedAt":"2026-09-22"},"geometry":{"type":"LineString","coordinates":[[139.7553374,35.6952018],[139.7553388,35.6951714],[139.7553543,35.6948252]]}}],"metadata":{"osmAttribution":"© OpenStreetMap contributors (ODbL)","note":"OSM上の歩行者道・細街路等。通行可否と網羅性は保証しない。"}}
