{"type":"FeatureCollection","features":[{"type":"Feature","properties":{"id":"building-1688529","sourceId":"1688529","floors":5,"areaSqm":91.4,"primaryUse":"unclassified","primaryUseBasis":"no_place","placeCount":0,"placeIds":[],"placeNames":[],"hasBookstore":false,"hasCafe":false,"hasRestaurant":false,"bookstoreEra":"unknown","oldestBookstoreYear":null,"mixedUse":false,"source":"東京都 令和3年度区部土地利用現況調査・建物現況","observedAt":"2021年度"},"geometry":{"type":"Polygon","coordinates":[[[139.75716259944983,35.698520984915014],[139.75710770054096,35.698615774179025],[139.7571862383792,35.698646019747116],[139.75724113721603,35.69855123044767],[139.75716259944983,35.698520984915014]]]}},{"type":"Feature","properties":{"id":"building-1688530","sourceId":"1688530","floors":10,"areaSqm":175.6,"primaryUse":"retail","primaryUseBasis":"confirmed_ground_floor","placeCount":1,"placeIds":["osm-node-3606906654"],"placeNames":["セブン-イレブン"],"hasBookstore":false,"hasCafe":false,"hasRestaurant":false,"bookstoreEra":"unknown","oldestBookstoreYear":null,"mixedUse":false,"source":"東京都 令和3年度区部土地利用現況調査・建物現況","observedAt":"2021年度"},"geometry":{"type":"Polygon","coordinates":[[[139.75699889573835,35.698458686754584],[139.75695971142557,35.69852878840642],[139.75697393739796,35.698558903155266],[139.75710405785284,35.69861171571191],[139.75716072298442,35.69851882044203],[139.75699889573835,35.698458686754584]]]}},{"type":"Feature","properties":{"id":"building-1688531","sourceId":"1688531","floors":6,"areaSqm":77.6,"primaryUse":"unclassified","primaryUseBasis":"no_place","placeCount":0,"placeIds":[],"placeNames":[],"hasBookstore":false,"hasCafe":false,"hasRestaurant":false,"bookstoreEra":"unknown","oldestBookstoreYear":null,"mixedUse":false,"source":"東京都 令和3年度区部土地利用現況調査・建物現況","observedAt":"2021年度"},"geometry":{"type":"Polygon","coordinates":[[[139.75723825356118,35.69856240560005],[139.75719198565756,35.6986447614661],[139.7572695302406,35.69867374443492],[139.75731579808135,35.69859138853938],[139.75723825356118,35.69856240560005]]]}},{"type":"Feature","properties":{"id":"building-1688532","sourceId":"1688532","floors":9,"areaSqm":267.9,"primaryUse":"education","primaryUseBasis":"floor_unverified","placeCount":1,"placeIds":["osm-node-6768292063"],"placeNames":["日本ウェルネス保育専門学校"],"hasBookstore":false,"hasCafe":false,"hasRestaurant":false,"bookstoreEra":"unknown","oldestBookstoreYear":null,"mixedUse":false,"source":"東京都 令和3年度区部土地利用現況調査・建物現況","observedAt":"2021年度"},"geometry":{"type":"Polygon","coordinates":[[[139.75745827290987,35.69808427808895],[139.75755238593865,35.698119851314374],[139.75758525948493,35.69806191397558],[139.75740852149454,35.697995191456656],[139.75739136526923,35.69802537649777],[139.75727029994738,35.69797960064783],[139.7572553572819,35.698006001318234],[139.75733577300454,35.69803633811523],[139.75729592601797,35.69810661973718],[139.75741909029327,35.698153208116366],[139.75745827290987,35.69808427808895]]]}},{"type":"Feature","properties":{"id":"building-1688533","sourceId":"1688533","floors":8,"areaSqm":405.0,"primaryUse":"unclassified","primaryUseBasis":"no_place","placeCount":0,"placeIds":[],"placeNames":[],"hasBookstore":false,"hasCafe":false,"hasRestaurant":false,"bookstoreEra":"unknown","oldestBookstoreYear":null,"mixedUse":false,"source":"東京都 令和3年度区部土地利用現況調査・建物現況","observedAt":"2021年度"},"geometry":{"type":"Polygon","coordinates":[[[139.75819615740178,35.69848017152478],[139.75818099394493,35.69850657217021],[139.75815702378722,35.698497363238964],[139.758133116744,35.69853863100561],[139.7581565346582,35.69854756918597],[139.75812521173088,35.69860190216915],[139.7583882214007,35.69870283925795],[139.75845861442323,35.698580927842855],[139.75819615740178,35.69848017152478]]]}},{"type":"Feature","properties":{"id":"building-1688549","sourceId":"1688549","floors":7,"areaSqm":299.1,"primaryUse":"unclassified","primaryUseBasis":"no_place","placeCount":0,"placeIds":[],"placeNames":[],"hasBookstore":false,"hasCafe":false,"hasRestaurant":false,"bookstoreEra":"unknown","oldestBookstoreYear":null,"mixedUse":false,"source":"東京都 令和3年度区部土地利用現況調査・建物現況","observedAt":"2021年度"},"geometry":{"type":"Polygon","coordinates":[[[139.75591116337782,35.698013326895826],[139.7559775661643,35.69804005912372],[139.75606238381147,35.697880234165105],[139.7559208908772,35.69783027050405],[139.7558171196077,35.69802581883753],[139.75588779604584,35.69805077907122],[139.75591116337782,35.698013326895826]]]}},{"type":"Feature","properties":{"id":"building-1688550","sourceId":"1688550","floors":7,"areaSqm":287.1,"primaryUse":"unclassified","primaryUseBasis":"no_place","placeCount":0,"placeIds":[],"placeNames":[],"hasBookstore":false,"hasCafe":false,"hasRestaurant":false,"bookstoreEra":"unknown","oldestBookstoreYear":null,"mixedUse":false,"source":"東京都 令和3年度区部土地利用現況調査・建物現況","observedAt":"2021年度"},"geometry":{"type":"Polygon","coordinates":[[[139.75918830673874,35.697690286071165],[139.75891900087666,35.6975893468228],[139.75886509826537,35.69768512902653],[139.7589838447228,35.69772963992608],[139.7589936955587,35.69771206931237],[139.75901236357376,35.69771911151877],[139.75901811903645,35.69770892960114],[139.75908527994497,35.6977340291065],[139.75906956300048,35.69776196185349],[139.7591342937138,35.6977862485998],[139.75918830673874,35.697690286071165]]]}},{"type":"Feature","properties":{"id":"building-1688574","sourceId":"1688574","floors":4,"areaSqm":91.8,"primaryUse":"unclassified","primaryUseBasis":"no_place","placeCount":0,"placeIds":[],"placeNames":[],"hasBookstore":false,"hasCafe":false,"hasRestaurant":false,"bookstoreEra":"unknown","oldestBookstoreYear":null,"mixedUse":false,"source":"東京都 令和3年度区部土地利用現況調査・建物現況","observedAt":"2021年度"},"geometry":{"type":"Polygon","coordinates":[[[139.7537015369676,35.69701318829313],[139.75363866972015,35.69711734496474],[139.7537093611976,35.69714569473698],[139.753772228286,35.69704162816571],[139.7537015369676,35.69701318829313]]]}},{"type":"Feature","properties":{"id":"building-1688575","sourceId":"1688575","floors":7,"areaSqm":490.5,"primaryUse":"unclassified","primaryUseBasis":"no_place","placeCount":0,"placeIds":[],"placeNames":[],"hasBookstore":false,"hasCafe":false,"hasRestaurant":false,"bookstoreEra":"unknown","oldestBookstoreYear":null,"mixedUse":false,"source":"東京都 令和3年度区部土地利用現況調査・建物現況","observedAt":"2021年度"},"geometry":{"type":"Polygon","coordinates":[[[139.7538014511583,35.69702027150662],[139.75371118401875,35.697163903599716],[139.75397904097605,35.69727709774477],[139.75406989654726,35.69713252931819],[139.7538014511583,35.69702027150662]]]}},{"type":"Feature","properties":{"id":"building-1688576","sourceId":"1688576","floors":15,"areaSqm":3156.7,"primaryUse":"unclassified","primaryUseBasis":"no_place","placeCount":0,"placeIds":[],"placeNames":[],"hasBookstore":false,"hasCafe":false,"hasRestaurant":false,"bookstoreEra":"unknown","oldestBookstoreYear":null,"mixedUse":false,"source":"東京都 令和3年度区部土地利用現況調査・建物現況","observedAt":"2021年度"},"geometry":{"type":"Polygon","coordinates":[[[139.7542856563765,35.6967678843785],[139.75422976742612,35.69674405151731],[139.75425710282892,35.696701344575864],[139.7541986734399,35.696676519426354],[139.75413094372445,35.696782115355546],[139.75406246328785,35.69675286591611],[139.75403911206143,35.696789175716],[139.75400674952894,35.69677536344475],[139.75406983030211,35.696676885341304],[139.75391806793812,35.69661215714116],[139.75384524819427,35.696725681601606],[139.75379421765223,35.69670446571695],[139.75393101048945,35.69648525288826],[139.75391134988524,35.69647703745791],[139.75395540779147,35.69639684465338],[139.75370701936234,35.696383520615186],[139.7536909715548,35.69640919902318],[139.7536708691787,35.69640080388871],[139.7533969496753,35.69683967835793],[139.7536453616648,35.69694286956041],[139.75377031304882,35.69674266797464],[139.75382145300276,35.69676388394158],[139.75369263451068,35.69696381261061],[139.75405967082213,35.69712035139661],[139.7542856563765,35.6967678843785]]]}},{"type":"Feature","properties":{"id":"building-1688577","sourceId":"1688577","floors":8,"areaSqm":621.5,"primaryUse":"unclassified","primaryUseBasis":"no_place","placeCount":0,"placeIds":[],"placeNames":[],"hasBookstore":false,"hasCafe":false,"hasRestaurant":false,"bookstoreEra":"unknown","oldestBookstoreYear":null,"mixedUse":false,"source":"東京都 令和3年度区部土地利用現況調査・建物現況","observedAt":"2021年度"},"geometry":{"type":"Polygon","coordinates":[[[139.75425833230213,35.697025207339735],[139.75415518236,35.69719279420182],[139.754220021597,35.697219342494364],[139.75417408925273,35.69729412052895],[139.7541760767319,35.69729565416345],[139.75412447426189,35.69737855248935],[139.75429548599982,35.69745022729525],[139.75433936475446,35.69743980021606],[139.75437721549798,35.69737916290673],[139.75428634341716,35.697341434150516],[139.75433069640388,35.69726465850445],[139.75437408173198,35.69719419990271],[139.75435828661304,35.69718778981999],[139.75437577361075,35.697159318025946],[139.75432684098496,35.69713927552432],[139.75436911947781,35.69707061893477],[139.75425833230213,35.697025207339735]]]}},{"type":"Feature","properties":{"id":"building-1688578","sourceId":"1688578","floors":5,"areaSqm":307.6,"primaryUse":"unclassified","primaryUseBasis":"no_place","placeCount":0,"placeIds":[],"placeNames":[],"hasBookstore":false,"hasCafe":false,"hasRestaurant":false,"bookstoreEra":"unknown","oldestBookstoreYear":null,"mixedUse":false,"source":"東京都 令和3年度区部土地利用現況調査・建物現況","observedAt":"2021年度"},"geometry":{"type":"Polygon","coordinates":[[[139.75575018253713,35.6969171106173],[139.75573302792745,35.69694522227906],[139.75570077483928,35.69693213162932],[139.75566037942494,35.69699844634409],[139.7556868888437,35.69700918973989],[139.7556678525578,35.69704054510726],[139.75584789705843,35.69711349176614],[139.75590843641731,35.697014019561465],[139.75592520484446,35.6969829880918],[139.75575018253713,35.6969171106173]]]}},{"type":"Feature","properties":{"id":"building-1688593","sourceId":"1688593","floors":2,"areaSqm":13.5,"primaryUse":"unclassified","primaryUseBasis":"no_place","placeCount":0,"placeIds":[],"placeNames":[],"hasBookstore":false,"hasCafe":false,"hasRestaurant":false,"bookstoreEra":"unknown","oldestBookstoreYear":null,"mixedUse":false,"source":"東京都 令和3年度区部土地利用現況調査・建物現況","observedAt":"2021年度"},"geometry":{"type":"Polygon","coordinates":[[[139.7541225391827,35.69645470727794],[139.75411280087445,35.69646930305162],[139.7541837100957,35.69650053707302],[139.75419344848387,35.69648585115682],[139.7541225391827,35.69645470727794]]]}},{"type":"Feature","properties":{"id":"building-1688594","sourceId":"1688594","floors":8,"areaSqm":432.4,"primaryUse":"unclassified","primaryUseBasis":"no_place","placeCount":0,"placeIds":[],"placeNames":[],"hasBookstore":false,"hasCafe":false,"hasRestaurant":false,"bookstoreEra":"unknown","oldestBookstoreYear":null,"mixedUse":false,"source":"東京都 令和3年度区部土地利用現況調査・建物現況","observedAt":"2021年度"},"geometry":{"type":"Polygon","coordinates":[[[139.75447933093366,35.696687404657325],[139.75438877838562,35.696854278885624],[139.75461643637493,35.696936362432886],[139.7546941475708,35.69679300538378],[139.75461086086204,35.69676293535041],[139.75462370176436,35.6967395081474],[139.75447933093366,35.696687404657325]]]}},{"type":"Feature","properties":{"id":"building-1688595","sourceId":"1688595","floors":9,"areaSqm":388.4,"primaryUse":"unclassified","primaryUseBasis":"no_place","placeCount":0,"placeIds":[],"placeNames":[],"hasBookstore":false,"hasCafe":false,"hasRestaurant":false,"bookstoreEra":"unknown","oldestBookstoreYear":null,"mixedUse":false,"source":"東京都 令和3年度区部土地利用現況調査・建物現況","observedAt":"2021年度"},"geometry":{"type":"Polygon","coordinates":[[[139.7552090547755,35.69647182224956],[139.75520642732764,35.696559974458566],[139.7552820068976,35.69656155581535],[139.75528109172802,35.69659355383058],[139.75545805268274,35.696653248949794],[139.75550355910892,35.69655917543056],[139.75550606916278,35.69647778340854],[139.7552090547755,35.69647182224956]]]}},{"type":"Feature","properties":{"id":"building-1688596","sourceId":"1688596","floors":10,"areaSqm":122.5,"primaryUse":"unclassified","primaryUseBasis":"no_place","placeCount":0,"placeIds":[],"placeNames":[],"hasBookstore":false,"hasCafe":false,"hasRestaurant":false,"bookstoreEra":"unknown","oldestBookstoreYear":null,"mixedUse":false,"source":"東京都 令和3年度区部土地利用現況調査・建物現況","observedAt":"2021年度"},"geometry":{"type":"Polygon","coordinates":[[[139.7581609790666,35.69640231340291],[139.75813695995413,35.696445924675274],[139.75813749873845,35.696460527194425],[139.75812821669516,35.69646070166969],[139.75812941855372,35.69647521446616],[139.75830908501217,35.696479743286226],[139.75831257690572,35.69640880769875],[139.7581609790666,35.69640231340291]]]}},{"type":"Feature","properties":{"id":"building-1688625","sourceId":"1688625","floors":9,"areaSqm":448.1,"primaryUse":"antiquarian_bookstore","primaryUseBasis":"floor_unverified","placeCount":4,"placeIds":["osm-node-3163979862","osm-node-3163981463","osm-node-3163981662","osm-node-3342922550"],"placeNames":["日本特価書籍","篠村書店","山陽堂書店","日本工業大学"],"hasBookstore":true,"hasCafe":false,"hasRestaurant":false,"bookstoreEra":"unknown","oldestBookstoreYear":null,"mixedUse":true,"source":"東京都 令和3年度区部土地利用現況調査・建物現況","observedAt":"2021年度"},"geometry":{"type":"Polygon","coordinates":[[[139.7568383331341,35.6956861534612],[139.7568688297362,35.69568689393218],[139.7568712124754,35.69562163630062],[139.75671751421046,35.69561784296114],[139.75672114090312,35.69552293106959],[139.75663318720063,35.6955207117744],[139.75662989621142,35.695611117030126],[139.7566106701949,35.69561056395632],[139.75660621065666,35.69576730925259],[139.75669483149514,35.695765472830054],[139.7568351600977,35.695768987292276],[139.7568383331341,35.6956861534612]]]}},{"type":"Feature","properties":{"id":"building-1688632","sourceId":"1688632","floors":7,"areaSqm":2228.3,"primaryUse":"education","primaryUseBasis":"floor_unverified","placeCount":1,"placeIds":["osm-way-372670125"],"placeNames":["共立女子短期大学"],"hasBookstore":false,"hasCafe":false,"hasRestaurant":false,"bookstoreEra":"unknown","oldestBookstoreYear":null,"mixedUse":false,"source":"東京都 令和3年度区部土地利用現況調査・建物現況","observedAt":"2021年度"},"geometry":{"type":"Polygon","coordinates":[[[139.75511414562405,35.694408642274695],[139.7550990079824,35.694408362026856],[139.75510038516313,35.694355903212006],[139.75516590764047,35.69435738796764],[139.7551600027971,35.694521522631895],[139.7551834284879,35.69452207866381],[139.75518104537554,35.694586344766336],[139.75530800227634,35.69458940164155],[139.7553208351218,35.69423102541248],[139.75517001120105,35.69422741313594],[139.7551681935431,35.694279511118886],[139.75510322369485,35.694277936586694],[139.75510095427836,35.694338867696594],[139.75499587537522,35.69433636566406],[139.75499392837114,35.694406490950854],[139.7548870809227,35.69440452849415],[139.75488788179788,35.69437541477852],[139.7546405967723,35.6943710169439],[139.75463326421362,35.69463763726737],[139.75457216100196,35.694636515661074],[139.7545704665352,35.69469889653547],[139.7545218743546,35.69469818149416],[139.75451888732377,35.6947535371482],[139.7546818373768,35.694756719197294],[139.7546843008313,35.69465155171365],[139.7549617527101,35.69465650992413],[139.75495888554235,35.69476358985689],[139.75510440761443,35.69476620834782],[139.75511414562405,35.694408642274695]]]}},{"type":"Feature","properties":{"id":"building-1688762","sourceId":"1688762","floors":2,"areaSqm":275.5,"primaryUse":"culture","primaryUseBasis":"floor_unverified","placeCount":1,"placeIds":["osm-node-3762241704"],"placeNames":["神保町シアター"],"hasBookstore":false,"hasCafe":false,"hasRestaurant":false,"bookstoreEra":"unknown","oldestBookstoreYear":null,"mixedUse":false,"source":"東京都 令和3年度区部土地利用現況調査・建物現況","observedAt":"2021年度"},"geometry":{"type":"Polygon","coordinates":[[[139.76076353665465,35.694953336682254],[139.76076680869633,35.69512261585152],[139.7609311191877,35.695120551502164],[139.76092762189526,35.694955598775415],[139.76076353665465,35.694953336682254]]]}},{"type":"Feature","properties":{"id":"building-1688852","sourceId":"1688852","floors":3,"areaSqm":205.4,"primaryUse":"unclassified","primaryUseBasis":"no_place","placeCount":0,"placeIds":[],"placeNames":[],"hasBookstore":false,"hasCafe":false,"hasRestaurant":false,"bookstoreEra":"unknown","oldestBookstoreYear":null,"mixedUse":false,"source":"東京都 令和3年度区部土地利用現況調査・建物現況","observedAt":"2021年度"},"geometry":{"type":"Polygon","coordinates":[[[139.75572537486036,35.697083104297896],[139.7556427002654,35.697218707028654],[139.7557635392757,35.697267819440114],[139.7558463241293,35.69713230683526],[139.75572537486036,35.697083104297896]]]}},{"type":"Feature","properties":{"id":"building-1688895","sourceId":"1688895","floors":1,"areaSqm":5.6,"primaryUse":"unclassified","primaryUseBasis":"no_place","placeCount":0,"placeIds":[],"placeNames":[],"hasBookstore":false,"hasCafe":false,"hasRestaurant":false,"bookstoreEra":"unknown","oldestBookstoreYear":null,"mixedUse":false,"source":"東京都 令和3年度区部土地利用現況調査・建物現況","observedAt":"2021年度"},"geometry":{"type":"Polygon","coordinates":[[[139.7554544976161,35.69446461986417],[139.7554534402329,35.69448160458834],[139.75548618324945,35.69448296159681],[139.75548724062574,35.69446597687235],[139.7554544976161,35.69446461986417]]]}},{"type":"Feature","properties":{"id":"building-1688970","sourceId":"1688970","floors":8,"areaSqm":803.4,"primaryUse":"unclassified","primaryUseBasis":"no_place","placeCount":0,"placeIds":[],"placeNames":[],"hasBookstore":false,"hasCafe":false,"hasRestaurant":false,"bookstoreEra":"unknown","oldestBookstoreYear":null,"mixedUse":false,"source":"東京都 令和3年度区部土地利用現況調査・建物現況","observedAt":"2021年度"},"geometry":{"type":"Polygon","coordinates":[[[139.75533508141174,35.69697937485437],[139.75543814035797,35.697017299094114],[139.75546393207733,35.69697062485682],[139.75543786355843,35.69696105347711],[139.75546210555558,35.69691717248147],[139.75517767215968,35.696812609590474],[139.75515021993564,35.69686225720754],[139.75502540069022,35.696816476654604],[139.7549613080977,35.696932621434826],[139.75508910982117,35.69697957577201],[139.75506353940767,35.697025709251186],[139.7552680004711,35.697100835936745],[139.75533508141174,35.69697937485437]]]}},{"type":"Feature","properties":{"id":"building-1689007","sourceId":"1689007","floors":3,"areaSqm":39.0,"primaryUse":"unclassified","primaryUseBasis":"no_place","placeCount":0,"placeIds":[],"placeNames":[],"hasBookstore":false,"hasCafe":false,"hasRestaurant":false,"bookstoreEra":"unknown","oldestBookstoreYear":null,"mixedUse":false,"source":"東京都 令和3年度区部土地利用現況調査・建物現況","observedAt":"2021年度"},"geometry":{"type":"Polygon","coordinates":[[[139.75589741915869,35.69605781742111],[139.75589486664327,35.696183556800676],[139.7559258057664,35.69618393724754],[139.75592835779776,35.69605864855168],[139.75589741915869,35.69605781742111]]]}},{"type":"Feature","properties":{"id":"building-1690073","sourceId":"1690073","floors":7,"areaSqm":194.1,"primaryUse":"unclassified","primaryUseBasis":"no_place","placeCount":0,"placeIds":[],"placeNames":[],"hasBookstore":false,"hasCafe":false,"hasRestaurant":false,"bookstoreEra":"unknown","oldestBookstoreYear":null,"mixedUse":false,"source":"東京都 令和3年度区部土地利用現況調査・建物現況","observedAt":"2021年度"},"geometry":{"type":"Polygon","coordinates":[[[139.7580574468734,35.698866231325134],[139.75795778760676,35.69896937570341],[139.75808448296877,35.699023086421526],[139.75812493458537,35.69901472897141],[139.75818753962113,35.69894986950845],[139.7580574468734,35.698866231325134]]]}},{"type":"Feature","properties":{"id":"building-1690099","sourceId":"1690099","floors":5,"areaSqm":159.8,"primaryUse":"unclassified","primaryUseBasis":"no_place","placeCount":0,"placeIds":[],"placeNames":[],"hasBookstore":false,"hasCafe":false,"hasRestaurant":false,"bookstoreEra":"unknown","oldestBookstoreYear":null,"mixedUse":false,"source":"東京都 令和3年度区部土地利用現況調査・建物現況","observedAt":"2021年度"},"geometry":{"type":"Polygon","coordinates":[[[139.75815114809978,35.6987531680829],[139.7580846657192,35.69882857112195],[139.7582238214483,35.69891023192011],[139.75829030368152,35.698834918941984],[139.75815114809978,35.6987531680829]]]}},{"type":"Feature","properties":{"id":"building-1690100","sourceId":"1690100","floors":5,"areaSqm":50.1,"primaryUse":"unclassified","primaryUseBasis":"no_place","placeCount":0,"placeIds":[],"placeNames":[],"hasBookstore":false,"hasCafe":false,"hasRestaurant":false,"bookstoreEra":"unknown","oldestBookstoreYear":null,"mixedUse":false,"source":"東京都 令和3年度区部土地利用現況調査・建物現況","observedAt":"2021年度"},"geometry":{"type":"Polygon","coordinates":[[[139.75824397279294,35.69874971068416],[139.7582138886129,35.69877925681533],[139.7582959422278,35.69883176766573],[139.7583397438036,35.69878600542013],[139.75824397279294,35.69874971068416]]]}},{"type":"Feature","properties":{"id":"building-1690122","sourceId":"1690122","floors":6,"areaSqm":90.8,"primaryUse":"unclassified","primaryUseBasis":"no_place","placeCount":0,"placeIds":[],"placeNames":[],"hasBookstore":false,"hasCafe":false,"hasRestaurant":false,"bookstoreEra":"unknown","oldestBookstoreYear":null,"mixedUse":false,"source":"東京都 令和3年度区部土地利用現況調査・建物現況","observedAt":"2021年度"},"geometry":{"type":"Polygon","coordinates":[[[139.7574523243732,35.69867592303697],[139.75741304491916,35.698739451991685],[139.75750394247126,35.698778019373854],[139.75752394711745,35.69877397581391],[139.75757085192978,35.69871893170206],[139.7574523243732,35.69867592303697]]]}},{"type":"Feature","properties":{"id":"building-1690138","sourceId":"1690138","floors":5,"areaSqm":169.9,"primaryUse":"unclassified","primaryUseBasis":"no_place","placeCount":0,"placeIds":[],"placeNames":[],"hasBookstore":false,"hasCafe":false,"hasRestaurant":false,"bookstoreEra":"unknown","oldestBookstoreYear":null,"mixedUse":false,"source":"東京都 令和3年度区部土地利用現況調査・建物現況","observedAt":"2021年度"},"geometry":{"type":"Polygon","coordinates":[[[139.757516604792,35.698564474114825],[139.75745727510983,35.6986709785435],[139.75757635417403,35.69871504034976],[139.75766097970896,35.698617926005156],[139.757516604792,35.698564474114825]]]}},{"type":"Feature","properties":{"id":"building-1690139","sourceId":"1690139","floors":3,"areaSqm":46.2,"primaryUse":"unclassified","primaryUseBasis":"no_place","placeCount":0,"placeIds":[],"placeNames":[],"hasBookstore":false,"hasCafe":false,"hasRestaurant":false,"bookstoreEra":"unknown","oldestBookstoreYear":null,"mixedUse":false,"source":"東京都 令和3年度区部土地利用現況調査・建物現況","observedAt":"2021年度"},"geometry":{"type":"Polygon","coordinates":[[[139.7579579156675,35.698598462462925],[139.75790943522568,35.698684242421244],[139.75795373074536,35.69870085535671],[139.75800221114986,35.69861507538075],[139.7579579156675,35.698598462462925]]]}},{"type":"Feature","properties":{"id":"building-1690140","sourceId":"1690140","floors":3,"areaSqm":70.9,"primaryUse":"unclassified","primaryUseBasis":"no_place","placeCount":0,"placeIds":[],"placeNames":[],"hasBookstore":false,"hasCafe":false,"hasRestaurant":false,"bookstoreEra":"unknown","oldestBookstoreYear":null,"mixedUse":false,"source":"東京都 令和3年度区部土地利用現況調査・建物現況","observedAt":"2021年度"},"geometry":{"type":"Polygon","coordinates":[[[139.75809002882852,35.698648120410226],[139.7580428764664,35.69873182810322],[139.7581044064888,35.69875250792193],[139.75817077769392,35.69867773575981],[139.75809002882852,35.698648120410226]]]}},{"type":"Feature","properties":{"id":"building-1690141","sourceId":"1690141","floors":3,"areaSqm":79.5,"primaryUse":"unclassified","primaryUseBasis":"no_place","placeCount":0,"placeIds":[],"placeNames":[],"hasBookstore":false,"hasCafe":false,"hasRestaurant":false,"bookstoreEra":"unknown","oldestBookstoreYear":null,"mixedUse":false,"source":"東京都 令和3年度区部土地利用現況調査・建物現況","observedAt":"2021年度"},"geometry":{"type":"Polygon","coordinates":[[[139.75800861828557,35.698617152538866],[139.75796091250052,35.69870176122279],[139.75803812591298,35.69873074348903],[139.75808583163382,35.69864613477483],[139.75800861828557,35.698617152538866]]]}},{"type":"Feature","properties":{"id":"building-1690175","sourceId":"1690175","floors":6,"areaSqm":101.1,"primaryUse":"unclassified","primaryUseBasis":"no_place","placeCount":0,"placeIds":[],"placeNames":[],"hasBookstore":false,"hasCafe":false,"hasRestaurant":false,"bookstoreEra":"unknown","oldestBookstoreYear":null,"mixedUse":false,"source":"東京都 令和3年度区部土地利用現況調査・建物現況","observedAt":"2021年度"},"geometry":{"type":"Polygon","coordinates":[[[139.75735697395913,35.6985183135116],[139.7572718488044,35.6986758190486],[139.75732531325153,35.69869514211542],[139.7574105489086,35.69853754647387],[139.75735697395913,35.6985183135116]]]}},{"type":"Feature","properties":{"id":"building-1690176","sourceId":"1690176","floors":7,"areaSqm":114.8,"primaryUse":"unclassified","primaryUseBasis":"no_place","placeCount":0,"placeIds":[],"placeNames":[],"hasBookstore":false,"hasCafe":false,"hasRestaurant":false,"bookstoreEra":"unknown","oldestBookstoreYear":null,"mixedUse":false,"source":"東京都 令和3年度区部土地利用現況調査・建物現況","observedAt":"2021年度"},"geometry":{"type":"Polygon","coordinates":[[[139.75745532044593,35.69854372384327],[139.75735537566857,35.69871564199947],[139.75740996107442,35.698738014165905],[139.75750867519696,35.698563317170596],[139.75745532044593,35.69854372384327]]]}},{"type":"Feature","properties":{"id":"building-1690177","sourceId":"1690177","floors":5,"areaSqm":133.9,"primaryUse":"unclassified","primaryUseBasis":"no_place","placeCount":0,"placeIds":[],"placeNames":[],"hasBookstore":false,"hasCafe":false,"hasRestaurant":false,"bookstoreEra":"unknown","oldestBookstoreYear":null,"mixedUse":false,"source":"東京都 令和3年度区部土地利用現況調査・建物現況","observedAt":"2021年度"},"geometry":{"type":"Polygon","coordinates":[[[139.75759085053647,35.69845951136872],[139.75754779296767,35.698536190768635],[139.7576829990448,35.69858666234226],[139.7577432885936,35.6985164835735],[139.75759085053647,35.69845951136872]]]}},{"type":"Feature","properties":{"id":"building-1690178","sourceId":"1690178","floors":3,"areaSqm":33.1,"primaryUse":"unclassified","primaryUseBasis":"no_place","placeCount":0,"placeIds":[],"placeNames":[],"hasBookstore":false,"hasCafe":false,"hasRestaurant":false,"bookstoreEra":"unknown","oldestBookstoreYear":null,"mixedUse":false,"source":"東京都 令和3年度区部土地利用現況調査・建物現況","observedAt":"2021年度"},"geometry":{"type":"Polygon","coordinates":[[[139.75791958566805,35.69858356586731],[139.757873206507,35.69866745425287],[139.75790590367447,35.69867946295291],[139.75795228280822,35.6985955745549],[139.75791958566805,35.69858356586731]]]}},{"type":"Feature","properties":{"id":"building-1690179","sourceId":"1690179","floors":8,"areaSqm":276.7,"primaryUse":"unclassified","primaryUseBasis":"no_place","placeCount":0,"placeIds":[],"placeNames":[],"hasBookstore":false,"hasCafe":false,"hasRestaurant":false,"bookstoreEra":"unknown","oldestBookstoreYear":null,"mixedUse":false,"source":"東京都 令和3年度区部土地利用現況調査・建物現況","observedAt":"2021年度"},"geometry":{"type":"Polygon","coordinates":[[[139.75851244882662,35.69855932846136],[139.75854503562886,35.69857124678252],[139.75864480742317,35.69846458664122],[139.75845182794748,35.69839361914477],[139.75837744547516,35.698527876830724],[139.75850403657287,35.6985744662311],[139.75851244882662,35.69855932846136]]]}},{"type":"Feature","properties":{"id":"building-1690197","sourceId":"1690197","floors":8,"areaSqm":253.5,"primaryUse":"retail","primaryUseBasis":"floor_unverified","placeCount":1,"placeIds":["osm-node-4018938381"],"placeNames":["ハイテクタウン"],"hasBookstore":false,"hasCafe":false,"hasRestaurant":false,"bookstoreEra":"unknown","oldestBookstoreYear":null,"mixedUse":false,"source":"東京都 令和3年度区部土地利用現況調査・建物現況","observedAt":"2021年度"},"geometry":{"type":"Polygon","coordinates":[[[139.7573041860634,35.698484839392584],[139.757301095621,35.698481051690855],[139.75729634663284,35.698478344584196],[139.75728761737386,35.69847797852221],[139.7572841908071,35.698479058000245],[139.75728076295647,35.69848148953082],[139.75727567142349,35.69849040986683],[139.75727401458877,35.69848968772476],[139.75728397596663,35.69847256800781],[139.75705034852973,35.6983855282099],[139.7570093933575,35.69845869341114],[139.757247770724,35.698547629164835],[139.7572416827867,35.69855853188123],[139.75728907111068,35.69857622865928],[139.7573265948161,35.69850910036973],[139.75729897923972,35.698498807323055],[139.7573032925556,35.69849484402397],[139.7573055066886,35.69849051885131],[139.7573041860634,35.698484839392584]]]}},{"type":"Feature","properties":{"id":"building-1690198","sourceId":"1690198","floors":6,"areaSqm":221.2,"primaryUse":"unclassified","primaryUseBasis":"no_place","placeCount":0,"placeIds":[],"placeNames":[],"hasBookstore":false,"hasCafe":false,"hasRestaurant":false,"bookstoreEra":"unknown","oldestBookstoreYear":null,"mixedUse":false,"source":"東京都 令和3年度区部土地利用現況調査・建物現況","observedAt":"2021年度"},"geometry":{"type":"Polygon","coordinates":[[[139.75787326812357,35.69836747869364],[139.75772005674978,35.6983105061664],[139.75770091002224,35.6983423124639],[139.75768720626894,35.69834401645402],[139.75766263125394,35.69839033137479],[139.75765302191135,35.69838581848865],[139.75763176982323,35.698423752760256],[139.7577761428632,35.6984790072504],[139.75787326812357,35.69836747869364]]]}},{"type":"Feature","properties":{"id":"building-1690219","sourceId":"1690219","floors":3,"areaSqm":123.9,"primaryUse":"restaurant","primaryUseBasis":"floor_unverified","placeCount":2,"placeIds":["osm-node-3606906653","osm-node-4848619825"],"placeNames":["まんてん","Loving Hut"],"hasBookstore":false,"hasCafe":false,"hasRestaurant":true,"bookstoreEra":"unknown","oldestBookstoreYear":null,"mixedUse":true,"source":"東京都 令和3年度区部土地利用現況調査・建物現況","observedAt":"2021年度"},"geometry":{"type":"Polygon","coordinates":[[[139.75761381769047,35.69836073577588],[139.75765347481752,35.698374281250175],[139.75769211104992,35.69829877081178],[139.75759004091066,35.69826400392201],[139.7575284883038,35.69838447821209],[139.75759079092308,35.69840569960222],[139.75761381769047,35.69836073577588]]]}},{"type":"Feature","properties":{"id":"building-1690220","sourceId":"1690220","floors":5,"areaSqm":65.2,"primaryUse":"unclassified","primaryUseBasis":"no_place","placeCount":0,"placeIds":[],"placeNames":[],"hasBookstore":false,"hasCafe":false,"hasRestaurant":false,"bookstoreEra":"unknown","oldestBookstoreYear":null,"mixedUse":false,"source":"東京都 令和3年度区部土地利用現況調査・建物現況","observedAt":"2021年度"},"geometry":{"type":"Polygon","coordinates":[[[139.75863390037563,35.698311166867974],[139.75860246912964,35.69836360703559],[139.7587049794059,35.69840098730965],[139.75873784400787,35.69835188306917],[139.75863390037563,35.698311166867974]]]}},{"type":"Feature","properties":{"id":"building-1690244","sourceId":"1690244","floors":5,"areaSqm":47.1,"primaryUse":"unclassified","primaryUseBasis":"no_place","placeCount":0,"placeIds":[],"placeNames":[],"hasBookstore":false,"hasCafe":false,"hasRestaurant":false,"bookstoreEra":"unknown","oldestBookstoreYear":null,"mixedUse":false,"source":"東京都 令和3年度区部土地利用現況調査・建物現況","observedAt":"2021年度"},"geometry":{"type":"Polygon","coordinates":[[[139.7564363171725,35.69824551546287],[139.75639204959697,35.69831543341102],[139.75644506873095,35.698337731102754],[139.7564893362726,35.69826781313536],[139.7564363171725,35.69824551546287]]]}},{"type":"Feature","properties":{"id":"building-1690245","sourceId":"1690245","floors":5,"areaSqm":75.1,"primaryUse":"restaurant","primaryUseBasis":"floor_unverified","placeCount":1,"placeIds":["osm-node-4972920496"],"placeNames":["やきとん"],"hasBookstore":false,"hasCafe":false,"hasRestaurant":true,"bookstoreEra":"unknown","oldestBookstoreYear":null,"mixedUse":false,"source":"東京都 令和3年度区部土地利用現況調査・建物現況","observedAt":"2021年度"},"geometry":{"type":"Polygon","coordinates":[[[139.75634750758414,35.69821093626371],[139.75630401337068,35.698280944811316],[139.7563889548747,35.69831615252808],[139.75643255953412,35.69824614402069],[139.75634750758414,35.69821093626371]]]}},{"type":"Feature","properties":{"id":"building-1690246","sourceId":"1690246","floors":9,"areaSqm":221.5,"primaryUse":"unclassified","primaryUseBasis":"no_place","placeCount":0,"placeIds":[],"placeNames":[],"hasBookstore":false,"hasCafe":false,"hasRestaurant":false,"bookstoreEra":"unknown","oldestBookstoreYear":null,"mixedUse":false,"source":"東京都 令和3年度区部土地利用現況調査・建物現況","observedAt":"2021年度"},"geometry":{"type":"Polygon","coordinates":[[[139.75739210467324,35.69817788860633],[139.75729633473446,35.698141683250995],[139.75725715195043,35.69821061322482],[139.75716491686129,35.69817567191575],[139.75715718102924,35.69817647825267],[139.7571258574843,35.698230901115345],[139.75713016316192,35.698234960001756],[139.75731894152767,35.698306467786566],[139.75739210467324,35.69817788860633]]]}},{"type":"Feature","properties":{"id":"building-1690247","sourceId":"1690247","floors":5,"areaSqm":60.8,"primaryUse":"unclassified","primaryUseBasis":"no_place","placeCount":0,"placeIds":[],"placeNames":[],"hasBookstore":false,"hasCafe":false,"hasRestaurant":false,"bookstoreEra":"unknown","oldestBookstoreYear":null,"mixedUse":false,"source":"東京都 令和3年度区部土地利用現況調査・建物現況","observedAt":"2021年度"},"geometry":{"type":"Polygon","coordinates":[[[139.75783481240813,35.698251628661936],[139.75780504421326,35.698297669944594],[139.7579097654965,35.69833351995593],[139.75794505716848,35.69828910457126],[139.75783481240813,35.698251628661936]]]}},{"type":"Feature","properties":{"id":"building-1690261","sourceId":"1690261","floors":5,"areaSqm":52.2,"primaryUse":"unclassified","primaryUseBasis":"no_place","placeCount":0,"placeIds":[],"placeNames":[],"hasBookstore":false,"hasCafe":false,"hasRestaurant":false,"bookstoreEra":"unknown","oldestBookstoreYear":null,"mixedUse":false,"source":"東京都 令和3年度区部土地利用現況調査・建物現況","observedAt":"2021年度"},"geometry":{"type":"Polygon","coordinates":[[[139.756391558122,35.698136871894455],[139.7563504961335,35.698205710234696],[139.75641157993365,35.698229905973804],[139.75645264188213,35.698161067612965],[139.756391558122,35.698136871894455]]]}},{"type":"Feature","properties":{"id":"building-1690262","sourceId":"1690262","floors":5,"areaSqm":77.8,"primaryUse":"unclassified","primaryUseBasis":"no_place","placeCount":0,"placeIds":[],"placeNames":[],"hasBookstore":false,"hasCafe":false,"hasRestaurant":false,"bookstoreEra":"unknown","oldestBookstoreYear":null,"mixedUse":false,"source":"東京都 令和3年度区部土地利用現況調査・建物現況","observedAt":"2021年度"},"geometry":{"type":"Polygon","coordinates":[[[139.75646702161063,35.698145843659574],[139.75641699473923,35.698229639023154],[139.7564917754231,35.698259341823714],[139.7565418022349,35.69817554642939],[139.75646702161063,35.698145843659574]]]}},{"type":"Feature","properties":{"id":"building-1690263","sourceId":"1690263","floors":2,"areaSqm":56.4,"primaryUse":"unclassified","primaryUseBasis":"no_place","placeCount":0,"placeIds":[],"placeNames":[],"hasBookstore":false,"hasCafe":false,"hasRestaurant":false,"bookstoreEra":"unknown","oldestBookstoreYear":null,"mixedUse":false,"source":"東京都 令和3年度区部土地利用現況調査・建物現況","observedAt":"2021年度"},"geometry":{"type":"Polygon","coordinates":[[[139.7566152063204,35.69814269326485],[139.7565875351686,35.698190628458306],[139.75668341465527,35.698227555542076],[139.75671119626338,35.698179620397184],[139.7566152063204,35.69814269326485]]]}},{"type":"Feature","properties":{"id":"building-1690264","sourceId":"1690264","floors":4,"areaSqm":120.6,"primaryUse":"unclassified","primaryUseBasis":"no_place","placeCount":0,"placeIds":[],"placeNames":[],"hasBookstore":false,"hasCafe":false,"hasRestaurant":false,"bookstoreEra":"unknown","oldestBookstoreYear":null,"mixedUse":false,"source":"東京都 令和3年度区部土地利用現況調査・建物現況","observedAt":"2021年度"},"geometry":{"type":"Polygon","coordinates":[[[139.75683708937964,35.698145538580214],[139.7568327875958,35.69813742352511],[139.75666941358017,35.69807809964061],[139.75664985020492,35.69808304470924],[139.75661896498846,35.69814098305914],[139.75671595142208,35.698175837673965],[139.7567326628275,35.698148897375546],[139.7568183810727,35.698180770218954],[139.75683708937964,35.698145538580214]]]}},{"type":"Feature","properties":{"id":"building-1690265","sourceId":"1690265","floors":7,"areaSqm":104.5,"primaryUse":"unclassified","primaryUseBasis":"no_place","placeCount":0,"placeIds":[],"placeNames":[],"hasBookstore":false,"hasCafe":false,"hasRestaurant":false,"bookstoreEra":"unknown","oldestBookstoreYear":null,"mixedUse":false,"source":"東京都 令和3年度区部土地利用現況調査・建物現況","observedAt":"2021年度"},"geometry":{"type":"Polygon","coordinates":[[[139.7578030868982,35.69814686967812],[139.75773335397014,35.69827121482922],[139.75780261378551,35.6982970374613],[139.75787234662866,35.69817269227051],[139.7578030868982,35.69814686967812]]]}},{"type":"Feature","properties":{"id":"building-1690286","sourceId":"1690286","floors":5,"areaSqm":136.3,"primaryUse":"unclassified","primaryUseBasis":"no_place","placeCount":0,"placeIds":[],"placeNames":[],"hasBookstore":false,"hasCafe":false,"hasRestaurant":false,"bookstoreEra":"unknown","oldestBookstoreYear":null,"mixedUse":false,"source":"東京都 令和3年度区部土地利用現況調査・建物現況","observedAt":"2021年度"},"geometry":{"type":"Polygon","coordinates":[[[139.7563086043469,35.69810319777788],[139.75631710969873,35.69810653828541],[139.75638971951395,35.6979803029165],[139.7563131706862,35.69795104960458],[139.75622816404407,35.698098729570845],[139.75629620754145,35.698124732564736],[139.7563086043469,35.69810319777788]]]}},{"type":"Feature","properties":{"id":"building-1690287","sourceId":"1690287","floors":5,"areaSqm":85.9,"primaryUse":"unclassified","primaryUseBasis":"no_place","placeCount":0,"placeIds":[],"placeNames":[],"hasBookstore":false,"hasCafe":false,"hasRestaurant":false,"bookstoreEra":"unknown","oldestBookstoreYear":null,"mixedUse":false,"source":"東京都 令和3年度区部土地利用現況調査・建物現況","observedAt":"2021年度"},"geometry":{"type":"Polygon","coordinates":[[[139.75759144258083,35.69806714580675],[139.757557350714,35.69812805689809],[139.7576735566856,35.69817139570786],[139.75770764848264,35.69811048458397],[139.75759144258083,35.69806714580675]]]}},{"type":"Feature","properties":{"id":"building-1690288","sourceId":"1690288","floors":5,"areaSqm":64.7,"primaryUse":"unclassified","primaryUseBasis":"no_place","placeCount":0,"placeIds":[],"placeNames":[],"hasBookstore":false,"hasCafe":false,"hasRestaurant":false,"bookstoreEra":"unknown","oldestBookstoreYear":null,"mixedUse":false,"source":"東京都 令和3年度区部土地利用現況調査・建物現況","observedAt":"2021年度"},"geometry":{"type":"Polygon","coordinates":[[[139.75799024644886,35.69806018512889],[139.75797474938156,35.69808883896402],[139.7579798307199,35.6980906448831],[139.75796344802512,35.69812101076337],[139.75803359230017,35.698146292995546],[139.758062107104,35.69814036179385],[139.75808668096437,35.69809494815774],[139.75799024644886,35.69806018512889]]]}},{"type":"Feature","properties":{"id":"building-1690307","sourceId":"1690307","floors":4,"areaSqm":30.8,"primaryUse":"restaurant","primaryUseBasis":"floor_unverified","placeCount":1,"placeIds":["osm-node-6934341188"],"placeNames":["ベーカリーアベ"],"hasBookstore":false,"hasCafe":false,"hasRestaurant":true,"bookstoreEra":"unknown","oldestBookstoreYear":null,"mixedUse":false,"source":"東京都 令和3年度区部土地利用現況調査・建物現況","observedAt":"2021年度"},"geometry":{"type":"Polygon","coordinates":[[[139.7559120154223,35.69801781265621],[139.75589081058212,35.69805184372474],[139.7558653711526,35.69809977117474],[139.75589666314465,35.69811081955902],[139.75594140778756,35.69802895805642],[139.7559120154223,35.69801781265621]]]}},{"type":"Feature","properties":{"id":"building-1690308","sourceId":"1690308","floors":5,"areaSqm":32.4,"primaryUse":"retail","primaryUseBasis":"floor_unverified","placeCount":2,"placeIds":["osm-node-3888787163","osm-node-4964137904"],"placeNames":["金沢テニスショップ","はぐるまや模型店"],"hasBookstore":false,"hasCafe":false,"hasRestaurant":false,"bookstoreEra":"unknown","oldestBookstoreYear":null,"mixedUse":true,"source":"東京都 令和3年度区部土地利用現況調査・建物現況","observedAt":"2021年度"},"geometry":{"type":"Polygon","coordinates":[[[139.75594369210597,35.69802982393797],[139.75589978262417,35.6981119203346],[139.7559331734256,35.69812371008344],[139.75597641375424,35.698042230682546],[139.75594369210597,35.69802982393797]]]}},{"type":"Feature","properties":{"id":"building-1690309","sourceId":"1690309","floors":5,"areaSqm":97.4,"primaryUse":"unclassified","primaryUseBasis":"no_place","placeCount":0,"placeIds":[],"placeNames":[],"hasBookstore":false,"hasCafe":false,"hasRestaurant":false,"bookstoreEra":"unknown","oldestBookstoreYear":null,"mixedUse":false,"source":"東京都 令和3年度区部土地利用現況調査・建物現況","observedAt":"2021年度"},"geometry":{"type":"Polygon","coordinates":[[[139.75653620051992,35.69802501422642],[139.75647377738392,35.69812998387841],[139.75654966265864,35.69816004789634],[139.75660378486884,35.69806895399784],[139.75659617966355,35.69804875848325],[139.75653620051992,35.69802501422642]]]}},{"type":"Feature","properties":{"id":"building-1690310","sourceId":"1690310","floors":5,"areaSqm":111.4,"primaryUse":"retail","primaryUseBasis":"floor_unverified","placeCount":1,"placeIds":["osm-node-4030801427"],"placeNames":["LaLaさかいや"],"hasBookstore":false,"hasCafe":false,"hasRestaurant":false,"bookstoreEra":"unknown","oldestBookstoreYear":null,"mixedUse":false,"source":"東京都 令和3年度区部土地利用現況調査・建物現況","observedAt":"2021年度"},"geometry":{"type":"Polygon","coordinates":[[[139.75646439974852,35.69799927937924],[139.75638537492603,35.6981318202755],[139.7564530862215,35.69815863420039],[139.75653211087212,35.698026183396976],[139.75646439974852,35.69799927937924]]]}},{"type":"Feature","properties":{"id":"building-1690311","sourceId":"1690311","floors":7,"areaSqm":355.3,"primaryUse":"unclassified","primaryUseBasis":"no_place","placeCount":0,"placeIds":[],"placeNames":[],"hasBookstore":false,"hasCafe":false,"hasRestaurant":false,"bookstoreEra":"unknown","oldestBookstoreYear":null,"mixedUse":false,"source":"東京都 令和3年度区部土地利用現況調査・建物現況","observedAt":"2021年度"},"geometry":{"type":"Polygon","coordinates":[[[139.75789290869153,35.697928614418984],[139.75774179799134,35.69787128268461],[139.7576953106004,35.69795300765797],[139.7576788518918,35.69794677786835],[139.75764797147505,35.6980004800525],[139.7579542806161,35.69811658831474],[139.75798637824576,35.69806090380295],[139.75784752838146,35.698008266995394],[139.75789290869153,35.697928614418984]]]}},{"type":"Feature","properties":{"id":"building-1690312","sourceId":"1690312","floors":6,"areaSqm":101.5,"primaryUse":"unclassified","primaryUseBasis":"no_place","placeCount":0,"placeIds":[],"placeNames":[],"hasBookstore":false,"hasCafe":false,"hasRestaurant":false,"bookstoreEra":"unknown","oldestBookstoreYear":null,"mixedUse":false,"source":"東京都 令和3年度区部土地利用現況調査・建物現況","observedAt":"2021年度"},"geometry":{"type":"Polygon","coordinates":[[[139.75807109996393,35.69797776043949],[139.75806634056107,35.697986140195965],[139.7580394983194,35.69797611821257],[139.7579937850998,35.69805739309965],[139.75808999751118,35.69809332776659],[139.75813460403953,35.69801376475331],[139.75813262729903,35.698000693667],[139.75807109996393,35.69797776043949]]]}},{"type":"Feature","properties":{"id":"building-1690313","sourceId":"1690313","floors":6,"areaSqm":130.4,"primaryUse":"unclassified","primaryUseBasis":"no_place","placeCount":0,"placeIds":[],"placeNames":[],"hasBookstore":false,"hasCafe":false,"hasRestaurant":false,"bookstoreEra":"unknown","oldestBookstoreYear":null,"mixedUse":false,"source":"東京都 令和3年度区部土地利用現況調査・建物現況","observedAt":"2021年度"},"geometry":{"type":"Polygon","coordinates":[[[139.75830086869598,35.697937342271274],[139.75826235190752,35.69800410970462],[139.7584215263273,35.69806514141625],[139.75846004309687,35.697998283795684],[139.75830086869598,35.697937342271274]]]}},{"type":"Feature","properties":{"id":"building-1690332","sourceId":"1690332","floors":7,"areaSqm":418.5,"primaryUse":"retail","primaryUseBasis":"floor_unverified","placeCount":1,"placeIds":["osm-node-3777876587"],"placeNames":["まいばすけっと"],"hasBookstore":false,"hasCafe":false,"hasRestaurant":false,"bookstoreEra":"unknown","oldestBookstoreYear":null,"mixedUse":false,"source":"東京都 令和3年度区部土地利用現況調査・建物現況","observedAt":"2021年度"},"geometry":{"type":"Polygon","coordinates":[[[139.7555994903178,35.69790660403924],[139.7555283573351,35.69787636221937],[139.75558833974293,35.6977824783172],[139.75549732505874,35.69774375076664],[139.75550263721698,35.697735371468966],[139.7555367676997,35.69774990557411],[139.75554584255312,35.69773566980718],[139.7555568881146,35.69774027392679],[139.75562041172566,35.69764089394289],[139.75553790210253,35.69760586752602],[139.75536216010047,35.69788094180101],[139.7555156924152,35.69794621013471],[139.75552421391643,35.69793287538123],[139.7555702736454,35.69795246485353],[139.7555994903178,35.69790660403924]]]}},{"type":"Feature","properties":{"id":"building-1690333","sourceId":"1690333","floors":5,"areaSqm":88.5,"primaryUse":"unclassified","primaryUseBasis":"no_place","placeCount":0,"placeIds":[],"placeNames":[],"hasBookstore":false,"hasCafe":false,"hasRestaurant":false,"bookstoreEra":"unknown","oldestBookstoreYear":null,"mixedUse":false,"source":"東京都 令和3年度区部土地利用現況調査・建物現況","observedAt":"2021年度"},"geometry":{"type":"Polygon","coordinates":[[[139.75561452608088,35.69789868170015],[139.75556848498337,35.69797373600763],[139.75563763001819,35.69800298501432],[139.7556811792353,35.69799066435935],[139.7557089688729,35.69793497767548],[139.75561452608088,35.69789868170015]]]}},{"type":"Feature","properties":{"id":"building-1690334","sourceId":"1690334","floors":5,"areaSqm":503.2,"primaryUse":"retail","primaryUseBasis":"floor_unverified","placeCount":1,"placeIds":["osm-node-4964137902"],"placeNames":["マルエツプチ"],"hasBookstore":false,"hasCafe":false,"hasRestaurant":false,"bookstoreEra":"unknown","oldestBookstoreYear":null,"mixedUse":false,"source":"東京都 令和3年度区部土地利用現況調査・建物現況","observedAt":"2021年度"},"geometry":{"type":"Polygon","coordinates":[[[139.75612868871912,35.69789495640595],[139.75598711811438,35.69814391379096],[139.75615280906229,35.69820657515153],[139.7562943792635,35.69795761757375],[139.75612868871912,35.69789495640595]]]}},{"type":"Feature","properties":{"id":"building-1690335","sourceId":"1690335","floors":5,"areaSqm":44.1,"primaryUse":"restaurant","primaryUseBasis":"floor_unverified","placeCount":1,"placeIds":["osm-node-6768292069"],"placeNames":["麺屋33"],"hasBookstore":false,"hasCafe":false,"hasRestaurant":true,"bookstoreEra":"unknown","oldestBookstoreYear":null,"mixedUse":false,"source":"東京都 令和3年度区部土地利用現況調査・建物現況","observedAt":"2021年度"},"geometry":{"type":"Polygon","coordinates":[[[139.75734114227717,35.69785111016183],[139.75732553588654,35.6978783216547],[139.75745819937208,35.69792861160631],[139.75747369522702,35.69790140002675],[139.75734114227717,35.69785111016183]]]}},{"type":"Feature","properties":{"id":"building-1690336","sourceId":"1690336","floors":5,"areaSqm":47.3,"primaryUse":"unclassified","primaryUseBasis":"no_place","placeCount":0,"placeIds":[],"placeNames":[],"hasBookstore":false,"hasCafe":false,"hasRestaurant":false,"bookstoreEra":"unknown","oldestBookstoreYear":null,"mixedUse":false,"source":"東京都 令和3年度区部土地利用現況調査・建物現況","observedAt":"2021年度"},"geometry":{"type":"Polygon","coordinates":[[[139.75790463320664,35.69791645328383],[139.75785349660495,35.698007008821186],[139.7578964661553,35.69802317026339],[139.7579474923031,35.69793252450195],[139.75790463320664,35.69791645328383]]]}},{"type":"Feature","properties":{"id":"building-1690337","sourceId":"1690337","floors":5,"areaSqm":87.8,"primaryUse":"unclassified","primaryUseBasis":"no_place","placeCount":0,"placeIds":[],"placeNames":[],"hasBookstore":false,"hasCafe":false,"hasRestaurant":false,"bookstoreEra":"unknown","oldestBookstoreYear":null,"mixedUse":false,"source":"東京都 令和3年度区部土地利用現況調査・建物現況","observedAt":"2021年度"},"geometry":{"type":"Polygon","coordinates":[[[139.75795456272533,35.6979342415309],[139.75790364750952,35.69802443668032],[139.7579836217486,35.69805450235723],[139.75803453697827,35.6979642170375],[139.75795456272533,35.6979342415309]]]}},{"type":"Feature","properties":{"id":"building-1690338","sourceId":"1690338","floors":5,"areaSqm":199.3,"primaryUse":"unclassified","primaryUseBasis":"no_place","placeCount":0,"placeIds":[],"placeNames":[],"hasBookstore":false,"hasCafe":false,"hasRestaurant":false,"bookstoreEra":"unknown","oldestBookstoreYear":null,"mixedUse":false,"source":"東京都 令和3年度区部土地利用現況調査・建物現況","observedAt":"2021年度"},"geometry":{"type":"Polygon","coordinates":[[[139.75844925379155,35.697837562977654],[139.75838460912664,35.6979576752438],[139.75852313053366,35.6980073367104],[139.75858777511533,35.69788713423379],[139.75844925379155,35.697837562977654]]]}},{"type":"Feature","properties":{"id":"building-1690356","sourceId":"1690356","floors":7,"areaSqm":117.5,"primaryUse":"unclassified","primaryUseBasis":"no_place","placeCount":0,"placeIds":[],"placeNames":[],"hasBookstore":false,"hasCafe":false,"hasRestaurant":false,"bookstoreEra":"unknown","oldestBookstoreYear":null,"mixedUse":false,"source":"東京都 令和3年度区部土地利用現況調査・建物現況","observedAt":"2021年度"},"geometry":{"type":"Polygon","coordinates":[[[139.75561598773675,35.697758880300775],[139.75558100787242,35.697822494368594],[139.75573488031344,35.697878929226256],[139.75576797825724,35.697818739104136],[139.75575251370597,35.69781305051313],[139.75575439552964,35.69780962652346],[139.75561598773675,35.697758880300775]]]}},{"type":"Feature","properties":{"id":"building-1690357","sourceId":"1690357","floors":10,"areaSqm":892.1,"primaryUse":"retail","primaryUseBasis":"floor_unverified","placeCount":1,"placeIds":["osm-node-13706202490"],"placeNames":["さかいやスポーツ"],"hasBookstore":false,"hasCafe":false,"hasRestaurant":false,"bookstoreEra":"unknown","oldestBookstoreYear":null,"mixedUse":false,"source":"東京都 令和3年度区部土地利用現況調査・建物現況","observedAt":"2021年度"},"geometry":{"type":"Polygon","coordinates":[[[139.75634600109646,35.69782388743071],[139.75642696818707,35.697854856146414],[139.75651363473222,35.69770402230086],[139.75609974271583,35.697545837588194],[139.7560114153631,35.6976994643168],[139.7560526168069,35.69771517459741],[139.75603391086565,35.69774770201085],[139.75632574546975,35.697859298278864],[139.75634600109646,35.69782388743071]]]}},{"type":"Feature","properties":{"id":"building-1690358","sourceId":"1690358","floors":4,"areaSqm":33.3,"primaryUse":"unclassified","primaryUseBasis":"no_place","placeCount":0,"placeIds":[],"placeNames":[],"hasBookstore":false,"hasCafe":false,"hasRestaurant":false,"bookstoreEra":"unknown","oldestBookstoreYear":null,"mixedUse":false,"source":"東京都 令和3年度区部土地利用現況調査・建物現況","observedAt":"2021年度"},"geometry":{"type":"Polygon","coordinates":[[[139.75657076810683,35.697814386324616],[139.75654862603864,35.697858178739814],[139.75661324797974,35.69787994293825],[139.75663539001863,35.69783615051128],[139.75657076810683,35.697814386324616]]]}},{"type":"Feature","properties":{"id":"building-1690359","sourceId":"1690359","floors":4,"areaSqm":27.9,"primaryUse":"unclassified","primaryUseBasis":"no_place","placeCount":0,"placeIds":[],"placeNames":[],"hasBookstore":false,"hasCafe":false,"hasRestaurant":false,"bookstoreEra":"unknown","oldestBookstoreYear":null,"mixedUse":false,"source":"東京都 令和3年度区部土地利用現況調査・建物現況","observedAt":"2021年度"},"geometry":{"type":"Polygon","coordinates":[[[139.75682506930974,35.69777281483443],[139.75679983407076,35.697815884234934],[139.75685241270796,35.69783637873076],[139.7568776478391,35.6977933994562],[139.75682506930974,35.69777281483443]]]}},{"type":"Feature","properties":{"id":"building-1690360","sourceId":"1690360","floors":4,"areaSqm":42.9,"primaryUse":"unclassified","primaryUseBasis":"no_place","placeCount":0,"placeIds":[],"placeNames":[],"hasBookstore":false,"hasCafe":false,"hasRestaurant":false,"bookstoreEra":"unknown","oldestBookstoreYear":null,"mixedUse":false,"source":"東京都 令和3年度区部土地利用現況調査・建物現況","observedAt":"2021年度"},"geometry":{"type":"Polygon","coordinates":[[[139.75763609949533,35.69781785521309],[139.7575871758173,35.69790507696464],[139.75762760468442,35.6979202453983],[139.7576766389133,35.69783293356309],[139.75763609949533,35.69781785521309]]]}},{"type":"Feature","properties":{"id":"building-1690361","sourceId":"1690361","floors":5,"areaSqm":308.3,"primaryUse":"unclassified","primaryUseBasis":"no_place","placeCount":0,"placeIds":[],"placeNames":[],"hasBookstore":false,"hasCafe":false,"hasRestaurant":false,"bookstoreEra":"unknown","oldestBookstoreYear":null,"mixedUse":false,"source":"東京都 令和3年度区部土地利用現況調査・建物現況","observedAt":"2021年度"},"geometry":{"type":"Polygon","coordinates":[[[139.75814353277565,35.697801588050034],[139.75812427389116,35.69783546749659],[139.75795438450854,35.69777136402579],[139.7579069011911,35.697854891196876],[139.75802034486807,35.697897777258284],[139.75801802257803,35.69789966868038],[139.75816692453384,35.69795591704577],[139.75823499478236,35.69783607744459],[139.75814353277565,35.697801588050034]]]}},{"type":"Feature","properties":{"id":"building-1690362","sourceId":"1690362","floors":5,"areaSqm":177.0,"primaryUse":"bookstore","primaryUseBasis":"floor_unverified","placeCount":1,"placeIds":["osm-node-7942634252"],"placeNames":["にほんご書店そうがく社"],"hasBookstore":true,"hasCafe":false,"hasRestaurant":false,"bookstoreEra":"unknown","oldestBookstoreYear":null,"mixedUse":false,"source":"東京都 令和3年度区部土地利用現況調査・建物現況","observedAt":"2021年度"},"geometry":{"type":"Polygon","coordinates":[[[139.75856462098363,35.69771414712466],[139.75852223010776,35.69778830346405],[139.75871763609118,35.69786260742374],[139.7587600267418,35.697788541153145],[139.75856462098363,35.69771414712466]]]}},{"type":"Feature","properties":{"id":"building-1690381","sourceId":"1690381","floors":8,"areaSqm":649.3,"primaryUse":"retail","primaryUseBasis":"confirmed_ground_floor","placeCount":1,"placeIds":["osm-node-2172603816"],"placeNames":["セブン-イレブン"],"hasBookstore":false,"hasCafe":false,"hasRestaurant":false,"bookstoreEra":"unknown","oldestBookstoreYear":null,"mixedUse":false,"source":"東京都 令和3年度区部土地利用現況調査・建物現況","observedAt":"2021年度"},"geometry":{"type":"Polygon","coordinates":[[[139.75501526367862,35.69765145247708],[139.75501884510314,35.697653597361516],[139.755121900767,35.697696748905386],[139.7551618522526,35.69763322833544],[139.75505868725372,35.697590076754246],[139.75505581804026,35.697586199001336],[139.7548141387523,35.69748707127111],[139.75479116238148,35.6975277512945],[139.75466207372364,35.697472937667804],[139.7546193748458,35.69755112155225],[139.75463326605052,35.69758348978584],[139.75497126284688,35.697722250720204],[139.75501526367862,35.69765145247708]]]}},{"type":"Feature","properties":{"id":"building-1690382","sourceId":"1690382","floors":8,"areaSqm":53.6,"primaryUse":"unclassified","primaryUseBasis":"no_place","placeCount":0,"placeIds":[],"placeNames":[],"hasBookstore":false,"hasCafe":false,"hasRestaurant":false,"bookstoreEra":"unknown","oldestBookstoreYear":null,"mixedUse":false,"source":"東京都 令和3年度区部土地利用現況調査・建物現況","observedAt":"2021年度"},"geometry":{"type":"Polygon","coordinates":[[[139.75568132119406,35.69773025892728],[139.7556575222076,35.69777296846711],[139.75576102371778,35.69781152367007],[139.75578482266056,35.69776881410997],[139.75568132119406,35.69773025892728]]]}},{"type":"Feature","properties":{"id":"building-1690383","sourceId":"1690383","floors":4,"areaSqm":57.4,"primaryUse":"restaurant","primaryUseBasis":"floor_unverified","placeCount":1,"placeIds":["osm-node-6299113690"],"placeNames":["キッチン マミー"],"hasBookstore":false,"hasCafe":false,"hasRestaurant":true,"bookstoreEra":"unknown","oldestBookstoreYear":null,"mixedUse":false,"source":"東京都 令和3年度区部土地利用現況調査・建物現況","observedAt":"2021年度"},"geometry":{"type":"Polygon","coordinates":[[[139.7566346468443,35.69770523789558],[139.75659725444945,35.69777350178704],[139.75666482840973,35.69779809363194],[139.75670673196922,35.69773152536263],[139.7566346468443,35.69770523789558]]]}},{"type":"Feature","properties":{"id":"building-1690384","sourceId":"1690384","floors":4,"areaSqm":129.3,"primaryUse":"unclassified","primaryUseBasis":"no_place","placeCount":0,"placeIds":[],"placeNames":[],"hasBookstore":false,"hasCafe":false,"hasRestaurant":false,"bookstoreEra":"unknown","oldestBookstoreYear":null,"mixedUse":false,"source":"東京都 令和3年度区部土地利用現況調査・建物現況","observedAt":"2021年度"},"geometry":{"type":"Polygon","coordinates":[[[139.75671018610916,35.69773278497126],[139.75666801744597,35.69779925392231],[139.75662162581085,35.69788373673172],[139.7566929400168,35.697909795668686],[139.75677672388994,35.697757048896946],[139.75671018610916,35.69773278497126]]]}},{"type":"Feature","properties":{"id":"building-1690385","sourceId":"1690385","floors":10,"areaSqm":119.7,"primaryUse":"restaurant","primaryUseBasis":"floor_unverified","placeCount":1,"placeIds":["osm-node-13108052164"],"placeNames":["甘蘭牛角麺"],"hasBookstore":false,"hasCafe":false,"hasRestaurant":true,"bookstoreEra":"unknown","oldestBookstoreYear":null,"mixedUse":false,"source":"東京都 令和3年度区部土地利用現況調査・建物現況","observedAt":"2021年度"},"geometry":{"type":"Polygon","coordinates":[[[139.7576565303531,35.697713309244186],[139.75763035065918,35.6977039185441],[139.7576380993036,35.69768950151124],[139.75747704482438,35.697631532230886],[139.75746731927757,35.69763314856618],[139.75744208323215,35.69767748001882],[139.75744804366616,35.6976844243186],[139.75760633418994,35.69774401436292],[139.75761087109208,35.69773725694873],[139.7576382658717,35.697747099101626],[139.7576565303531,35.697713309244186]]]}},{"type":"Feature","properties":{"id":"building-1690397","sourceId":"1690397","floors":5,"areaSqm":63.3,"primaryUse":"unclassified","primaryUseBasis":"no_place","placeCount":0,"placeIds":[],"placeNames":[],"hasBookstore":false,"hasCafe":false,"hasRestaurant":false,"bookstoreEra":"unknown","oldestBookstoreYear":null,"mixedUse":false,"source":"東京都 令和3年度区部土地利用現況調査・建物現況","observedAt":"2021年度"},"geometry":{"type":"Polygon","coordinates":[[[139.75679308314722,35.69759549519798],[139.7567535686118,35.69766451494003],[139.75682846042693,35.69769313596176],[139.7568680854121,35.697624116265565],[139.75679308314722,35.69759549519798]]]}},{"type":"Feature","properties":{"id":"building-1690398","sourceId":"1690398","floors":3,"areaSqm":191.5,"primaryUse":"unclassified","primaryUseBasis":"no_place","placeCount":0,"placeIds":[],"placeNames":[],"hasBookstore":false,"hasCafe":false,"hasRestaurant":false,"bookstoreEra":"unknown","oldestBookstoreYear":null,"mixedUse":false,"source":"東京都 令和3年度区部土地利用現況調査・建物現況","observedAt":"2021年度"},"geometry":{"type":"Polygon","coordinates":[[[139.75819059666767,35.697575914613175],[139.75813282052678,35.69767719242222],[139.7582876868838,35.69773587806263],[139.7583454628715,35.69763460018006],[139.75819059666767,35.697575914613175]]]}},{"type":"Feature","properties":{"id":"building-1690399","sourceId":"1690399","floors":2,"areaSqm":71.5,"primaryUse":"unclassified","primaryUseBasis":"no_place","placeCount":0,"placeIds":[],"placeNames":[],"hasBookstore":false,"hasCafe":false,"hasRestaurant":false,"bookstoreEra":"unknown","oldestBookstoreYear":null,"mixedUse":false,"source":"東京都 令和3年度区部土地利用現況調査・建物現況","observedAt":"2021年度"},"geometry":{"type":"Polygon","coordinates":[[[139.75909184870318,35.697561691381765],[139.7590689405158,35.697599084069935],[139.75922137340407,35.6976610119377],[139.7592442816215,35.69762352908399],[139.75909184870318,35.697561691381765]]]}},{"type":"Feature","properties":{"id":"building-1690418","sourceId":"1690418","floors":4,"areaSqm":80.3,"primaryUse":"unclassified","primaryUseBasis":"no_place","placeCount":0,"placeIds":[],"placeNames":[],"hasBookstore":false,"hasCafe":false,"hasRestaurant":false,"bookstoreEra":"unknown","oldestBookstoreYear":null,"mixedUse":false,"source":"東京都 令和3年度区部土地利用現況調査・建物現況","observedAt":"2021年度"},"geometry":{"type":"Polygon","coordinates":[[[139.75513325623334,35.69748689502118],[139.7550923054953,35.697554200683975],[139.75517238624357,35.69758679213279],[139.75519515294633,35.69758302116309],[139.755229684508,35.69752607704559],[139.75513325623334,35.69748689502118]]]}},{"type":"Feature","properties":{"id":"building-1690419","sourceId":"1690419","floors":7,"areaSqm":108.7,"primaryUse":"unclassified","primaryUseBasis":"no_place","placeCount":0,"placeIds":[],"placeNames":[],"hasBookstore":false,"hasCafe":false,"hasRestaurant":false,"bookstoreEra":"unknown","oldestBookstoreYear":null,"mixedUse":false,"source":"東京都 令和3年度区部土地利用現況調査・建物現況","observedAt":"2021年度"},"geometry":{"type":"Polygon","coordinates":[[[139.75576541146512,35.697502537170486],[139.75572965841894,35.69756606064922],[139.75587049503528,35.69761879131769],[139.7559061375806,35.697555177589656],[139.75576541146512,35.697502537170486]]]}},{"type":"Feature","properties":{"id":"building-1690420","sourceId":"1690420","floors":5,"areaSqm":60.9,"primaryUse":"unclassified","primaryUseBasis":"no_place","placeCount":0,"placeIds":[],"placeNames":[],"hasBookstore":false,"hasCafe":false,"hasRestaurant":false,"bookstoreEra":"unknown","oldestBookstoreYear":null,"mixedUse":false,"source":"東京都 令和3年度区部土地利用現況調査・建物現況","observedAt":"2021年度"},"geometry":{"type":"Polygon","coordinates":[[[139.7567197415401,35.69756363021165],[139.75667856617758,35.69763607407499],[139.7567473828438,35.69766216744497],[139.75678866857146,35.697589813765454],[139.7567197415401,35.69756363021165]]]}},{"type":"Feature","properties":{"id":"building-1690421","sourceId":"1690421","floors":5,"areaSqm":190.4,"primaryUse":"unclassified","primaryUseBasis":"no_place","placeCount":0,"placeIds":[],"placeNames":[],"hasBookstore":false,"hasCafe":false,"hasRestaurant":false,"bookstoreEra":"unknown","oldestBookstoreYear":null,"mixedUse":false,"source":"東京都 令和3年度区部土地利用現況調査・建物現況","observedAt":"2021年度"},"geometry":{"type":"Polygon","coordinates":[[[139.7569522496919,35.69743100629569],[139.7568258835968,35.69738306334539],[139.756751834979,35.69751299368876],[139.7568244071854,35.69754053159496],[139.7568331514056,35.69752512374032],[139.75688694544658,35.69754552885744],[139.7569522496919,35.69743100629569]]]}},{"type":"Feature","properties":{"id":"building-1690422","sourceId":"1690422","floors":3,"areaSqm":187.9,"primaryUse":"bookstore","primaryUseBasis":"floor_unverified","placeCount":2,"placeIds":["osm-node-13108052162","osm-node-13108052165"],"placeNames":["誠心堂書店","文化堂"],"hasBookstore":true,"hasCafe":false,"hasRestaurant":false,"bookstoreEra":"unknown","oldestBookstoreYear":null,"mixedUse":true,"source":"東京都 令和3年度区部土地利用現況調査・建物現況","observedAt":"2021年度"},"geometry":{"type":"Polygon","coordinates":[[[139.75697292069765,35.697555248808],[139.7569707079476,35.697558131785506],[139.75695955105618,35.69755433895705],[139.75691306279418,35.697636334042436],[139.7569942547697,35.697664418139176],[139.75709587931118,35.697701889362115],[139.75714347619788,35.69761592888454],[139.75704185063805,35.697578457700665],[139.75697292069765,35.697555248808]]]}},{"type":"Feature","properties":{"id":"building-1690423","sourceId":"1690423","floors":6,"areaSqm":74.5,"primaryUse":"restaurant","primaryUseBasis":"floor_unverified","placeCount":1,"placeIds":["osm-node-3888589355"],"placeNames":["ANGOLO"],"hasBookstore":false,"hasCafe":false,"hasRestaurant":true,"bookstoreEra":"unknown","oldestBookstoreYear":null,"mixedUse":false,"source":"東京都 令和3年度区部土地利用現況調査・建物現況","observedAt":"2021年度"},"geometry":{"type":"Polygon","coordinates":[[[139.757535723588,35.697511416689814],[139.75751613062764,35.69754781966381],[139.75768215380984,35.69760966790255],[139.75769720735641,35.69758263628856],[139.7576949003894,35.69756830306991],[139.757535723588,35.697511416689814]]]}},{"type":"Feature","properties":{"id":"building-1690424","sourceId":"1690424","floors":9,"areaSqm":291.8,"primaryUse":"unclassified","primaryUseBasis":"no_place","placeCount":0,"placeIds":[],"placeNames":[],"hasBookstore":false,"hasCafe":false,"hasRestaurant":false,"bookstoreEra":"unknown","oldestBookstoreYear":null,"mixedUse":false,"source":"東京都 令和3年度区部土地利用現況調査・建物現況","observedAt":"2021年度"},"geometry":{"type":"Polygon","coordinates":[[[139.7578048821643,35.697414868963314],[139.75781880004237,35.69742028591008],[139.7578537749815,35.697359825975504],[139.75766323216024,35.69728642503483],[139.7575933928468,35.697406984305665],[139.7577396415059,35.69746332167093],[139.7577087616573,35.697516663327825],[139.75773924858626,35.697528400275836],[139.7578048821643,35.697414868963314]]]}},{"type":"Feature","properties":{"id":"building-1690425","sourceId":"1690425","floors":5,"areaSqm":180.7,"primaryUse":"unclassified","primaryUseBasis":"no_place","placeCount":0,"placeIds":[],"placeNames":[],"hasBookstore":false,"hasCafe":false,"hasRestaurant":false,"bookstoreEra":"unknown","oldestBookstoreYear":null,"mixedUse":false,"source":"東京都 令和3年度区部土地利用現況調査・建物現況","observedAt":"2021年度"},"geometry":{"type":"Polygon","coordinates":[[[139.7580222510522,35.697515778223526],[139.75796613393982,35.69761525425317],[139.75811536700053,35.69767132261817],[139.75817159438253,35.697571936725545],[139.7580222510522,35.697515778223526]]]}},{"type":"Feature","properties":{"id":"building-1690426","sourceId":"1690426","floors":5,"areaSqm":106.5,"primaryUse":"unclassified","primaryUseBasis":"no_place","placeCount":0,"placeIds":[],"placeNames":[],"hasBookstore":false,"hasCafe":false,"hasRestaurant":false,"bookstoreEra":"unknown","oldestBookstoreYear":null,"mixedUse":false,"source":"東京都 令和3年度区部土地利用現況調査・建物現況","observedAt":"2021年度"},"geometry":{"type":"Polygon","coordinates":[[[139.75871742416814,35.69749701197922],[139.7585632190206,35.6974404004492],[139.75853067692682,35.69749941991055],[139.75864279611687,35.69754050182647],[139.7586464486681,35.697534014234954],[139.75868853479736,35.697549453752224],[139.75871742416814,35.69749701197922]]]}},{"type":"Feature","properties":{"id":"building-1690427","sourceId":"1690427","floors":4,"areaSqm":57.4,"primaryUse":"unclassified","primaryUseBasis":"no_place","placeCount":0,"placeIds":[],"placeNames":[],"hasBookstore":false,"hasCafe":false,"hasRestaurant":false,"bookstoreEra":"unknown","oldestBookstoreYear":null,"mixedUse":false,"source":"東京都 令和3年度区部土地利用現況調査・建物現況","observedAt":"2021年度"},"geometry":{"type":"Polygon","coordinates":[[[139.75878137476835,35.69752805870118],[139.75872359756139,35.69763131980649],[139.758769439251,35.69764838408735],[139.75882721641125,35.69754512296029],[139.75878137476835,35.69752805870118]]]}},{"type":"Feature","properties":{"id":"building-1690428","sourceId":"1690428","floors":6,"areaSqm":158.4,"primaryUse":"unclassified","primaryUseBasis":"no_place","placeCount":0,"placeIds":[],"placeNames":[],"hasBookstore":false,"hasCafe":false,"hasRestaurant":false,"bookstoreEra":"unknown","oldestBookstoreYear":null,"mixedUse":false,"source":"東京都 令和3年度区部土地利用現況調査・建物現況","observedAt":"2021年度"},"geometry":{"type":"Polygon","coordinates":[[[139.75905639449562,35.697544092811945],[139.75907263197834,35.697550592687904],[139.75913848193034,35.69744003529928],[139.75902360414474,35.697394625569466],[139.75897524034198,35.697475809064684],[139.75902627256625,35.697496031246345],[139.7589891972784,35.69755829296177],[139.75903702622793,35.69757725124346],[139.75905639449562,35.697544092811945]]]}},{"type":"Feature","properties":{"id":"building-1690429","sourceId":"1690429","floors":5,"areaSqm":169.2,"primaryUse":"bookstore","primaryUseBasis":"confirmed_ground_floor","placeCount":2,"placeIds":["osm-node-5613596243","osm-node-5613596246"],"placeNames":["Nauka Japan","BLUE BLUE KANDA"],"hasBookstore":true,"hasCafe":false,"hasRestaurant":false,"bookstoreEra":"unknown","oldestBookstoreYear":null,"mixedUse":true,"source":"東京都 令和3年度区部土地利用現況調査・建物現況","observedAt":"2021年度"},"geometry":{"type":"Polygon","coordinates":[[[139.75918348534756,35.697527045152086],[139.75928842224351,35.69756830231606],[139.7593221775578,35.697511176271334],[139.75914754066432,35.697442474579134],[139.75908246464064,35.6975525817655],[139.75915216476892,35.69758002636011],[139.75918348534756,35.697527045152086]]]}},{"type":"Feature","properties":{"id":"building-1690447","sourceId":"1690447","floors":6,"areaSqm":53.5,"primaryUse":"unclassified","primaryUseBasis":"no_place","placeCount":0,"placeIds":[],"placeNames":[],"hasBookstore":false,"hasCafe":false,"hasRestaurant":false,"bookstoreEra":"unknown","oldestBookstoreYear":null,"mixedUse":false,"source":"東京都 令和3年度区部土地利用現況調査・建物現況","observedAt":"2021年度"},"geometry":{"type":"Polygon","coordinates":[[[139.7546805919687,35.697436254130686],[139.75466336115417,35.697470579626206],[139.75478908940883,35.69752436259679],[139.75480801290547,35.69749017519587],[139.7546805919687,35.697436254130686]]]}},{"type":"Feature","properties":{"id":"building-1690448","sourceId":"1690448","floors":4,"areaSqm":50.4,"primaryUse":"unclassified","primaryUseBasis":"no_place","placeCount":0,"placeIds":[],"placeNames":[],"hasBookstore":false,"hasCafe":false,"hasRestaurant":false,"bookstoreEra":"unknown","oldestBookstoreYear":null,"mixedUse":false,"source":"東京都 令和3年度区部土地利用現況調査・建物現況","observedAt":"2021年度"},"geometry":{"type":"Polygon","coordinates":[[[139.7551498751232,35.69744192749701],[139.75512685436738,35.69747958977225],[139.75523355490705,35.69752310503869],[139.75525668612525,35.69748544281495],[139.7551498751232,35.69744192749701]]]}},{"type":"Feature","properties":{"id":"building-1690449","sourceId":"1690449","floors":5,"areaSqm":165.6,"primaryUse":"unclassified","primaryUseBasis":"no_place","placeCount":0,"placeIds":[],"placeNames":[],"hasBookstore":false,"hasCafe":false,"hasRestaurant":false,"bookstoreEra":"unknown","oldestBookstoreYear":null,"mixedUse":false,"source":"東京都 令和3年度区部土地利用現況調査・建物現況","observedAt":"2021年度"},"geometry":{"type":"Polygon","coordinates":[[[139.75582396475454,35.69740044976468],[139.7557669644871,35.697496318724276],[139.75590614115305,35.697551481978586],[139.75596325179328,35.69745561302481],[139.75582396475454,35.69740044976468]]]}},{"type":"Feature","properties":{"id":"building-1690450","sourceId":"1690450","floors":3,"areaSqm":128.2,"primaryUse":"retail","primaryUseBasis":"floor_unverified","placeCount":1,"placeIds":["osm-node-13705640483"],"placeNames":["信誠堂"],"hasBookstore":false,"hasCafe":false,"hasRestaurant":false,"bookstoreEra":"unknown","oldestBookstoreYear":null,"mixedUse":false,"source":"東京都 令和3年度区部土地利用現況調査・建物現況","observedAt":"2021年度"},"geometry":{"type":"Polygon","coordinates":[[[139.75646950506047,35.697400322874195],[139.75639622943535,35.69753016335474],[139.7564774177677,35.69756059135782],[139.75655069320283,35.69743084096525],[139.75646950506047,35.697400322874195]]]}},{"type":"Feature","properties":{"id":"building-1690451","sourceId":"1690451","floors":5,"areaSqm":73.2,"primaryUse":"unclassified","primaryUseBasis":"no_place","placeCount":0,"placeIds":[],"placeNames":[],"hasBookstore":false,"hasCafe":false,"hasRestaurant":false,"bookstoreEra":"unknown","oldestBookstoreYear":null,"mixedUse":false,"source":"東京都 令和3年度区部土地利用現況調査・建物現況","observedAt":"2021年度"},"geometry":{"type":"Polygon","coordinates":[[[139.75663706937758,35.69746713106949],[139.7565654538825,35.69759444887594],[139.75661273098643,35.69761214585172],[139.7566843464223,35.69748482801746],[139.75663706937758,35.69746713106949]]]}},{"type":"Feature","properties":{"id":"building-1690452","sourceId":"1690452","floors":5,"areaSqm":125.2,"primaryUse":"unclassified","primaryUseBasis":"no_place","placeCount":0,"placeIds":[],"placeNames":[],"hasBookstore":false,"hasCafe":false,"hasRestaurant":false,"bookstoreEra":"unknown","oldestBookstoreYear":null,"mixedUse":false,"source":"東京都 令和3年度区部土地利用現況調査・建物現況","observedAt":"2021年度"},"geometry":{"type":"Polygon","coordinates":[[[139.75656583392637,35.6974285070622],[139.75648835173456,35.697566367100684],[139.75656313355398,35.69759426712233],[139.75664061555796,35.69745649717308],[139.75656583392637,35.6974285070622]]]}},{"type":"Feature","properties":{"id":"building-1690453","sourceId":"1690453","floors":5,"areaSqm":115.7,"primaryUse":"unclassified","primaryUseBasis":"no_place","placeCount":0,"placeIds":[],"placeNames":[],"hasBookstore":false,"hasCafe":false,"hasRestaurant":false,"bookstoreEra":"unknown","oldestBookstoreYear":null,"mixedUse":false,"source":"東京都 令和3年度区部土地利用現況調査・建物現況","observedAt":"2021年度"},"geometry":{"type":"Polygon","coordinates":[[[139.75781403393256,35.697435786469384],[139.75775846707677,35.697537426034586],[139.75785302270157,35.697571827525906],[139.7579085894614,35.69747018791754],[139.75781403393256,35.697435786469384]]]}},{"type":"Feature","properties":{"id":"building-1690454","sourceId":"1690454","floors":5,"areaSqm":63.7,"primaryUse":"unclassified","primaryUseBasis":"no_place","placeCount":0,"placeIds":[],"placeNames":[],"hasBookstore":false,"hasCafe":false,"hasRestaurant":false,"bookstoreEra":"unknown","oldestBookstoreYear":null,"mixedUse":false,"source":"東京都 令和3年度区部土地利用現況調査・建物現況","observedAt":"2021年度"},"geometry":{"type":"Polygon","coordinates":[[[139.75793783049747,35.69739683478728],[139.75790196906,35.69745999829784],[139.75798481463082,35.697491237555575],[139.7580205654325,35.69742816408834],[139.75793783049747,35.69739683478728]]]}},{"type":"Feature","properties":{"id":"building-1690455","sourceId":"1690455","floors":4,"areaSqm":64.7,"primaryUse":"unclassified","primaryUseBasis":"no_place","placeCount":0,"placeIds":[],"placeNames":[],"hasBookstore":false,"hasCafe":false,"hasRestaurant":false,"bookstoreEra":"unknown","oldestBookstoreYear":null,"mixedUse":false,"source":"東京都 令和3年度区部土地利用現況調査・建物現況","observedAt":"2021年度"},"geometry":{"type":"Polygon","coordinates":[[[139.75806839771647,35.69744324686987],[139.75803308767436,35.697507672680594],[139.75811648669222,35.6975380108246],[139.75815179668066,35.69747358498967],[139.75806839771647,35.69744324686987]]]}},{"type":"Feature","properties":{"id":"building-1690456","sourceId":"1690456","floors":5,"areaSqm":71.4,"primaryUse":"restaurant","primaryUseBasis":"floor_unverified","placeCount":1,"placeIds":["osm-node-4870555922"],"placeNames":["天ぷら いもや 神保町1丁目"],"hasBookstore":false,"hasCafe":false,"hasRestaurant":true,"bookstoreEra":"unknown","oldestBookstoreYear":null,"mixedUse":false,"source":"東京都 令和3年度区部土地利用現況調査・建物現況","observedAt":"2021年度"},"geometry":{"type":"Polygon","coordinates":[[[139.75828500589634,35.69741300596949],[139.75830875499818,35.69742194432819],[139.75835911586287,35.697332830295615],[139.75830366451544,35.69731197411796],[139.75823681149782,35.69743055261132],[139.75826840330126,35.6974424703886],[139.75828500589634,35.69741300596949]]]}},{"type":"Feature","properties":{"id":"building-1690485","sourceId":"1690485","floors":8,"areaSqm":89.3,"primaryUse":"unclassified","primaryUseBasis":"no_place","placeCount":0,"placeIds":[],"placeNames":[],"hasBookstore":false,"hasCafe":false,"hasRestaurant":false,"bookstoreEra":"unknown","oldestBookstoreYear":null,"mixedUse":false,"source":"東京都 令和3年度区部土地利用現況調査・建物現況","observedAt":"2021年度"},"geometry":{"type":"Polygon","coordinates":[[[139.7547561889637,35.6973037616773],[139.75472973284172,35.69735133669536],[139.75480617107718,35.697379509301335],[139.75481956513875,35.697355451482316],[139.75483911652375,35.69736267518605],[139.75482472602522,35.69738871536943],[139.75489111246625,35.69741318575174],[139.75491856486371,35.69736371847247],[139.7547561889637,35.6973037616773]]]}},{"type":"Feature","properties":{"id":"building-1690486","sourceId":"1690486","floors":2,"areaSqm":34.5,"primaryUse":"unclassified","primaryUseBasis":"no_place","placeCount":0,"placeIds":[],"placeNames":[],"hasBookstore":false,"hasCafe":false,"hasRestaurant":false,"bookstoreEra":"unknown","oldestBookstoreYear":null,"mixedUse":false,"source":"東京都 令和3年度区部土地利用現況調査・建物現況","observedAt":"2021年度"},"geometry":{"type":"Polygon","coordinates":[[[139.755242038287,35.69732219536327],[139.75522189798582,35.69735228802532],[139.75530970715943,35.697391464393185],[139.75532995793728,35.69736137178822],[139.755242038287,35.69732219536327]]]}},{"type":"Feature","properties":{"id":"building-1690487","sourceId":"1690487","floors":2,"areaSqm":75.9,"primaryUse":"unclassified","primaryUseBasis":"no_place","placeCount":0,"placeIds":[],"placeNames":[],"hasBookstore":false,"hasCafe":false,"hasRestaurant":false,"bookstoreEra":"unknown","oldestBookstoreYear":null,"mixedUse":false,"source":"東京都 令和3年度区部土地利用現況調査・建物現況","observedAt":"2021年度"},"geometry":{"type":"Polygon","coordinates":[[[139.75658974852584,35.69737984837732],[139.756584988831,35.69738840834961],[139.75656875115172,35.6973823588225],[139.75654816250778,35.697419572236754],[139.75668988375156,35.69747194196463],[139.75671279654748,35.69743085411854],[139.75669600652327,35.6974246239832],[139.75669855250376,35.697419938484565],[139.75658974852584,35.69737984837732]]]}},{"type":"Feature","properties":{"id":"building-1690488","sourceId":"1690488","floors":6,"areaSqm":353.3,"primaryUse":"unclassified","primaryUseBasis":"no_place","placeCount":0,"placeIds":[],"placeNames":[],"hasBookstore":false,"hasCafe":false,"hasRestaurant":false,"bookstoreEra":"unknown","oldestBookstoreYear":null,"mixedUse":false,"source":"東京都 令和3年度区部土地利用現況調査・建物現況","observedAt":"2021年度"},"geometry":{"type":"Polygon","coordinates":[[[139.7568309452313,35.697174039053486],[139.75669154396059,35.69712266247254],[139.75662003754772,35.6972518732637],[139.75658192857728,35.697237877749394],[139.75654695013992,35.697301041420346],[139.75672446067105,35.69736641364855],[139.7568309452313,35.697174039053486]]]}},{"type":"Feature","properties":{"id":"building-1690489","sourceId":"1690489","floors":3,"areaSqm":102.8,"primaryUse":"unclassified","primaryUseBasis":"no_place","placeCount":0,"placeIds":[],"placeNames":[],"hasBookstore":false,"hasCafe":false,"hasRestaurant":false,"bookstoreEra":"unknown","oldestBookstoreYear":null,"mixedUse":false,"source":"東京都 令和3年度区部土地利用現況調査・建物現況","observedAt":"2021年度"},"geometry":{"type":"Polygon","coordinates":[[[139.75686219481696,35.69731259935067],[139.75682854506158,35.69737314997631],[139.75696871975336,35.6974251578458],[139.75700236942475,35.6973646071814],[139.75686219481696,35.69731259935067]]]}},{"type":"Feature","properties":{"id":"building-1690490","sourceId":"1690490","floors":7,"areaSqm":117.9,"primaryUse":"restaurant","primaryUseBasis":"floor_unverified","placeCount":1,"placeIds":["osm-node-3606951991"],"placeNames":["華龍飯店"],"hasBookstore":false,"hasCafe":false,"hasRestaurant":true,"bookstoreEra":"unknown","oldestBookstoreYear":null,"mixedUse":false,"source":"東京都 令和3年度区部土地利用現況調査・建物現況","observedAt":"2021年度"},"geometry":{"type":"Polygon","coordinates":[[[139.75835001809682,35.6973721243243],[139.75830253492248,35.69745619247898],[139.75841763532517,35.697499529885825],[139.75846522890436,35.69741546175494],[139.75835001809682,35.6973721243243]]]}},{"type":"Feature","properties":{"id":"building-1690491","sourceId":"1690491","floors":6,"areaSqm":90.8,"primaryUse":"cafe","primaryUseBasis":"confirmed_ground_floor","placeCount":1,"placeIds":["osm-node-6896063116"],"placeNames":["青海珈琲"],"hasBookstore":false,"hasCafe":true,"hasRestaurant":false,"bookstoreEra":"unknown","oldestBookstoreYear":null,"mixedUse":false,"source":"東京都 令和3年度区部土地利用現況調査・建物現況","observedAt":"2021年度"},"geometry":{"type":"Polygon","coordinates":[[[139.75929737444912,35.697327371847564],[139.75925399537695,35.69739566894261],[139.75936954103855,35.69743594105881],[139.7594110288938,35.697381343572495],[139.75929737444912,35.697327371847564]]]}},{"type":"Feature","properties":{"id":"building-1690492","sourceId":"1690492","floors":7,"areaSqm":119.5,"primaryUse":"retail","primaryUseBasis":"floor_unverified","placeCount":1,"placeIds":["osm-way-175987628"],"placeNames":["カンダハー本店"],"hasBookstore":false,"hasCafe":false,"hasRestaurant":false,"bookstoreEra":"unknown","oldestBookstoreYear":null,"mixedUse":false,"source":"東京都 令和3年度区部土地利用現況調査・建物現況","observedAt":"2021年度"},"geometry":{"type":"Polygon","coordinates":[[[139.75944179007266,35.69733557290522],[139.7594514011364,35.6973381927751],[139.75947884121896,35.697299000054585],[139.75931559293835,35.69722291436339],[139.75927852658566,35.697275892073925],[139.7593156384682,35.69729322118759],[139.759313093561,35.69729691523636],[139.7594303937158,35.697351700417244],[139.75944179007266,35.69733557290522]]]}},{"type":"Feature","properties":{"id":"building-1690515","sourceId":"1690515","floors":8,"areaSqm":70.1,"primaryUse":"unclassified","primaryUseBasis":"no_place","placeCount":0,"placeIds":[],"placeNames":[],"hasBookstore":false,"hasCafe":false,"hasRestaurant":false,"bookstoreEra":"unknown","oldestBookstoreYear":null,"mixedUse":false,"source":"東京都 令和3年度区部土地利用現況調査・建物現況","observedAt":"2021年度"},"geometry":{"type":"Polygon","coordinates":[[[139.75433764852946,35.69727638356997],[139.75429625624858,35.697343778811145],[139.7543793165927,35.69737754182042],[139.7544204890157,35.69731005627001],[139.75433764852946,35.69727638356997]]]}},{"type":"Feature","properties":{"id":"building-1690516","sourceId":"1690516","floors":5,"areaSqm":36.8,"primaryUse":"unclassified","primaryUseBasis":"no_place","placeCount":0,"placeIds":[],"placeNames":[],"hasBookstore":false,"hasCafe":false,"hasRestaurant":false,"bookstoreEra":"unknown","oldestBookstoreYear":null,"mixedUse":false,"source":"東京都 令和3年度区部土地利用現況調査・建物現況","observedAt":"2021年度"},"geometry":{"type":"Polygon","coordinates":[[[139.75525433968846,35.697285337344795],[139.7552349727231,35.69731561078467],[139.7553301839402,35.697356234130574],[139.75534955087946,35.69732596067556],[139.75525433968846,35.697285337344795]]]}},{"type":"Feature","properties":{"id":"building-1690517","sourceId":"1690517","floors":5,"areaSqm":88.8,"primaryUse":"restaurant","primaryUseBasis":"floor_unverified","placeCount":1,"placeIds":["osm-node-6942382886"],"placeNames":["スープデリ"],"hasBookstore":false,"hasCafe":false,"hasRestaurant":true,"bookstoreEra":"unknown","oldestBookstoreYear":null,"mixedUse":false,"source":"東京都 令和3年度区部土地利用現況調査・建物現況","observedAt":"2021年度"},"geometry":{"type":"Polygon","coordinates":[[[139.75530756833302,35.69720496972982],[139.75525986923867,35.69728065381171],[139.7553524302774,35.69731938254615],[139.75540001880793,35.69724369835645],[139.75530756833302,35.69720496972982]]]}},{"type":"Feature","properties":{"id":"building-1690518","sourceId":"1690518","floors":4,"areaSqm":68.4,"primaryUse":"unclassified","primaryUseBasis":"no_place","placeCount":0,"placeIds":[],"placeNames":[],"hasBookstore":false,"hasCafe":false,"hasRestaurant":false,"bookstoreEra":"unknown","oldestBookstoreYear":null,"mixedUse":false,"source":"東京都 令和3年度区部土地利用現況調査・建物現況","observedAt":"2021年度"},"geometry":{"type":"Polygon","coordinates":[[[139.7558168495473,35.697216746149934],[139.75577202051346,35.69729594762276],[139.7558429354749,35.69732267382128],[139.7558877644537,35.697243472322334],[139.7558168495473,35.697216746149934]]]}},{"type":"Feature","properties":{"id":"building-1690519","sourceId":"1690519","floors":6,"areaSqm":74.4,"primaryUse":"unclassified","primaryUseBasis":"no_place","placeCount":0,"placeIds":[],"placeNames":[],"hasBookstore":false,"hasCafe":false,"hasRestaurant":false,"bookstoreEra":"unknown","oldestBookstoreYear":null,"mixedUse":false,"source":"東京都 令和3年度区部土地利用現況調査・建物現況","observedAt":"2021年度"},"geometry":{"type":"Polygon","coordinates":[[[139.7558951655723,35.69724591078048],[139.75585531178825,35.69732232124011],[139.75593749611758,35.69735076723709],[139.75597734975042,35.69727444688738],[139.7558951655723,35.69724591078048]]]}},{"type":"Feature","properties":{"id":"building-1690520","sourceId":"1690520","floors":7,"areaSqm":175.3,"primaryUse":"unclassified","primaryUseBasis":"no_place","placeCount":0,"placeIds":[],"placeNames":[],"hasBookstore":false,"hasCafe":false,"hasRestaurant":false,"bookstoreEra":"unknown","oldestBookstoreYear":null,"mixedUse":false,"source":"東京都 令和3年度区部土地利用現況調査・建物現況","observedAt":"2021年度"},"geometry":{"type":"Polygon","coordinates":[[[139.756239980709,35.697302287406586],[139.75623832035117,35.69730526086142],[139.75619126433688,35.69728774415336],[139.75616237417057,35.69733937408821],[139.75625250966434,35.697372962771354],[139.75620435929403,35.69745910281883],[139.75628024556642,35.69748736427189],[139.75632573937088,35.69740590961452],[139.75631171092343,35.697400672698265],[139.75634325760097,35.69734426717064],[139.75628305675974,35.69732187469719],[139.7562847170296,35.697318991378594],[139.756239980709,35.697302287406586]]]}},{"type":"Feature","properties":{"id":"building-1690521","sourceId":"1690521","floors":5,"areaSqm":221.5,"primaryUse":"unclassified","primaryUseBasis":"no_place","placeCount":0,"placeIds":[],"placeNames":[],"hasBookstore":false,"hasCafe":false,"hasRestaurant":false,"bookstoreEra":"unknown","oldestBookstoreYear":null,"mixedUse":false,"source":"東京都 令和3年度区部土地利用現況調査・建物現況","observedAt":"2021年度"},"geometry":{"type":"Polygon","coordinates":[[[139.75699988849067,35.69730105908271],[139.75702529439528,35.69731053956681],[139.75709724186217,35.697181689362814],[139.75696700902284,35.697133293425324],[139.75688720224005,35.69727647033124],[139.7569920293554,35.697315385868386],[139.75699988849067,35.69730105908271]]]}},{"type":"Feature","properties":{"id":"building-1690522","sourceId":"1690522","floors":4,"areaSqm":59.2,"primaryUse":"cafe","primaryUseBasis":"floor_unverified","placeCount":1,"placeIds":["osm-node-13844005501"],"placeNames":["アソビ Cafe - Game Cafe & Bar"],"hasBookstore":false,"hasCafe":true,"hasRestaurant":false,"bookstoreEra":"unknown","oldestBookstoreYear":null,"mixedUse":false,"source":"東京都 令和3年度区部土地利用現況調査・建物現況","observedAt":"2021年度"},"geometry":{"type":"Polygon","coordinates":[[[139.7579715494756,35.697261830801416],[139.75793291782674,35.69733328518461],[139.75800206732896,35.69735811613036],[139.75804069884344,35.697286751862066],[139.7579715494756,35.697261830801416]]]}},{"type":"Feature","properties":{"id":"building-1690523","sourceId":"1690523","floors":4,"areaSqm":63.6,"primaryUse":"restaurant","primaryUseBasis":"floor_unverified","placeCount":1,"placeIds":["osm-node-6923897585"],"placeNames":["いもや"],"hasBookstore":false,"hasCafe":false,"hasRestaurant":true,"bookstoreEra":"unknown","oldestBookstoreYear":null,"mixedUse":false,"source":"東京都 令和3年度区部土地利用現況調査・建物現況","observedAt":"2021年度"},"geometry":{"type":"Polygon","coordinates":[[[139.75804810198048,35.69728711704003],[139.75800692618105,35.69736145423683],[139.75807762154182,35.69738754802324],[139.75811890778883,35.69731321087155],[139.75804810198048,35.69728711704003]]]}},{"type":"Feature","properties":{"id":"building-1690524","sourceId":"1690524","floors":3,"areaSqm":48.3,"primaryUse":"unclassified","primaryUseBasis":"no_place","placeCount":0,"placeIds":[],"placeNames":[],"hasBookstore":false,"hasCafe":false,"hasRestaurant":false,"bookstoreEra":"unknown","oldestBookstoreYear":null,"mixedUse":false,"source":"東京都 令和3年度区部土地利用現況調査・建物現況","observedAt":"2021年度"},"geometry":{"type":"Polygon","coordinates":[[[139.75927377126794,35.69728003544659],[139.7592130253104,35.69736824209995],[139.75925455571212,35.697387196417296],[139.75931530155506,35.69729907988009],[139.75927377126794,35.69728003544659]]]}},{"type":"Feature","properties":{"id":"building-1690540","sourceId":"1690540","floors":6,"areaSqm":97.0,"primaryUse":"restaurant","primaryUseBasis":"floor_unverified","placeCount":1,"placeIds":["osm-node-4964137906"],"placeNames":["丼丸"],"hasBookstore":false,"hasCafe":false,"hasRestaurant":true,"bookstoreEra":"unknown","oldestBookstoreYear":null,"mixedUse":false,"source":"東京都 令和3年度区部土地利用現況調査・建物現況","observedAt":"2021年度"},"geometry":{"type":"Polygon","coordinates":[[[139.75415107324758,35.697211425503504],[139.7540649649241,35.69735252323904],[139.75411975076742,35.69737482312114],[139.75420596951807,35.69723372541948],[139.75415107324758,35.697211425503504]]]}},{"type":"Feature","properties":{"id":"building-1690541","sourceId":"1690541","floors":6,"areaSqm":70.7,"primaryUse":"unclassified","primaryUseBasis":"no_place","placeCount":0,"placeIds":[],"placeNames":[],"hasBookstore":false,"hasCafe":false,"hasRestaurant":false,"bookstoreEra":"unknown","oldestBookstoreYear":null,"mixedUse":false,"source":"東京都 令和3年度区部土地利用現況調査・建物現況","observedAt":"2021年度"},"geometry":{"type":"Polygon","coordinates":[[[139.75438667067576,35.69719896107924],[139.75434504783874,35.69727500933069],[139.75442214886357,35.697303182615684],[139.75446388214164,35.69722713441022],[139.75438667067576,35.69719896107924]]]}},{"type":"Feature","properties":{"id":"building-1690542","sourceId":"1690542","floors":8,"areaSqm":90.0,"primaryUse":"unclassified","primaryUseBasis":"no_place","placeCount":0,"placeIds":[],"placeNames":[],"hasBookstore":false,"hasCafe":false,"hasRestaurant":false,"bookstoreEra":"unknown","oldestBookstoreYear":null,"mixedUse":false,"source":"東京都 令和3年度区部土地利用現況調査・建物現況","observedAt":"2021年度"},"geometry":{"type":"Polygon","coordinates":[[[139.7544388867274,35.69713779234693],[139.75449952882215,35.69716027616885],[139.7545210034985,35.69712189190413],[139.75438094152,35.697069791119986],[139.75434961501333,35.69712574559504],[139.75438175861345,35.697137664754564],[139.75437423123546,35.6971512704917],[139.75442161818052,35.697168878264044],[139.7544388867274,35.69713779234693]]]}},{"type":"Feature","properties":{"id":"building-1690543","sourceId":"1690543","floors":7,"areaSqm":1109.5,"primaryUse":"unclassified","primaryUseBasis":"no_place","placeCount":0,"placeIds":[],"placeNames":[],"hasBookstore":false,"hasCafe":false,"hasRestaurant":false,"bookstoreEra":"unknown","oldestBookstoreYear":null,"mixedUse":false,"source":"東京都 令和3年度区部土地利用現況調査・建物現況","observedAt":"2021年度"},"geometry":{"type":"Polygon","coordinates":[[[139.75489592071952,35.69705281698935],[139.75478346251148,35.69726995289613],[139.7548898864033,35.697306629600206],[139.7548792339719,35.6973271991128],[139.75490644419543,35.69733657666104],[139.75490298453613,35.69734325715776],[139.75493710861824,35.69735501701533],[139.7548856962033,35.69745448025137],[139.75505359917085,35.69751273417324],[139.7552261826171,35.69718174545211],[139.75489592071952,35.69705281698935]]]}},{"type":"Feature","properties":{"id":"building-1690544","sourceId":"1690544","floors":4,"areaSqm":231.8,"primaryUse":"unclassified","primaryUseBasis":"no_place","placeCount":0,"placeIds":[],"placeNames":[],"hasBookstore":false,"hasCafe":false,"hasRestaurant":false,"bookstoreEra":"unknown","oldestBookstoreYear":null,"mixedUse":false,"source":"東京都 令和3年度区部土地利用現況調査・建物現況","observedAt":"2021年度"},"geometry":{"type":"Polygon","coordinates":[[[139.75627385220352,35.697126542106616],[139.75622735845653,35.697213764870426],[139.75644982890228,35.69729268683216],[139.75649643295267,35.697205464053866],[139.75627385220352,35.697126542106616]]]}},{"type":"Feature","properties":{"id":"building-1690545","sourceId":"1690545","floors":6,"areaSqm":74.5,"primaryUse":"restaurant","primaryUseBasis":"floor_unverified","placeCount":2,"placeIds":["osm-node-5613596235","osm-node-11597928422"],"placeNames":["すし庄","やまじょう"],"hasBookstore":false,"hasCafe":false,"hasRestaurant":true,"bookstoreEra":"unknown","oldestBookstoreYear":null,"mixedUse":true,"source":"東京都 令和3年度区部土地利用現況調査・建物現況","observedAt":"2021年度"},"geometry":{"type":"Polygon","coordinates":[[[139.75849264622167,35.697183576346674],[139.75843796929678,35.6972811606224],[139.758528768513,35.69731492738738],[139.75856000332664,35.697259454000346],[139.75849570384764,35.69723550342224],[139.75851791753095,35.69719297711183],[139.75849264622167,35.697183576346674]]]}},{"type":"Feature","properties":{"id":"building-1690546","sourceId":"1690546","floors":3,"areaSqm":37.7,"primaryUse":"unclassified","primaryUseBasis":"no_place","placeCount":0,"placeIds":[],"placeNames":[],"hasBookstore":false,"hasCafe":false,"hasRestaurant":false,"bookstoreEra":"unknown","oldestBookstoreYear":null,"mixedUse":false,"source":"東京都 令和3年度区部土地利用現況調査・建物現況","observedAt":"2021年度"},"geometry":{"type":"Polygon","coordinates":[[[139.759081077753,35.69714146643269],[139.75905097526035,35.697191744261616],[139.75911139627578,35.69721575795198],[139.75914138824012,35.697165480040006],[139.759081077753,35.69714146643269]]]}},{"type":"Feature","properties":{"id":"building-1690547","sourceId":"1690547","floors":2,"areaSqm":34.2,"primaryUse":"unclassified","primaryUseBasis":"no_place","placeCount":0,"placeIds":[],"placeNames":[],"hasBookstore":false,"hasCafe":false,"hasRestaurant":false,"bookstoreEra":"unknown","oldestBookstoreYear":null,"mixedUse":false,"source":"東京都 令和3年度区部土地利用現況調査・建物現況","observedAt":"2021年度"},"geometry":{"type":"Polygon","coordinates":[[[139.75923081175253,35.69713371678912],[139.7592094514128,35.69717038936428],[139.75928522680948,35.697199910773385],[139.7593065871224,35.69716323818492],[139.75923081175253,35.69713371678912]]]}},{"type":"Feature","properties":{"id":"building-1690548","sourceId":"1690548","floors":6,"areaSqm":194.7,"primaryUse":"unclassified","primaryUseBasis":"no_place","placeCount":0,"placeIds":[],"placeNames":[],"hasBookstore":false,"hasCafe":false,"hasRestaurant":false,"bookstoreEra":"unknown","oldestBookstoreYear":null,"mixedUse":false,"source":"東京都 令和3年度区部土地利用現況調査・建物現況","observedAt":"2021年度"},"geometry":{"type":"Polygon","coordinates":[[[139.7592115482338,35.69717327503685],[139.75920048293517,35.697189853416],[139.75914812762286,35.69716665597352],[139.75909977193677,35.69723936665668],[139.75914008783465,35.697257148484965],[139.7590926173373,35.697328507655946],[139.75916894141636,35.69736226591101],[139.759275722267,35.69720161752782],[139.7592115482338,35.69717327503685]]]}},{"type":"Feature","properties":{"id":"building-1690575","sourceId":"1690575","floors":8,"areaSqm":341.1,"primaryUse":"unclassified","primaryUseBasis":"no_place","placeCount":0,"placeIds":[],"placeNames":[],"hasBookstore":false,"hasCafe":false,"hasRestaurant":false,"bookstoreEra":"unknown","oldestBookstoreYear":null,"mixedUse":false,"source":"東京都 令和3年度区部土地利用現況調査・建物現況","observedAt":"2021年度"},"geometry":{"type":"Polygon","coordinates":[[[139.75439359307595,35.697014365212596],[139.75442286490014,35.69702502056122],[139.75445961651633,35.696958163053694],[139.75458476706703,35.6970040345458],[139.75461321622004,35.6969523145619],[139.75434966012773,35.69685587568945],[139.75425722738527,35.697024010497],[139.7543662508851,35.6970639225841],[139.75439359307595,35.697014365212596]]]}},{"type":"Feature","properties":{"id":"building-1690576","sourceId":"1690576","floors":6,"areaSqm":96.5,"primaryUse":"unclassified","primaryUseBasis":"no_place","placeCount":0,"placeIds":[],"placeNames":[],"hasBookstore":false,"hasCafe":false,"hasRestaurant":false,"bookstoreEra":"unknown","oldestBookstoreYear":null,"mixedUse":false,"source":"東京都 令和3年度区部土地利用現況調査・建物現況","observedAt":"2021年度"},"geometry":{"type":"Polygon","coordinates":[[[139.7553683716315,35.69706214211215],[139.75539013192878,35.69707044880039],[139.75542245323282,35.69701341305442],[139.75534259149632,35.69698334574481],[139.75527739528974,35.697098408332245],[139.7553353861318,35.69712034919265],[139.7553683716315,35.69706214211215]]]}},{"type":"Feature","properties":{"id":"building-1690577","sourceId":"1690577","floors":5,"areaSqm":54.9,"primaryUse":"unclassified","primaryUseBasis":"no_place","placeCount":0,"placeIds":[],"placeNames":[],"hasBookstore":false,"hasCafe":false,"hasRestaurant":false,"bookstoreEra":"unknown","oldestBookstoreYear":null,"mixedUse":false,"source":"東京都 令和3年度区部土地利用現況調査・建物現況","observedAt":"2021年度"},"geometry":{"type":"Polygon","coordinates":[[[139.7554068179422,35.697069828644985],[139.75537051739704,35.6971281237259],[139.7554449639385,35.697159088881776],[139.75548126453117,35.6971007036418],[139.7554068179422,35.697069828644985]]]}},{"type":"Feature","properties":{"id":"building-1690578","sourceId":"1690578","floors":3,"areaSqm":48.3,"primaryUse":"unclassified","primaryUseBasis":"no_place","placeCount":0,"placeIds":[],"placeNames":[],"hasBookstore":false,"hasCafe":false,"hasRestaurant":false,"bookstoreEra":"unknown","oldestBookstoreYear":null,"mixedUse":false,"source":"東京都 令和3年度区部土地利用現況調査・建物現況","observedAt":"2021年度"},"geometry":{"type":"Polygon","coordinates":[[[139.7570008586119,35.69709473629349],[139.7569828429182,35.69709923171399],[139.75696934033854,35.69712193765253],[139.75709824433605,35.69717330726431],[139.75710909061223,35.6971551064754],[139.75709528341358,35.69714959937961],[139.75710358408287,35.697135723550964],[139.7570008586119,35.69709473629349]]]}},{"type":"Feature","properties":{"id":"building-1690579","sourceId":"1690579","floors":14,"areaSqm":473.6,"primaryUse":"unclassified","primaryUseBasis":"no_place","placeCount":0,"placeIds":[],"placeNames":[],"hasBookstore":false,"hasCafe":false,"hasRestaurant":false,"bookstoreEra":"unknown","oldestBookstoreYear":null,"mixedUse":false,"source":"東京都 令和3年度区部土地利用現況調査・建物現況","observedAt":"2021年度"},"geometry":{"type":"Polygon","coordinates":[[[139.75720793367157,35.69710729910941],[139.7572307558662,35.697115822465136],[139.75724493732278,35.69708678931456],[139.75723558098977,35.69708366466273],[139.7572471471978,35.69706364355042],[139.7572313080168,35.69705687326888],[139.75724941739333,35.6970235250422],[139.7572838101822,35.69703646519878],[139.7573444525772,35.69693476595264],[139.75730247817316,35.696918648205134],[139.75731343561174,35.69689966327601],[139.7572704560656,35.69688315008276],[139.75723252474234,35.69694508713041],[139.7570873752249,35.69689045973854],[139.75700172734827,35.69704001742458],[139.75701392203047,35.697044685235525],[139.75700937297663,35.69705258735917],[139.75719555419823,35.69712380436358],[139.75720632921886,35.69712241405607],[139.7572091704415,35.69712095563476],[139.7572119798591,35.69711808204367],[139.75721243649588,35.69711430559551],[139.75721118984862,35.697111041850704],[139.7572076666398,35.697109227870605],[139.75720793367157,35.69710729910941]]]}},{"type":"Feature","properties":{"id":"building-1690597","sourceId":"1690597","floors":6,"areaSqm":508.4,"primaryUse":"unclassified","primaryUseBasis":"no_place","placeCount":0,"placeIds":[],"placeNames":[],"hasBookstore":false,"hasCafe":false,"hasRestaurant":false,"bookstoreEra":"unknown","oldestBookstoreYear":null,"mixedUse":false,"source":"東京都 令和3年度区部土地利用現況調査・建物現況","observedAt":"2021年度"},"geometry":{"type":"Polygon","coordinates":[[[139.75343548282464,35.69687411100511],[139.7534042723502,35.69692393600212],[139.75335876569906,35.69690488688732],[139.75332932603257,35.69695182865966],[139.7533748327933,35.69697078764858],[139.75334583582904,35.697017008623156],[139.7536118077811,35.69712796333394],[139.75370145433754,35.696985155656876],[139.75343548282464,35.69687411100511]]]}},{"type":"Feature","properties":{"id":"building-1690598","sourceId":"1690598","floors":8,"areaSqm":65.3,"primaryUse":"unclassified","primaryUseBasis":"no_place","placeCount":0,"placeIds":[],"placeNames":[],"hasBookstore":false,"hasCafe":false,"hasRestaurant":false,"bookstoreEra":"unknown","oldestBookstoreYear":null,"mixedUse":false,"source":"東京都 令和3年度区部土地利用現況調査・建物現況","observedAt":"2021年度"},"geometry":{"type":"Polygon","coordinates":[[[139.75496495068907,35.6969365898308],[139.7549520167318,35.696942260035684],[139.75493640856087,35.69697064300134],[139.75493683979465,35.69698163998636],[139.75505028196162,35.69702317679657],[139.75507563129548,35.69697713331339],[139.75496495068907,35.6969365898308]]]}},{"type":"Feature","properties":{"id":"building-1690599","sourceId":"1690599","floors":6,"areaSqm":201.4,"primaryUse":"unclassified","primaryUseBasis":"no_place","placeCount":0,"placeIds":[],"placeNames":[],"hasBookstore":false,"hasCafe":false,"hasRestaurant":false,"bookstoreEra":"unknown","oldestBookstoreYear":null,"mixedUse":false,"source":"東京都 令和3年度区部土地利用現況調査・建物現況","observedAt":"2021年度"},"geometry":{"type":"Polygon","coordinates":[[[139.75562222705628,35.69702264601718],[139.75552383279413,35.69718771329027],[139.75562931924048,35.69722960495864],[139.75571664523676,35.69708327894329],[139.7556525802632,35.697057819006936],[139.75566375878685,35.697039167877904],[139.75562222705628,35.69702264601718]]]}},{"type":"Feature","properties":{"id":"building-1690600","sourceId":"1690600","floors":4,"areaSqm":341.0,"primaryUse":"unclassified","primaryUseBasis":"no_place","placeCount":0,"placeIds":[],"placeNames":[],"hasBookstore":false,"hasCafe":false,"hasRestaurant":false,"bookstoreEra":"unknown","oldestBookstoreYear":null,"mixedUse":false,"source":"東京都 令和3年度区部土地利用現況調査・建物現況","observedAt":"2021年度"},"geometry":{"type":"Polygon","coordinates":[[[139.75590928534032,35.69704230056595],[139.75582393268235,35.69720521318563],[139.75604971786834,35.69728395774715],[139.75611270816847,35.69716366538811],[139.75592348626338,35.697097653767095],[139.75594584832865,35.69705503338281],[139.75590928534032,35.69704230056595]]]}},{"type":"Feature","properties":{"id":"building-1690601","sourceId":"1690601","floors":4,"areaSqm":79.3,"primaryUse":"restaurant","primaryUseBasis":"floor_unverified","placeCount":1,"placeIds":["osm-node-5615071226"],"placeNames":["ROBERTO"],"hasBookstore":false,"hasCafe":false,"hasRestaurant":true,"bookstoreEra":"unknown","oldestBookstoreYear":null,"mixedUse":false,"source":"東京都 令和3年度区部土地利用現況調査・建物現況","observedAt":"2021年度"},"geometry":{"type":"Polygon","coordinates":[[[139.75809763001013,35.69702611148836],[139.7580449483065,35.69711549437527],[139.75811674651038,35.69714366197852],[139.7581694281525,35.69705427906055],[139.75809763001013,35.69702611148836]]]}},{"type":"Feature","properties":{"id":"building-1690602","sourceId":"1690602","floors":6,"areaSqm":107.4,"primaryUse":"restaurant","primaryUseBasis":"floor_unverified","placeCount":1,"placeIds":["osm-node-6299113694"],"placeNames":["ペルソナ"],"hasBookstore":false,"hasCafe":false,"hasRestaurant":true,"bookstoreEra":"unknown","oldestBookstoreYear":null,"mixedUse":false,"source":"東京都 令和3年度区部土地利用現況調査・建物現況","observedAt":"2021年度"},"geometry":{"type":"Polygon","coordinates":[[[139.75883218311466,35.69698705412417],[139.7587930995109,35.697054739882844],[139.758922563818,35.69710479189016],[139.75896090413278,35.697036614384515],[139.75883218311466,35.69698705412417]]]}},{"type":"Feature","properties":{"id":"building-1690603","sourceId":"1690603","floors":3,"areaSqm":123.5,"primaryUse":"unclassified","primaryUseBasis":"no_place","placeCount":0,"placeIds":[],"placeNames":[],"hasBookstore":false,"hasCafe":false,"hasRestaurant":false,"bookstoreEra":"unknown","oldestBookstoreYear":null,"mixedUse":false,"source":"東京都 令和3年度区部土地利用現況調査・建物現況","observedAt":"2021年度"},"geometry":{"type":"Polygon","coordinates":[[[139.7591573228034,35.69702172147165],[139.75911814826608,35.69708407207524],[139.75912378147885,35.69708650924501],[139.75909168929195,35.69713759709026],[139.75919375130883,35.69718029475671],[139.75922993793074,35.69712271954694],[139.7591906153235,35.69710629041399],[139.7592258059192,35.697050337055835],[139.7591573228034,35.69702172147165]]]}},{"type":"Feature","properties":{"id":"building-1690604","sourceId":"1690604","floors":4,"areaSqm":191.7,"primaryUse":"unclassified","primaryUseBasis":"no_place","placeCount":0,"placeIds":[],"placeNames":[],"hasBookstore":false,"hasCafe":false,"hasRestaurant":false,"bookstoreEra":"unknown","oldestBookstoreYear":null,"mixedUse":false,"source":"東京都 令和3年度区部土地利用現況調査・建物現況","observedAt":"2021年度"},"geometry":{"type":"Polygon","coordinates":[[[139.75951474764508,35.69682589337912],[139.75945686994132,35.696800078712144],[139.7594231213447,35.696850354399494],[139.75940721597152,35.696843313952506],[139.75930021586456,35.69700288068446],[139.7593741094858,35.69703582608405],[139.75951474764508,35.69682589337912]]]}},{"type":"Feature","properties":{"id":"building-1690605","sourceId":"1690605","floors":9,"areaSqm":104.6,"primaryUse":"retail","primaryUseBasis":"confirmed_ground_floor","placeCount":1,"placeIds":["osm-node-5254109507"],"placeNames":["KANDAHAR"],"hasBookstore":false,"hasCafe":false,"hasRestaurant":false,"bookstoreEra":"unknown","oldestBookstoreYear":null,"mixedUse":false,"source":"東京都 令和3年度区部土地利用現況調査・建物現況","observedAt":"2021年度"},"geometry":{"type":"Polygon","coordinates":[[[139.75948643321243,35.69699265455944],[139.75945377083286,35.69704524924169],[139.75960873764936,35.69711456940685],[139.75964287931328,35.69706342499039],[139.75948643321243,35.69699265455944]]]}},{"type":"Feature","properties":{"id":"building-1690606","sourceId":"1690606","floors":8,"areaSqm":119.4,"primaryUse":"unclassified","primaryUseBasis":"no_place","placeCount":0,"placeIds":[],"placeNames":[],"hasBookstore":false,"hasCafe":false,"hasRestaurant":false,"bookstoreEra":"unknown","oldestBookstoreYear":null,"mixedUse":false,"source":"東京都 令和3年度区部土地利用現況調査・建物現況","observedAt":"2021年度"},"geometry":{"type":"Polygon","coordinates":[[[139.7595244846294,35.69693162996171],[139.75948553615723,35.69698884302002],[139.75964436788107,35.69706086961854],[139.759683316275,35.6970036565094],[139.7595244846294,35.69693162996171]]]}},{"type":"Feature","properties":{"id":"building-1690618","sourceId":"1690618","floors":8,"areaSqm":291.6,"primaryUse":"unclassified","primaryUseBasis":"no_place","placeCount":0,"placeIds":[],"placeNames":[],"hasBookstore":false,"hasCafe":false,"hasRestaurant":false,"bookstoreEra":"unknown","oldestBookstoreYear":null,"mixedUse":false,"source":"東京都 令和3年度区部土地利用現況調査・建物現況","observedAt":"2021年度"},"geometry":{"type":"Polygon","coordinates":[[[139.75332075975018,35.69678849486703],[139.7532242220794,35.69675003233237],[139.75320131057623,35.69678823513748],[139.75316055270704,35.69677198335306],[139.75318257870074,35.696735312293676],[139.75308791882776,35.696697662132024],[139.7530715375461,35.69672505283512],[139.75305374461107,35.696727654940986],[139.75306565644792,35.69674965629336],[139.75304642268497,35.69675658400957],[139.75304452523025,35.69677551149751],[139.75302087864176,35.696775315449486],[139.75301986264157,35.69679676735883],[139.75311076698753,35.696833063016875],[139.75312161403264,35.69681495272419],[139.75315497137007,35.696828315211235],[139.75314312812498,35.69684813744474],[139.753187089239,35.696865653284526],[139.75317701695815,35.696882502182],[139.75324759783584,35.69691058174188],[139.75332075975018,35.69678849486703]]]}},{"type":"Feature","properties":{"id":"building-1690619","sourceId":"1690619","floors":5,"areaSqm":53.0,"primaryUse":"restaurant","primaryUseBasis":"floor_unverified","placeCount":1,"placeIds":["osm-node-7030399214"],"placeNames":["銀漢亭"],"hasBookstore":false,"hasCafe":false,"hasRestaurant":true,"bookstoreEra":"unknown","oldestBookstoreYear":null,"mixedUse":false,"source":"東京都 令和3年度区部土地利用現況調査・建物現況","observedAt":"2021年度"},"geometry":{"type":"Polygon","coordinates":[[[139.75683677098104,35.696859104356534],[139.75682227098153,35.696884874301006],[139.75699160585353,35.696948167793465],[139.75700610581012,35.696922397828814],[139.75683677098104,35.696859104356534]]]}},{"type":"Feature","properties":{"id":"building-1690620","sourceId":"1690620","floors":5,"areaSqm":551.0,"primaryUse":"restaurant","primaryUseBasis":"confirmed_ground_floor","placeCount":2,"placeIds":["osm-node-3684923927","osm-node-7030399216"],"placeNames":["ふくの鳥","魚酒場 一"],"hasBookstore":false,"hasCafe":false,"hasRestaurant":true,"bookstoreEra":"unknown","oldestBookstoreYear":null,"mixedUse":true,"source":"東京都 令和3年度区部土地利用現況調査・建物現況","observedAt":"2021年度"},"geometry":{"type":"Polygon","coordinates":[[[139.75678447314556,35.69689233163528],[139.75677207648363,35.6969140467496],[139.75674125834698,35.69690239948186],[139.75666145398014,35.69704287213742],[139.75668608644003,35.69705217192699],[139.75665786165857,35.69710172925759],[139.75685547379248,35.697176488336424],[139.75697589907492,35.6969648331617],[139.75678447314556,35.69689233163528]]]}},{"type":"Feature","properties":{"id":"building-1690621","sourceId":"1690621","floors":3,"areaSqm":26.8,"primaryUse":"unclassified","primaryUseBasis":"no_place","placeCount":0,"placeIds":[],"placeNames":[],"hasBookstore":false,"hasCafe":false,"hasRestaurant":false,"bookstoreEra":"unknown","oldestBookstoreYear":null,"mixedUse":false,"source":"東京都 令和3年度区部土地利用現況調査・建物現況","observedAt":"2021年度"},"geometry":{"type":"Polygon","coordinates":[[[139.75821343239784,35.69690927622227],[139.7581797839178,35.696969737094285],[139.75821634647443,35.69698328045387],[139.75824999493258,35.69692281957174],[139.75821343239784,35.69690927622227]]]}},{"type":"Feature","properties":{"id":"building-1690622","sourceId":"1690622","floors":4,"areaSqm":27.3,"primaryUse":"unclassified","primaryUseBasis":"no_place","placeCount":0,"placeIds":[],"placeNames":[],"hasBookstore":false,"hasCafe":false,"hasRestaurant":false,"bookstoreEra":"unknown","oldestBookstoreYear":null,"mixedUse":false,"source":"東京都 令和3年度区部土地利用現況調査・建物現況","observedAt":"2021年度"},"geometry":{"type":"Polygon","coordinates":[[[139.7581781978944,35.69689357040466],[139.7581431097744,35.696957365433846],[139.75817845733533,35.6969703672245],[139.75821365593208,35.69690657225408],[139.7581781978944,35.69689357040466]]]}},{"type":"Feature","properties":{"id":"building-1690623","sourceId":"1690623","floors":5,"areaSqm":100.3,"primaryUse":"unclassified","primaryUseBasis":"no_place","placeCount":0,"placeIds":[],"placeNames":[],"hasBookstore":false,"hasCafe":false,"hasRestaurant":false,"bookstoreEra":"unknown","oldestBookstoreYear":null,"mixedUse":false,"source":"東京都 令和3年度区部土地利用現況調査・建物現況","observedAt":"2021年度"},"geometry":{"type":"Polygon","coordinates":[[[139.75837930034916,35.69690000537692],[139.75836338535618,35.69690333053228],[139.75829863428183,35.69701974709127],[139.75836678913353,35.697044577208686],[139.7584340892794,35.69691995973961],[139.75837930034916,35.69690000537692]]]}},{"type":"Feature","properties":{"id":"building-1690624","sourceId":"1690624","floors":5,"areaSqm":129.3,"primaryUse":"unclassified","primaryUseBasis":"no_place","placeCount":0,"placeIds":[],"placeNames":[],"hasBookstore":false,"hasCafe":false,"hasRestaurant":false,"bookstoreEra":"unknown","oldestBookstoreYear":null,"mixedUse":false,"source":"東京都 令和3年度区部土地利用現況調査・建物現況","observedAt":"2021年度"},"geometry":{"type":"Polygon","coordinates":[[[139.75859051217054,35.696848668522705],[139.75855420621528,35.69691534729777],[139.75871548061616,35.696973765964394],[139.75875178646385,35.69690708714122],[139.75859051217054,35.696848668522705]]]}},{"type":"Feature","properties":{"id":"building-1690625","sourceId":"1690625","floors":3,"areaSqm":38.3,"primaryUse":"unclassified","primaryUseBasis":"no_place","placeCount":0,"placeIds":[],"placeNames":[],"hasBookstore":false,"hasCafe":false,"hasRestaurant":false,"bookstoreEra":"unknown","oldestBookstoreYear":null,"mixedUse":false,"source":"東京都 令和3年度区部土地利用現況調査・建物現況","observedAt":"2021年度"},"geometry":{"type":"Polygon","coordinates":[[[139.75898170040674,35.69694463619285],[139.7589527054294,35.69699221057528],[139.75901710239873,35.697018209782634],[139.7590460972637,35.69697072552176],[139.75898170040674,35.69694463619285]]]}},{"type":"Feature","properties":{"id":"building-1690626","sourceId":"1690626","floors":6,"areaSqm":53.0,"primaryUse":"retail","primaryUseBasis":"confirmed_ground_floor","placeCount":1,"placeIds":["osm-node-5254109508"],"placeNames":["KANDAHAR"],"hasBookstore":false,"hasCafe":false,"hasRestaurant":false,"bookstoreEra":"unknown","oldestBookstoreYear":null,"mixedUse":false,"source":"東京都 令和3年度区部土地利用現況調査・建物現況","observedAt":"2021年度"},"geometry":{"type":"Polygon","coordinates":[[[139.75958136626383,35.696839274478286],[139.75956510057654,35.696863511344226],[139.75973276948903,35.69693833748736],[139.75974903505806,35.69691419073589],[139.75958136626383,35.696839274478286]]]}},{"type":"Feature","properties":{"id":"building-1690627","sourceId":"1690627","floors":7,"areaSqm":88.0,"primaryUse":"unclassified","primaryUseBasis":"no_place","placeCount":0,"placeIds":[],"placeNames":[],"hasBookstore":false,"hasCafe":false,"hasRestaurant":false,"bookstoreEra":"unknown","oldestBookstoreYear":null,"mixedUse":false,"source":"東京都 令和3年度区部土地利用現況調査・建物現況","observedAt":"2021年度"},"geometry":{"type":"Polygon","coordinates":[[[139.75961932956827,35.69689184755854],[139.7595773952154,35.696951762926204],[139.7596877367424,35.697003118392395],[139.75972967112259,35.696943112849844],[139.75961932956827,35.69689184755854]]]}},{"type":"Feature","properties":{"id":"building-1690628","sourceId":"1690628","floors":4,"areaSqm":52.9,"primaryUse":"unclassified","primaryUseBasis":"no_place","placeCount":0,"placeIds":[],"placeNames":[],"hasBookstore":false,"hasCafe":false,"hasRestaurant":false,"bookstoreEra":"unknown","oldestBookstoreYear":null,"mixedUse":false,"source":"東京都 令和3年度区部土地利用現況調査・建物現況","observedAt":"2021年度"},"geometry":{"type":"Polygon","coordinates":[[[139.75960283120185,35.696808731209956],[139.75958667635823,35.696832607599134],[139.7597562223866,35.69690887705071],[139.75977226661328,35.69688509070839],[139.75960283120185,35.696808731209956]]]}},{"type":"Feature","properties":{"id":"building-1690643","sourceId":"1690643","floors":5,"areaSqm":183.9,"primaryUse":"unclassified","primaryUseBasis":"no_place","placeCount":0,"placeIds":[],"placeNames":[],"hasBookstore":false,"hasCafe":false,"hasRestaurant":false,"bookstoreEra":"unknown","oldestBookstoreYear":null,"mixedUse":false,"source":"東京都 令和3年度区部土地利用現況調査・建物現況","observedAt":"2021年度"},"geometry":{"type":"Polygon","coordinates":[[[139.75515303660646,35.696693522717695],[139.75512248507073,35.69674866666882],[139.75539830187375,35.696850520005164],[139.7554288532587,35.6967953759848],[139.75515303660646,35.696693522717695]]]}},{"type":"Feature","properties":{"id":"building-1690644","sourceId":"1690644","floors":5,"areaSqm":32.3,"primaryUse":"unclassified","primaryUseBasis":"no_place","placeCount":0,"placeIds":[],"placeNames":[],"hasBookstore":false,"hasCafe":false,"hasRestaurant":false,"bookstoreEra":"unknown","oldestBookstoreYear":null,"mixedUse":false,"source":"東京都 令和3年度区部土地利用現況調査・建物現況","observedAt":"2021年度"},"geometry":{"type":"Polygon","coordinates":[[[139.75618782189093,35.69684643159171],[139.75616734674668,35.69688049022458],[139.75624334078853,35.69691100519542],[139.756263815995,35.6968768564129],[139.75618782189093,35.69684643159171]]]}},{"type":"Feature","properties":{"id":"building-1690645","sourceId":"1690645","floors":5,"areaSqm":57.5,"primaryUse":"unclassified","primaryUseBasis":"no_place","placeCount":0,"placeIds":[],"placeNames":[],"hasBookstore":false,"hasCafe":false,"hasRestaurant":false,"bookstoreEra":"unknown","oldestBookstoreYear":null,"mixedUse":false,"source":"東京都 令和3年度区部土地利用現況調査・建物現況","observedAt":"2021年度"},"geometry":{"type":"Polygon","coordinates":[[[139.75618614688517,35.69674989387365],[139.7561634560547,35.69678990012333],[139.7562813156875,35.69683441312524],[139.75630400647177,35.69679440685358],[139.75618614688517,35.69674989387365]]]}},{"type":"Feature","properties":{"id":"building-1690646","sourceId":"1690646","floors":7,"areaSqm":83.5,"primaryUse":"unclassified","primaryUseBasis":"no_place","placeCount":0,"placeIds":[],"placeNames":[],"hasBookstore":false,"hasCafe":false,"hasRestaurant":false,"bookstoreEra":"unknown","oldestBookstoreYear":null,"mixedUse":false,"source":"東京都 令和3年度区部土地利用現況調査・建物現況","observedAt":"2021年度"},"geometry":{"type":"Polygon","coordinates":[[[139.7564740974056,35.696760083270696],[139.75644431964048,35.69681585900973],[139.75656980390235,35.69686037659902],[139.75659947109781,35.69680460075885],[139.7564740974056,35.696760083270696]]]}},{"type":"Feature","properties":{"id":"building-1690647","sourceId":"1690647","floors":4,"areaSqm":185.7,"primaryUse":"unclassified","primaryUseBasis":"no_place","placeCount":0,"placeIds":[],"placeNames":[],"hasBookstore":false,"hasCafe":false,"hasRestaurant":false,"bookstoreEra":"unknown","oldestBookstoreYear":null,"mixedUse":false,"source":"東京都 令和3年度区部土地利用現況調査・建物現況","observedAt":"2021年度"},"geometry":{"type":"Polygon","coordinates":[[[139.75661084264942,35.69681488361637],[139.75654708471703,35.696930128086414],[139.75668041034578,35.69697915740739],[139.75674416812566,35.69686391286747],[139.75661084264942,35.69681488361637]]]}},{"type":"Feature","properties":{"id":"building-1690648","sourceId":"1690648","floors":5,"areaSqm":65.6,"primaryUse":"unclassified","primaryUseBasis":"no_place","placeCount":0,"placeIds":[],"placeNames":[],"hasBookstore":false,"hasCafe":false,"hasRestaurant":false,"bookstoreEra":"unknown","oldestBookstoreYear":null,"mixedUse":false,"source":"東京都 令和3年度区部土地利用現況調査・建物現況","observedAt":"2021年度"},"geometry":{"type":"Polygon","coordinates":[[[139.75677982497467,35.69678425450885],[139.75674428827764,35.69685381760859],[139.7568242636672,35.69688099967989],[139.75685980030693,35.69681143655677],[139.75677982497467,35.69678425450885]]]}},{"type":"Feature","properties":{"id":"building-1690649","sourceId":"1690649","floors":3,"areaSqm":97.8,"primaryUse":"unclassified","primaryUseBasis":"no_place","placeCount":0,"placeIds":[],"placeNames":[],"hasBookstore":false,"hasCafe":false,"hasRestaurant":false,"bookstoreEra":"unknown","oldestBookstoreYear":null,"mixedUse":false,"source":"東京都 令和3年度区部土地利用現況調査・建物現況","observedAt":"2021年度"},"geometry":{"type":"Polygon","coordinates":[[[139.7565978841049,35.69673909183652],[139.75657218223907,35.696788474990875],[139.7567377830838,35.696848156476236],[139.75676434972473,35.69679913889158],[139.7565978841049,35.69673909183652]]]}},{"type":"Feature","properties":{"id":"building-1690650","sourceId":"1690650","floors":3,"areaSqm":20.5,"primaryUse":"unclassified","primaryUseBasis":"no_place","placeCount":0,"placeIds":[],"placeNames":[],"hasBookstore":false,"hasCafe":false,"hasRestaurant":false,"bookstoreEra":"unknown","oldestBookstoreYear":null,"mixedUse":false,"source":"東京都 令和3年度区部土地利用現況調査・建物現況","observedAt":"2021年度"},"geometry":{"type":"Polygon","coordinates":[[[139.75686904319974,35.696803703272074],[139.75684020109856,35.69685192622901],[139.75687446601282,35.696865558673124],[139.75690328489347,35.69681733569335],[139.75686904319974,35.696803703272074]]]}},{"type":"Feature","properties":{"id":"building-1690651","sourceId":"1690651","floors":3,"areaSqm":70.4,"primaryUse":"restaurant","primaryUseBasis":"floor_unverified","placeCount":2,"placeIds":["osm-node-6299235685","osm-node-13375236001"],"placeNames":["ぶん華","ゼロシーシー"],"hasBookstore":false,"hasCafe":false,"hasRestaurant":true,"bookstoreEra":"unknown","oldestBookstoreYear":null,"mixedUse":true,"source":"東京都 令和3年度区部土地利用現況調査・建物現況","observedAt":"2021年度"},"geometry":{"type":"Polygon","coordinates":[[[139.75690603550126,35.69681819374053],[139.75687691934135,35.69686529883431],[139.75700368334097,35.69691230456298],[139.75702201424127,35.69687846977084],[139.75701683641498,35.69686206156838],[139.7569311174968,35.696827656012125],[139.75693179532598,35.69682716339338],[139.75690603550126,35.69681819374053]]]}},{"type":"Feature","properties":{"id":"building-1690652","sourceId":"1690652","floors":5,"areaSqm":108.1,"primaryUse":"unclassified","primaryUseBasis":"no_place","placeCount":0,"placeIds":[],"placeNames":[],"hasBookstore":false,"hasCafe":false,"hasRestaurant":false,"bookstoreEra":"unknown","oldestBookstoreYear":null,"mixedUse":false,"source":"東京都 令和3年度区部土地利用現況調査・建物現況","observedAt":"2021年度"},"geometry":{"type":"Polygon","coordinates":[[[139.75712962981643,35.69682107205085],[139.75709332308736,35.69688729969979],[139.75722874820735,35.6969366001544],[139.7572650549326,35.696870282328184],[139.75712962981643,35.69682107205085]]]}},{"type":"Feature","properties":{"id":"building-1690653","sourceId":"1690653","floors":3,"areaSqm":61.2,"primaryUse":"unclassified","primaryUseBasis":"no_place","placeCount":0,"placeIds":[],"placeNames":[],"hasBookstore":false,"hasCafe":false,"hasRestaurant":false,"bookstoreEra":"unknown","oldestBookstoreYear":null,"mixedUse":false,"source":"東京都 令和3年度区部土地利用現況調査・建物現況","observedAt":"2021年度"},"geometry":{"type":"Polygon","coordinates":[[[139.75746532320477,35.69682398820012],[139.757441339456,35.69682974184487],[139.75742396215367,35.696860287304915],[139.7575444742303,35.696905161290346],[139.75756827203784,35.696862361232846],[139.75746532320477,35.69682398820012]]]}},{"type":"Feature","properties":{"id":"building-1690654","sourceId":"1690654","floors":7,"areaSqm":75.0,"primaryUse":"restaurant","primaryUseBasis":"floor_unverified","placeCount":2,"placeIds":["osm-node-6784908476","osm-node-6823038538"],"placeNames":["ミツワ自動車","Plat"],"hasBookstore":false,"hasCafe":false,"hasRestaurant":true,"bookstoreEra":"unknown","oldestBookstoreYear":null,"mixedUse":true,"source":"東京都 令和3年度区部土地利用現況調査・建物現況","observedAt":"2021年度"},"geometry":{"type":"Polygon","coordinates":[[[139.75793894763046,35.69679697428603],[139.75790353041177,35.6968580649325],[139.75800349585396,35.69689661599731],[139.7580388025145,35.696835525252624],[139.75793894763046,35.69679697428603]]]}},{"type":"Feature","properties":{"id":"building-1690655","sourceId":"1690655","floors":2,"areaSqm":28.7,"primaryUse":"unclassified","primaryUseBasis":"no_place","placeCount":0,"placeIds":[],"placeNames":[],"hasBookstore":false,"hasCafe":false,"hasRestaurant":false,"bookstoreEra":"unknown","oldestBookstoreYear":null,"mixedUse":false,"source":"東京都 令和3年度区部土地利用現況調査・建物現況","observedAt":"2021年度"},"geometry":{"type":"Polygon","coordinates":[[[139.7586701104625,35.696806894386974],[139.75864111198817,35.69685807417014],[139.75868706346498,35.6968754089632],[139.7587160619163,35.696824229169074],[139.7586701104625,35.696806894386974]]]}},{"type":"Feature","properties":{"id":"building-1690672","sourceId":"1690672","floors":10,"areaSqm":261.9,"primaryUse":"unclassified","primaryUseBasis":"no_place","placeCount":0,"placeIds":[],"placeNames":[],"hasBookstore":false,"hasCafe":false,"hasRestaurant":false,"bookstoreEra":"unknown","oldestBookstoreYear":null,"mixedUse":false,"source":"東京都 令和3年度区部土地利用現況調査・建物現況","observedAt":"2021年度"},"geometry":{"type":"Polygon","coordinates":[[[139.7547873469396,35.69663066383392],[139.75471267669613,35.69660321346305],[139.7546948548155,35.69663538070395],[139.75450614065858,35.696565643625945],[139.7544908884749,35.696592634153184],[139.75457000396943,35.69662123771745],[139.75455683130826,35.696644935108864],[139.7546026728252,35.69666182070448],[139.7545793161982,35.696703899369446],[139.75465332367352,35.69673116911557],[139.7546361669902,35.69676216500189],[139.7547011168107,35.69678618386734],[139.7547873469396,35.69663066383392]]]}},{"type":"Feature","properties":{"id":"building-1690673","sourceId":"1690673","floors":10,"areaSqm":72.3,"primaryUse":"unclassified","primaryUseBasis":"no_place","placeCount":0,"placeIds":[],"placeNames":[],"hasBookstore":false,"hasCafe":false,"hasRestaurant":false,"bookstoreEra":"unknown","oldestBookstoreYear":null,"mixedUse":false,"source":"東京都 令和3年度区部土地利用現況調査・建物現況","observedAt":"2021年度"},"geometry":{"type":"Polygon","coordinates":[[[139.75506348518118,35.69674195818863],[139.75503249183382,35.69679683141836],[139.75514063071623,35.696837463325615],[139.7551716240933,35.69678249993147],[139.75506348518118,35.69674195818863]]]}},{"type":"Feature","properties":{"id":"building-1690674","sourceId":"1690674","floors":3,"areaSqm":59.0,"primaryUse":"unclassified","primaryUseBasis":"no_place","placeCount":0,"placeIds":[],"placeNames":[],"hasBookstore":false,"hasCafe":false,"hasRestaurant":false,"bookstoreEra":"unknown","oldestBookstoreYear":null,"mixedUse":false,"source":"東京都 令和3年度区部土地利用現況調査・建物現況","observedAt":"2021年度"},"geometry":{"type":"Polygon","coordinates":[[[139.75605577341975,35.69669737309318],[139.7559889268172,35.69680639583889],[139.75603200445366,35.69682400020949],[139.75609885101233,35.696714977440095],[139.75605577341975,35.69669737309318]]]}},{"type":"Feature","properties":{"id":"building-1690675","sourceId":"1690675","floors":5,"areaSqm":41.2,"primaryUse":"unclassified","primaryUseBasis":"no_place","placeCount":0,"placeIds":[],"placeNames":[],"hasBookstore":false,"hasCafe":false,"hasRestaurant":false,"bookstoreEra":"unknown","oldestBookstoreYear":null,"mixedUse":false,"source":"東京都 令和3年度区部土地利用現況調査・建物現況","observedAt":"2021年度"},"geometry":{"type":"Polygon","coordinates":[[[139.75625814068354,35.69669434804376],[139.75623500684532,35.696736607446795],[139.75631586368237,35.696766133980766],[139.7563391090904,35.69672387463376],[139.75625814068354,35.69669434804376]]]}},{"type":"Feature","properties":{"id":"building-1690676","sourceId":"1690676","floors":4,"areaSqm":39.3,"primaryUse":"unclassified","primaryUseBasis":"no_place","placeCount":0,"placeIds":[],"placeNames":[],"hasBookstore":false,"hasCafe":false,"hasRestaurant":false,"bookstoreEra":"unknown","oldestBookstoreYear":null,"mixedUse":false,"source":"東京都 令和3年度区部土地利用現況調査・建物現況","observedAt":"2021年度"},"geometry":{"type":"Polygon","coordinates":[[[139.75649491836202,35.69671784487972],[139.75647554774545,35.69675370700937],[139.75656707563058,35.696786637448014],[139.75658602090746,35.696750656051904],[139.75649491836202,35.69671784487972]]]}},{"type":"Feature","properties":{"id":"building-1690677","sourceId":"1690677","floors":5,"areaSqm":46.4,"primaryUse":"unclassified","primaryUseBasis":"no_place","placeCount":0,"placeIds":[],"placeNames":[],"hasBookstore":false,"hasCafe":false,"hasRestaurant":false,"bookstoreEra":"unknown","oldestBookstoreYear":null,"mixedUse":false,"source":"東京都 令和3年度区部土地利用現況調査・建物現況","observedAt":"2021年度"},"geometry":{"type":"Polygon","coordinates":[[[139.75650976433198,35.6966701493878],[139.75648817936593,35.6967094353097],[139.75658637863432,35.69674519217964],[139.75660785306312,35.696705906169896],[139.75650976433198,35.6966701493878]]]}},{"type":"Feature","properties":{"id":"building-1690678","sourceId":"1690678","floors":5,"areaSqm":87.6,"primaryUse":"unclassified","primaryUseBasis":"no_place","placeCount":0,"placeIds":[],"placeNames":[],"hasBookstore":false,"hasCafe":false,"hasRestaurant":false,"bookstoreEra":"unknown","oldestBookstoreYear":null,"mixedUse":false,"source":"東京都 令和3年度区部土地利用現況調査・建物現況","observedAt":"2021年度"},"geometry":{"type":"Polygon","coordinates":[[[139.75686844399416,35.69666974680257],[139.75682738007035,35.69674183025102],[139.75692679312706,35.69677957062693],[139.75696796747977,35.696707487215015],[139.75686844399416,35.69666974680257]]]}},{"type":"Feature","properties":{"id":"building-1690679","sourceId":"1690679","floors":11,"areaSqm":504.9,"primaryUse":"unclassified","primaryUseBasis":"no_place","placeCount":0,"placeIds":[],"placeNames":[],"hasBookstore":false,"hasCafe":false,"hasRestaurant":false,"bookstoreEra":"unknown","oldestBookstoreYear":null,"mixedUse":false,"source":"東京都 令和3年度区部土地利用現況調査・建物現況","observedAt":"2021年度"},"geometry":{"type":"Polygon","coordinates":[[[139.75746163940897,35.69674673853435],[139.75746904027372,35.69674944730654],[139.7575736424684,35.69655842290074],[139.75748339675084,35.69652492526999],[139.75739091088587,35.696523334630825],[139.75739056563125,35.696537846458384],[139.7573807340759,35.69653486573686],[139.7573540040164,35.696523671889274],[139.75734027764892,35.69654953252295],[139.75733088971347,35.696544839475806],[139.7572585011153,35.69667377969181],[139.75726954859786,35.69667631050696],[139.75725416632108,35.69670045748218],[139.75744769272316,35.696771877945054],[139.75746163940897,35.69674673853435]]]}},{"type":"Feature","properties":{"id":"building-1690680","sourceId":"1690680","floors":2,"areaSqm":23.7,"primaryUse":"unclassified","primaryUseBasis":"no_place","placeCount":0,"placeIds":[],"placeNames":[],"hasBookstore":false,"hasCafe":false,"hasRestaurant":false,"bookstoreEra":"unknown","oldestBookstoreYear":null,"mixedUse":false,"source":"東京都 令和3年度区部土地利用現況調査・建物現況","observedAt":"2021年度"},"geometry":{"type":"Polygon","coordinates":[[[139.75800735228827,35.69667334924863],[139.75799761228697,35.69669046916933],[139.75809735682182,35.69672874960815],[139.75811030525153,35.696707395248936],[139.75800735228827,35.69667334924863]]]}},{"type":"Feature","properties":{"id":"building-1690681","sourceId":"1690681","floors":2,"areaSqm":52.1,"primaryUse":"unclassified","primaryUseBasis":"no_place","placeCount":0,"placeIds":[],"placeNames":[],"hasBookstore":false,"hasCafe":false,"hasRestaurant":false,"bookstoreEra":"unknown","oldestBookstoreYear":null,"mixedUse":false,"source":"東京都 令和3年度区部土地利用現況調査・建物現況","observedAt":"2021年度"},"geometry":{"type":"Polygon","coordinates":[[[139.7582850700809,35.69675482621837],[139.75825784130635,35.69680393386354],[139.75834543661472,35.696836437755316],[139.75837277584563,35.69678733015935],[139.7582850700809,35.69675482621837]]]}},{"type":"Feature","properties":{"id":"building-1690682","sourceId":"1690682","floors":5,"areaSqm":107.3,"primaryUse":"unclassified","primaryUseBasis":"no_place","placeCount":0,"placeIds":[],"placeNames":[],"hasBookstore":false,"hasCafe":false,"hasRestaurant":false,"bookstoreEra":"unknown","oldestBookstoreYear":null,"mixedUse":false,"source":"東京都 令和3年度区部土地利用現況調査・建物現況","observedAt":"2021年度"},"geometry":{"type":"Polygon","coordinates":[[[139.75869971480944,35.69669838788722],[139.7586644095535,35.696758577459086],[139.75880723105848,35.69681626346111],[139.7588435307229,35.696756074463224],[139.75869971480944,35.69669838788722]]]}},{"type":"Feature","properties":{"id":"building-1690683","sourceId":"1690683","floors":5,"areaSqm":63.0,"primaryUse":"unclassified","primaryUseBasis":"no_place","placeCount":0,"placeIds":[],"placeNames":[],"hasBookstore":false,"hasCafe":false,"hasRestaurant":false,"bookstoreEra":"unknown","oldestBookstoreYear":null,"mixedUse":false,"source":"東京都 令和3年度区部土地利用現況調査・建物現況","observedAt":"2021年度"},"geometry":{"type":"Polygon","coordinates":[[[139.75953951871716,35.69668502455177],[139.759504440745,35.69673908519887],[139.75958219768629,35.69677635941392],[139.7596192659292,35.69672085777242],[139.7596151940624,35.69670282789357],[139.75953951871716,35.69668502455177]]]}},{"type":"Feature","properties":{"id":"building-1690704","sourceId":"1690704","floors":5,"areaSqm":107.4,"primaryUse":"unclassified","primaryUseBasis":"no_place","placeCount":0,"placeIds":[],"placeNames":[],"hasBookstore":false,"hasCafe":false,"hasRestaurant":false,"bookstoreEra":"unknown","oldestBookstoreYear":null,"mixedUse":false,"source":"東京都 令和3年度区部土地利用現況調査・建物現況","observedAt":"2021年度"},"geometry":{"type":"Polygon","coordinates":[[[139.75568229879406,35.696607874665645],[139.75561854668823,35.696715907697],[139.75569895935885,35.696747417370865],[139.7557627113815,35.696639384297384],[139.75568229879406,35.696607874665645]]]}},{"type":"Feature","properties":{"id":"building-1690705","sourceId":"1690705","floors":6,"areaSqm":107.7,"primaryUse":"unclassified","primaryUseBasis":"no_place","placeCount":0,"placeIds":[],"placeNames":[],"hasBookstore":false,"hasCafe":false,"hasRestaurant":false,"bookstoreEra":"unknown","oldestBookstoreYear":null,"mixedUse":false,"source":"東京都 令和3年度区部土地利用現況調査・建物現況","observedAt":"2021年度"},"geometry":{"type":"Polygon","coordinates":[[[139.75586536166105,35.69664260519393],[139.75580781359002,35.69673423739737],[139.75590059526144,35.69677296585571],[139.7559581432543,35.69668133360838],[139.75586536166105,35.69664260519393]]]}},{"type":"Feature","properties":{"id":"building-1690706","sourceId":"1690706","floors":6,"areaSqm":41.6,"primaryUse":"unclassified","primaryUseBasis":"no_place","placeCount":0,"placeIds":[],"placeNames":[],"hasBookstore":false,"hasCafe":false,"hasRestaurant":false,"bookstoreEra":"unknown","oldestBookstoreYear":null,"mixedUse":false,"source":"東京都 令和3年度区部土地利用現況調査・建物現況","observedAt":"2021年度"},"geometry":{"type":"Polygon","coordinates":[[[139.75654895849468,35.69658923143555],[139.75652449636755,35.6966329322386],[139.7566030330782,35.696662096552046],[139.75662749508513,35.6966184858701],[139.75654895849468,35.69658923143555]]]}},{"type":"Feature","properties":{"id":"building-1690707","sourceId":"1690707","floors":4,"areaSqm":34.2,"primaryUse":"unclassified","primaryUseBasis":"no_place","placeCount":0,"placeIds":[],"placeNames":[],"hasBookstore":false,"hasCafe":false,"hasRestaurant":false,"bookstoreEra":"unknown","oldestBookstoreYear":null,"mixedUse":false,"source":"東京都 令和3年度区部土地利用現況調査・建物現況","observedAt":"2021年度"},"geometry":{"type":"Polygon","coordinates":[[[139.75682437202565,35.69665187168806],[139.75678187106936,35.69672449502936],[139.75682008955476,35.69673930178339],[139.7568625903983,35.696666768565585],[139.75682437202565,35.69665187168806]]]}},{"type":"Feature","properties":{"id":"building-1690708","sourceId":"1690708","floors":5,"areaSqm":69.4,"primaryUse":"unclassified","primaryUseBasis":"no_place","placeCount":0,"placeIds":[],"placeNames":[],"hasBookstore":false,"hasCafe":false,"hasRestaurant":false,"bookstoreEra":"unknown","oldestBookstoreYear":null,"mixedUse":false,"source":"東京都 令和3年度区部土地利用現況調査・建物現況","observedAt":"2021年度"},"geometry":{"type":"Polygon","coordinates":[[[139.75668928232372,35.6965992359239],[139.75664854908104,35.69667204061806],[139.75672708578912,35.69670129498736],[139.75676781897536,35.6966284902669],[139.75668928232372,35.6965992359239]]]}},{"type":"Feature","properties":{"id":"building-1690709","sourceId":"1690709","floors":3,"areaSqm":62.0,"primaryUse":"unclassified","primaryUseBasis":"no_place","placeCount":0,"placeIds":[],"placeNames":[],"hasBookstore":false,"hasCafe":false,"hasRestaurant":false,"bookstoreEra":"unknown","oldestBookstoreYear":null,"mixedUse":false,"source":"東京都 令和3年度区部土地利用現況調査・建物現況","observedAt":"2021年度"},"geometry":{"type":"Polygon","coordinates":[[[139.7592372690069,35.69660371565067],[139.75917496811138,35.69670102516749],[139.7592232370878,35.696721606113364],[139.75928963214295,35.69661807964224],[139.7592372690069,35.69660371565067]]]}},{"type":"Feature","properties":{"id":"building-1690710","sourceId":"1690710","floors":6,"areaSqm":94.1,"primaryUse":"unclassified","primaryUseBasis":"no_place","placeCount":0,"placeIds":[],"placeNames":[],"hasBookstore":false,"hasCafe":false,"hasRestaurant":false,"bookstoreEra":"unknown","oldestBookstoreYear":null,"mixedUse":false,"source":"東京都 令和3年度区部土地利用現況調査・建物現況","observedAt":"2021年度"},"geometry":{"type":"Polygon","coordinates":[[[139.75981267645187,35.696559721090765],[139.75977462187572,35.696606569045606],[139.75991367100744,35.69668164785838],[139.75995172553812,35.696634799860114],[139.75981267645187,35.696559721090765]]]}},{"type":"Feature","properties":{"id":"building-1690743","sourceId":"1690743","floors":6,"areaSqm":51.6,"primaryUse":"unclassified","primaryUseBasis":"no_place","placeCount":0,"placeIds":[],"placeNames":[],"hasBookstore":false,"hasCafe":false,"hasRestaurant":false,"bookstoreEra":"unknown","oldestBookstoreYear":null,"mixedUse":false,"source":"東京都 令和3年度区部土地利用現況調査・建物現況","observedAt":"2021年度"},"geometry":{"type":"Polygon","coordinates":[[[139.75634368724153,35.69653514796553],[139.75631645327914,35.696588491604935],[139.7563985281461,35.69661639639867],[139.75642576214992,35.696562962604006],[139.75634368724153,35.69653514796553]]]}},{"type":"Feature","properties":{"id":"building-1690744","sourceId":"1690744","floors":5,"areaSqm":102.8,"primaryUse":"unclassified","primaryUseBasis":"no_place","placeCount":0,"placeIds":[],"placeNames":[],"hasBookstore":false,"hasCafe":false,"hasRestaurant":false,"bookstoreEra":"unknown","oldestBookstoreYear":null,"mixedUse":false,"source":"東京都 令和3年度区部土地利用現況調査・建物現況","observedAt":"2021年度"},"geometry":{"type":"Polygon","coordinates":[[[139.75701809424334,35.696517239952826],[139.75701289828595,35.69663585685446],[139.75707002458958,35.696637515524536],[139.75711384607607,35.696570301132006],[139.75711610382152,35.69652009629293],[139.75701809424334,35.696517239952826]]]}},{"type":"Feature","properties":{"id":"building-1690745","sourceId":"1690745","floors":8,"areaSqm":445.1,"primaryUse":"restaurant","primaryUseBasis":"floor_unverified","placeCount":1,"placeIds":["osm-node-3606951976"],"placeNames":["すき家"],"hasBookstore":false,"hasCafe":false,"hasRestaurant":true,"bookstoreEra":"unknown","oldestBookstoreYear":null,"mixedUse":false,"source":"東京都 令和3年度区部土地利用現況調査・建物現況","observedAt":"2021年度"},"geometry":{"type":"Polygon","coordinates":[[[139.7580908014816,35.696531706188715],[139.75806910742207,35.6965703613688],[139.75814554803722,35.69659645871038],[139.75814123055005,35.69660501902166],[139.7582585462077,35.69664132728941],[139.75824814191944,35.69665988900706],[139.7584105270629,35.69671136823382],[139.75850504995225,35.69654350193294],[139.7580908014816,35.696531706188715]]]}},{"type":"Feature","properties":{"id":"building-1690746","sourceId":"1690746","floors":8,"areaSqm":1149.6,"primaryUse":"restaurant","primaryUseBasis":"confirmed_ground_floor","placeCount":8,"placeIds":["osm-node-3164004262","osm-node-3343070431","osm-node-3343070437","osm-node-3343070438","osm-node-3343070913","osm-node-5388406300","osm-way-327519003","luncheon"],"placeNames":["石井スポーツ","くいしんぼ","ゴーゴーカレー","サイゼリヤ","神保町ティーヌン","Beer Pub 8taps","石井スポーツ","ランチョン"],"hasBookstore":false,"hasCafe":false,"hasRestaurant":true,"bookstoreEra":"unknown","oldestBookstoreYear":null,"mixedUse":true,"source":"東京都 令和3年度区部土地利用現況調査・建物現況","observedAt":"2021年度"},"geometry":{"type":"Polygon","coordinates":[[[139.7594730976326,35.69645756834461],[139.75948867143947,35.696464608579895],[139.75951466949056,35.69643109358734],[139.75952295272236,35.696435605513116],[139.75970143557578,35.696165033610335],[139.7596952553887,35.69615664709493],[139.75958442879698,35.69615333431847],[139.75956193965982,35.696216326255616],[139.75954061351354,35.69621631318429],[139.75951127949668,35.69627272091899],[139.75930818513925,35.69627106387058],[139.75930607800882,35.69627935517265],[139.75923226717677,35.69627714647273],[139.7591070919396,35.69649475004164],[139.7591152522958,35.6965126021852],[139.7593902215923,35.6965795628677],[139.7594730976326,35.69645756834461]]]}},{"type":"Feature","properties":{"id":"building-1690747","sourceId":"1690747","floors":3,"areaSqm":96.9,"primaryUse":"restaurant","primaryUseBasis":"floor_unverified","placeCount":1,"placeIds":["osm-node-3606951988"],"placeNames":["中華そば 伊峡"],"hasBookstore":false,"hasCafe":false,"hasRestaurant":true,"bookstoreEra":"unknown","oldestBookstoreYear":null,"mixedUse":false,"source":"東京都 令和3年度区部土地利用現況調査・建物現況","observedAt":"2021年度"},"geometry":{"type":"Polygon","coordinates":[[[139.75963523006428,35.69654392875786],[139.75957747126913,35.6966291629167],[139.759659552182,35.69665057563242],[139.7596928163713,35.696646179277025],[139.7597324285973,35.69658779477395],[139.75963523006428,35.69654392875786]]]}},{"type":"Feature","properties":{"id":"building-1690748","sourceId":"1690748","floors":7,"areaSqm":102.6,"primaryUse":"retail","primaryUseBasis":"confirmed_ground_floor","placeCount":1,"placeIds":["osm-node-5252152105"],"placeNames":["KANDAHAR"],"hasBookstore":false,"hasCafe":false,"hasRestaurant":false,"bookstoreEra":"unknown","oldestBookstoreYear":null,"mixedUse":false,"source":"東京都 令和3年度区部土地利用現況調査・建物現況","observedAt":"2021年度"},"geometry":{"type":"Polygon","coordinates":[[[139.75985924491354,35.69650683914614],[139.75981654415253,35.69655945304215],[139.75995382608775,35.69663362936055],[139.75998336268157,35.69659714190597],[139.75997607339997,35.69659317143926],[139.75998923751752,35.69657704495047],[139.75985924491354,35.69650683914614]]]}},{"type":"Feature","properties":{"id":"building-1690772","sourceId":"1690772","floors":6,"areaSqm":56.1,"primaryUse":"unclassified","primaryUseBasis":"no_place","placeCount":0,"placeIds":[],"placeNames":[],"hasBookstore":false,"hasCafe":false,"hasRestaurant":false,"bookstoreEra":"unknown","oldestBookstoreYear":null,"mixedUse":false,"source":"東京都 令和3年度区部土地利用現況調査・建物現況","observedAt":"2021年度"},"geometry":{"type":"Polygon","coordinates":[[[139.75293359200512,35.69643751412906],[139.75292459376425,35.696485190552536],[139.75303905595598,35.69649950859042],[139.75304805413035,35.69645183215839],[139.75293359200512,35.69643751412906]]]}},{"type":"Feature","properties":{"id":"building-1690773","sourceId":"1690773","floors":5,"areaSqm":86.0,"primaryUse":"unclassified","primaryUseBasis":"no_place","placeCount":0,"placeIds":[],"placeNames":[],"hasBookstore":false,"hasCafe":false,"hasRestaurant":false,"bookstoreEra":"unknown","oldestBookstoreYear":null,"mixedUse":false,"source":"東京都 令和3年度区部土地利用現況調査・建物現況","observedAt":"2021年度"},"geometry":{"type":"Polygon","coordinates":[[[139.75551767019365,35.696479142962325],[139.75551326214637,35.69658063429209],[139.75559757026178,35.696583122462464],[139.75560197820238,35.69648163112951],[139.75551767019365,35.696479142962325]]]}},{"type":"Feature","properties":{"id":"building-1690774","sourceId":"1690774","floors":5,"areaSqm":153.1,"primaryUse":"unclassified","primaryUseBasis":"no_place","placeCount":0,"placeIds":[],"placeNames":[],"hasBookstore":false,"hasCafe":false,"hasRestaurant":false,"bookstoreEra":"unknown","oldestBookstoreYear":null,"mixedUse":false,"source":"東京都 令和3年度区部土地利用現況調査・建物現況","observedAt":"2021年度"},"geometry":{"type":"Polygon","coordinates":[[[139.75571877295803,35.696483959914495],[139.75571180168427,35.696608164104184],[139.75577906964605,35.69663479785437],[139.7558559878037,35.696509196510306],[139.75585711214418,35.696489186836104],[139.75571877295803,35.696483959914495]]]}},{"type":"Feature","properties":{"id":"building-1690775","sourceId":"1690775","floors":5,"areaSqm":30.9,"primaryUse":"unclassified","primaryUseBasis":"no_place","placeCount":0,"placeIds":[],"placeNames":[],"hasBookstore":false,"hasCafe":false,"hasRestaurant":false,"bookstoreEra":"unknown","oldestBookstoreYear":null,"mixedUse":false,"source":"東京都 令和3年度区部土地利用現況調査・建物現況","observedAt":"2021年度"},"geometry":{"type":"Polygon","coordinates":[[[139.7566007504504,35.69650723985724],[139.75658038330332,35.69654418301297],[139.75664919986292,35.696569375073885],[139.7566520203158,35.696508804855455],[139.7566007504504,35.69650723985724]]]}},{"type":"Feature","properties":{"id":"building-1690776","sourceId":"1690776","floors":7,"areaSqm":127.4,"primaryUse":"unclassified","primaryUseBasis":"no_place","placeCount":0,"placeIds":[],"placeNames":[],"hasBookstore":false,"hasCafe":false,"hasRestaurant":false,"bookstoreEra":"unknown","oldestBookstoreYear":null,"mixedUse":false,"source":"東京都 令和3年度区部土地利用現況調査・建物現況","observedAt":"2021年度"},"geometry":{"type":"Polygon","coordinates":[[[139.7568460500268,35.69651496747254],[139.75684227936677,35.69664503266193],[139.75692832634013,35.69667816755993],[139.75693301085587,35.69651664516076],[139.7568460500268,35.69651496747254]]]}},{"type":"Feature","properties":{"id":"building-1690777","sourceId":"1690777","floors":9,"areaSqm":671.8,"primaryUse":"unclassified","primaryUseBasis":"no_place","placeCount":0,"placeIds":[],"placeNames":[],"hasBookstore":false,"hasCafe":false,"hasRestaurant":false,"bookstoreEra":"unknown","oldestBookstoreYear":null,"mixedUse":false,"source":"東京都 令和3年度区部土地利用現況調査・建物現況","observedAt":"2021年度"},"geometry":{"type":"Polygon","coordinates":[[[139.75733915322735,35.69633707907108],[139.75738489850968,35.69633818958467],[139.75738694277354,35.69627987227995],[139.7573419710122,35.69627876225543],[139.75734866680514,35.696092813989324],[139.75716723304657,35.696088553028666],[139.7571546311358,35.696442512785204],[139.7573425848491,35.696447048291915],[139.75734315110887,35.696432536603794],[139.7573357478831,35.69643235165627],[139.75733915322735,35.69633707907108]]]}},{"type":"Feature","properties":{"id":"building-1690778","sourceId":"1690778","floors":9,"areaSqm":807.2,"primaryUse":"unclassified","primaryUseBasis":"no_place","placeCount":0,"placeIds":[],"placeNames":[],"hasBookstore":false,"hasCafe":false,"hasRestaurant":false,"bookstoreEra":"unknown","oldestBookstoreYear":null,"mixedUse":false,"source":"東京都 令和3年度区部土地利用現況調査・建物現況","observedAt":"2021年度"},"geometry":{"type":"Polygon","coordinates":[[[139.7576486993664,35.69641154692104],[139.75766394763906,35.69641209732873],[139.75768196526835,35.69640534838362],[139.7576842016264,35.696377407340684],[139.75767690890328,35.6963772224836],[139.75767780651194,35.696362801138875],[139.75767283417068,35.69636270787676],[139.75767305755133,35.696360184183106],[139.75768344405674,35.69636055125861],[139.75768603991426,35.69630295539096],[139.75772305581776,35.696304060290025],[139.75772637331866,35.69630135826579],[139.7577294112212,35.69624367253734],[139.75773703534182,35.69624394773631],[139.75773669500012,35.69625332176354],[139.75778144609654,35.69625407095435],[139.75778409433403,35.69614086062839],[139.7577391223047,35.69614011129985],[139.7577399152708,35.6961194704399],[139.75772986037558,35.69611901344062],[139.7577301985055,35.69611198297211],[139.7574950628189,35.69610750849205],[139.7574926837304,35.696169431066735],[139.75746704851332,35.69616905436541],[139.7574649939805,35.69623827823496],[139.7574919539179,35.696240007825345],[139.75748557286974,35.69644398367925],[139.75764314029,35.6964476883345],[139.7576476766896,35.69644138160175],[139.7576486993664,35.69641154692104]]]}},{"type":"Feature","properties":{"id":"building-1690779","sourceId":"1690779","floors":4,"areaSqm":303.7,"primaryUse":"unclassified","primaryUseBasis":"no_place","placeCount":0,"placeIds":[],"placeNames":[],"hasBookstore":false,"hasCafe":false,"hasRestaurant":false,"bookstoreEra":"unknown","oldestBookstoreYear":null,"mixedUse":false,"source":"東京都 令和3年度区部土地利用現況調査・建物現況","observedAt":"2021年度"},"geometry":{"type":"Polygon","coordinates":[[[139.7590418762151,35.696414326597925],[139.75898507271614,35.69641263390963],[139.75897858026866,35.69641334558675],[139.75897973872446,35.696360503526435],[139.75892414555202,35.696358456417464],[139.75878393716425,35.696355164398675],[139.75878208081483,35.696439432265656],[139.75877876082686,35.696444838425286],[139.75877794446606,35.696490897890776],[139.75882479534567,35.69649146772039],[139.75882566973468,35.696489908892715],[139.75893605553534,35.69649358264313],[139.75894500022554,35.69649971748215],[139.75899350800523,35.69650091832714],[139.7590418762151,35.696414326597925]]]}},{"type":"Feature","properties":{"id":"building-1690780","sourceId":"1690780","floors":5,"areaSqm":95.6,"primaryUse":"restaurant","primaryUseBasis":"floor_unverified","placeCount":1,"placeIds":["osm-node-5252152110"],"placeNames":["大衆酒場けいちゃん"],"hasBookstore":false,"hasCafe":false,"hasRestaurant":true,"bookstoreEra":"unknown","oldestBookstoreYear":null,"mixedUse":false,"source":"東京都 令和3年度区部土地利用現況調査・建物現況","observedAt":"2021年度"},"geometry":{"type":"Polygon","coordinates":[[[139.75992805324842,35.6964215214517],[139.75988845232212,35.69646782767912],[139.7600268348638,35.696546691707155],[139.7600664356668,35.69650047557164],[139.75992805324842,35.6964215214517]]]}},{"type":"Feature","properties":{"id":"building-1690781","sourceId":"1690781","floors":7,"areaSqm":108.0,"primaryUse":"cafe","primaryUseBasis":"floor_unverified","placeCount":1,"placeIds":["osm-node-13739236972"],"placeNames":["アディロンダックカフェ"],"hasBookstore":false,"hasCafe":true,"hasRestaurant":false,"bookstoreEra":"unknown","oldestBookstoreYear":null,"mixedUse":false,"source":"東京都 令和3年度区部土地利用現況調査・建物現況","observedAt":"2021年度"},"geometry":{"type":"Polygon","coordinates":[[[139.75997627919423,35.69636846019734],[139.75993136853234,35.69642116292558],[139.7600688678718,35.69649912499802],[139.76011377856952,35.69644633208223],[139.75997627919423,35.69636846019734]]]}},{"type":"Feature","properties":{"id":"building-1690813","sourceId":"1690813","floors":6,"areaSqm":76.3,"primaryUse":"unclassified","primaryUseBasis":"no_place","placeCount":0,"placeIds":[],"placeNames":[],"hasBookstore":false,"hasCafe":false,"hasRestaurant":false,"bookstoreEra":"unknown","oldestBookstoreYear":null,"mixedUse":false,"source":"東京都 令和3年度区部土地利用現況調査・建物現況","observedAt":"2021年度"},"geometry":{"type":"Polygon","coordinates":[[[139.75332858686005,35.69636431570317],[139.75331993874636,35.69650420246511],[139.7533741913741,35.69650640180043],[139.7533827288949,35.69636651496113],[139.75332858686005,35.69636431570317]]]}},{"type":"Feature","properties":{"id":"building-1690814","sourceId":"1690814","floors":6,"areaSqm":231.0,"primaryUse":"unclassified","primaryUseBasis":"no_place","placeCount":0,"placeIds":[],"placeNames":[],"hasBookstore":false,"hasCafe":false,"hasRestaurant":false,"bookstoreEra":"unknown","oldestBookstoreYear":null,"mixedUse":false,"source":"東京都 令和3年度区部土地利用現況調査・建物現況","observedAt":"2021年度"},"geometry":{"type":"Polygon","coordinates":[[[139.75338847417984,35.696367149735316],[139.75337572548716,35.69651929239977],[139.75346818951272,35.69654269924519],[139.75356203496642,35.6963995338958],[139.75355421256216,35.6963764536584],[139.75338847417984,35.696367149735316]]]}},{"type":"Feature","properties":{"id":"building-1690815","sourceId":"1690815","floors":8,"areaSqm":213.7,"primaryUse":"retail","primaryUseBasis":"floor_unverified","placeCount":1,"placeIds":["osm-node-3777815475"],"placeNames":["ローソン"],"hasBookstore":false,"hasCafe":false,"hasRestaurant":false,"bookstoreEra":"unknown","oldestBookstoreYear":null,"mixedUse":false,"source":"東京都 令和3年度区部土地利用現況調査・建物現況","observedAt":"2021年度"},"geometry":{"type":"Polygon","coordinates":[[[139.7555306602351,35.696301852020056],[139.75538447470177,35.69629797169672],[139.75536432743004,35.69633554574855],[139.7552988184344,35.69631855755725],[139.7552661637202,35.69637775634681],[139.75528128776938,35.69639236833659],[139.7555268090843,35.696398836866834],[139.7555306602351,35.696301852020056]]]}},{"type":"Feature","properties":{"id":"building-1690816","sourceId":"1690816","floors":6,"areaSqm":24.4,"primaryUse":"unclassified","primaryUseBasis":"no_place","placeCount":0,"placeIds":[],"placeNames":[],"hasBookstore":false,"hasCafe":false,"hasRestaurant":false,"bookstoreEra":"unknown","oldestBookstoreYear":null,"mixedUse":false,"source":"東京都 令和3年度区部土地利用現況調査・建物現況","observedAt":"2021年度"},"geometry":{"type":"Polygon","coordinates":[[[139.7564374156459,35.69638078438829],[139.7564350783637,35.69642131927501],[139.75648956152938,35.69642397164371],[139.75650811061826,35.69638856597972],[139.7564374156459,35.69638078438829]]]}},{"type":"Feature","properties":{"id":"building-1690817","sourceId":"1690817","floors":3,"areaSqm":30.3,"primaryUse":"unclassified","primaryUseBasis":"no_place","placeCount":0,"placeIds":[],"placeNames":[],"hasBookstore":false,"hasCafe":false,"hasRestaurant":false,"bookstoreEra":"unknown","oldestBookstoreYear":null,"mixedUse":false,"source":"東京都 令和3年度区部土地利用現況調査・建物現況","observedAt":"2021年度"},"geometry":{"type":"Polygon","coordinates":[[[139.75675747366057,35.696353836466564],[139.75675463692008,35.69643153269521],[139.7567934210172,35.69643245873112],[139.7567962577201,35.696354762501514],[139.75675747366057,35.696353836466564]]]}},{"type":"Feature","properties":{"id":"building-1690818","sourceId":"1690818","floors":6,"areaSqm":62.5,"primaryUse":"unclassified","primaryUseBasis":"no_place","placeCount":0,"placeIds":[],"placeNames":[],"hasBookstore":false,"hasCafe":false,"hasRestaurant":false,"bookstoreEra":"unknown","oldestBookstoreYear":null,"mixedUse":false,"source":"東京都 令和3年度区部土地利用現況調査・建物現況","observedAt":"2021年度"},"geometry":{"type":"Polygon","coordinates":[[[139.75680012507627,35.69635485509729],[139.75679728837713,35.696432551327],[139.75687728745444,35.696434495039725],[139.75688012407608,35.69635679880806],[139.75680012507627,35.69635485509729]]]}},{"type":"Feature","properties":{"id":"building-1690819","sourceId":"1690819","floors":3,"areaSqm":51.5,"primaryUse":"unclassified","primaryUseBasis":"no_place","placeCount":0,"placeIds":[],"placeNames":[],"hasBookstore":false,"hasCafe":false,"hasRestaurant":false,"bookstoreEra":"unknown","oldestBookstoreYear":null,"mixedUse":false,"source":"東京都 令和3年度区部土地利用現況調査・建物現況","observedAt":"2021年度"},"geometry":{"type":"Polygon","coordinates":[[[139.75688300062143,35.69636346085273],[139.75688131321039,35.696426082412884],[139.7569634232507,35.696427558697],[139.75696412308338,35.69636457866551],[139.75688300062143,35.69636346085273]]]}},{"type":"Feature","properties":{"id":"building-1690820","sourceId":"1690820","floors":2,"areaSqm":26.0,"primaryUse":"restaurant","primaryUseBasis":"floor_unverified","placeCount":1,"placeIds":["osm-node-6299113688"],"placeNames":["覆麺 智"],"hasBookstore":false,"hasCafe":false,"hasRestaurant":true,"bookstoreEra":"unknown","oldestBookstoreYear":null,"mixedUse":false,"source":"東京都 令和3年度区部土地利用現況調査・建物現況","observedAt":"2021年度"},"geometry":{"type":"Polygon","coordinates":[[[139.75705710879336,35.69639224476037],[139.75705551795394,35.69643830372324],[139.7571115393902,35.69643969126267],[139.75711324078168,35.696393542232094],[139.75705710879336,35.69639224476037]]]}},{"type":"Feature","properties":{"id":"building-1690821","sourceId":"1690821","floors":5,"areaSqm":69.7,"primaryUse":"restaurant","primaryUseBasis":"floor_unverified","placeCount":1,"placeIds":["osm-node-6299113689"],"placeNames":["神保町 可以"],"hasBookstore":false,"hasCafe":false,"hasRestaurant":true,"bookstoreEra":"unknown","oldestBookstoreYear":null,"mixedUse":false,"source":"東京都 令和3年度区部土地利用現況調査・建物現況","observedAt":"2021年度"},"geometry":{"type":"Polygon","coordinates":[[[139.7573712849904,35.69636161659678],[139.75736855259026,35.696446433723416],[139.75745031984252,35.69644819789728],[139.75745294174314,35.69636329056218],[139.7573712849904,35.69636161659678]]]}},{"type":"Feature","properties":{"id":"building-1690822","sourceId":"1690822","floors":5,"areaSqm":30.7,"primaryUse":"unclassified","primaryUseBasis":"no_place","placeCount":0,"placeIds":[],"placeNames":[],"hasBookstore":false,"hasCafe":false,"hasRestaurant":false,"bookstoreEra":"unknown","oldestBookstoreYear":null,"mixedUse":false,"source":"東京都 令和3年度区部土地利用現況調査・建物現況","observedAt":"2021年度"},"geometry":{"type":"Polygon","coordinates":[[[139.75898335302054,35.69636895249069],[139.7589825402922,35.69641122620937],[139.75904386736053,35.69641198426656],[139.75906688879027,35.69637008570026],[139.75898335302054,35.69636895249069]]]}},{"type":"Feature","properties":{"id":"building-1690855","sourceId":"1690855","floors":9,"areaSqm":386.5,"primaryUse":"unclassified","primaryUseBasis":"no_place","placeCount":0,"placeIds":[],"placeNames":[],"hasBookstore":false,"hasCafe":false,"hasRestaurant":false,"bookstoreEra":"unknown","oldestBookstoreYear":null,"mixedUse":false,"source":"東京都 令和3年度区部土地利用現況調査・建物現況","observedAt":"2021年度"},"geometry":{"type":"Polygon","coordinates":[[[139.7544619478307,35.696273845049674],[139.75448923982967,35.69627494457157],[139.7544968765784,35.69615010992424],[139.75451245618441,35.69615075108503],[139.75451234364633,35.69615282416078],[139.75458328056948,35.69615575497007],[139.75459271534075,35.696000184795935],[139.75442189231518,35.695993312666715],[139.75440335960815,35.69629832389302],[139.75446037449512,35.69630061468689],[139.7544619478307,35.696273845049674]]]}},{"type":"Feature","properties":{"id":"building-1690856","sourceId":"1690856","floors":4,"areaSqm":26.2,"primaryUse":"restaurant","primaryUseBasis":"floor_unverified","placeCount":1,"placeIds":["osm-node-12014214569"],"placeNames":["弐番亭"],"hasBookstore":false,"hasCafe":false,"hasRestaurant":true,"bookstoreEra":"unknown","oldestBookstoreYear":null,"mixedUse":false,"source":"東京都 令和3年度区部土地利用現況調査・建物現況","observedAt":"2021年度"},"geometry":{"type":"Polygon","coordinates":[[[139.75452787330784,35.696317669535624],[139.7545260580864,35.696349968915726],[139.7546089298449,35.69635317793351],[139.7546106019581,35.69632254418903],[139.75452787330784,35.696317669535624]]]}},{"type":"Feature","properties":{"id":"building-1690857","sourceId":"1690857","floors":5,"areaSqm":193.0,"primaryUse":"restaurant","primaryUseBasis":"floor_unverified","placeCount":2,"placeIds":["osm-node-7922127570","osm-node-7922127571"],"placeNames":["弁慶","Misty"],"hasBookstore":false,"hasCafe":false,"hasRestaurant":true,"bookstoreEra":"unknown","oldestBookstoreYear":null,"mixedUse":true,"source":"東京都 令和3年度区部土地利用現況調査・建物現況","observedAt":"2021年度"},"geometry":{"type":"Polygon","coordinates":[[[139.75624099555213,35.69624786632617],[139.75623312272904,35.69639117900309],[139.75627334275924,35.6963926469478],[139.75627188052505,35.69641941667965],[139.75635287310894,35.6964223528831],[139.7563613082596,35.69626858467455],[139.7563398723825,35.696267759733615],[139.7563407719634,35.696251535661354],[139.75624099555213,35.69624786632617]]]}},{"type":"Feature","properties":{"id":"building-1690858","sourceId":"1690858","floors":6,"areaSqm":233.9,"primaryUse":"retail","primaryUseBasis":"confirmed_ground_floor","placeCount":1,"placeIds":["osm-node-6817614544"],"placeNames":["パソコンロッジ"],"hasBookstore":false,"hasCafe":false,"hasRestaurant":false,"bookstoreEra":"unknown","oldestBookstoreYear":null,"mixedUse":false,"source":"東京都 令和3年度区部土地利用現況調査・建物現況","observedAt":"2021年度"},"geometry":{"type":"Polygon","coordinates":[[[139.75843025430814,35.696117128460436],[139.75833820944342,35.696115899371385],[139.7583371661904,35.69616916964963],[139.75822954120477,35.69616775049598],[139.75821406200373,35.69617783617402],[139.75819113047191,35.6962412782628],[139.7582005158014,35.696248765486395],[139.75842758676498,35.69625314253223],[139.75843025430814,35.696117128460436]]]}},{"type":"Feature","properties":{"id":"building-1690859","sourceId":"1690859","floors":3,"areaSqm":134.4,"primaryUse":"unclassified","primaryUseBasis":"no_place","placeCount":0,"placeIds":[],"placeNames":[],"hasBookstore":false,"hasCafe":false,"hasRestaurant":false,"bookstoreEra":"unknown","oldestBookstoreYear":null,"mixedUse":false,"source":"東京都 令和3年度区部土地利用現況調査・建物現況","observedAt":"2021年度"},"geometry":{"type":"Polygon","coordinates":[[[139.7584724471832,35.6963130916686],[139.75846972092117,35.69639259074652],[139.75863800646619,35.69639648103865],[139.75864073256133,35.696316981956755],[139.7584724471832,35.6963130916686]]]}},{"type":"Feature","properties":{"id":"building-1690860","sourceId":"1690860","floors":9,"areaSqm":101.4,"primaryUse":"retail","primaryUseBasis":"confirmed_ground_floor","placeCount":5,"placeIds":["osm-node-3343070434","osm-node-3343070915","osm-node-5214254932","osm-node-5214254935","osm-node-5517738601"],"placeNames":["わがん","金ペン堂","じゃんぱら","日乃屋カレー","Sol Amigo"],"hasBookstore":false,"hasCafe":false,"hasRestaurant":true,"bookstoreEra":"unknown","oldestBookstoreYear":null,"mixedUse":true,"source":"東京都 令和3年度区部土地利用現況調査・建物現況","observedAt":"2021年度"},"geometry":{"type":"Polygon","coordinates":[[[139.76009944840442,35.69616671859874],[139.75996784714877,35.69616447517798],[139.7599670460051,35.69619467056288],[139.75995688025895,35.69619457422979],[139.7599555030045,35.696250548426406],[139.75996986752486,35.69625082759249],[139.7599691807594,35.69627678661083],[139.76000509211363,35.6962774394503],[139.76009944840442,35.69616671859874]]]}},{"type":"Feature","properties":{"id":"building-1690861","sourceId":"1690861","floors":8,"areaSqm":225.6,"primaryUse":"retail","primaryUseBasis":"floor_unverified","placeCount":1,"placeIds":["osm-node-3662611398"],"placeNames":["ミニストップ"],"hasBookstore":false,"hasCafe":false,"hasRestaurant":false,"bookstoreEra":"unknown","oldestBookstoreYear":null,"mixedUse":false,"source":"東京都 令和3年度区部土地利用現況調査・建物現況","observedAt":"2021年度"},"geometry":{"type":"Polygon","coordinates":[[[139.76008611032933,35.696252340571256],[139.75998357481103,35.69636549012428],[139.76011201372478,35.69644290580538],[139.76021454916116,35.696329756144316],[139.76008611032933,35.696252340571256]]]}},{"type":"Feature","properties":{"id":"building-1690903","sourceId":"1690903","floors":2,"areaSqm":102.3,"primaryUse":"unclassified","primaryUseBasis":"no_place","placeCount":0,"placeIds":[],"placeNames":[],"hasBookstore":false,"hasCafe":false,"hasRestaurant":false,"bookstoreEra":"unknown","oldestBookstoreYear":null,"mixedUse":false,"source":"東京都 令和3年度区部土地利用現況調査・建物現況","observedAt":"2021年度"},"geometry":{"type":"Polygon","coordinates":[[[139.75401421202866,35.69615889668346],[139.75398034532682,35.696213677617024],[139.75397117891947,35.696320213424784],[139.7540383580467,35.69632413358392],[139.75405244213187,35.69616117529132],[139.75401421202866,35.69615889668346]]]}},{"type":"Feature","properties":{"id":"building-1690904","sourceId":"1690904","floors":7,"areaSqm":80.9,"primaryUse":"unclassified","primaryUseBasis":"no_place","placeCount":0,"placeIds":[],"placeNames":[],"hasBookstore":false,"hasCafe":false,"hasRestaurant":false,"bookstoreEra":"unknown","oldestBookstoreYear":null,"mixedUse":false,"source":"東京都 令和3年度区部土地利用現況調査・建物現況","observedAt":"2021年度"},"geometry":{"type":"Polygon","coordinates":[[[139.7541140890267,35.69619806836069],[139.75410281565507,35.69632688644383],[139.75416542068018,35.69633028162852],[139.75417593379396,35.696201392732796],[139.7541140890267,35.69619806836069]]]}},{"type":"Feature","properties":{"id":"building-1690905","sourceId":"1690905","floors":7,"areaSqm":81.7,"primaryUse":"unclassified","primaryUseBasis":"no_place","placeCount":0,"placeIds":[],"placeNames":[],"hasBookstore":false,"hasCafe":false,"hasRestaurant":false,"bookstoreEra":"unknown","oldestBookstoreYear":null,"mixedUse":false,"source":"東京都 令和3年度区部土地利用現況調査・建物現況","observedAt":"2021年度"},"geometry":{"type":"Polygon","coordinates":[[[139.75423406091662,35.696201856388285],[139.75422122454628,35.69633254650087],[139.75428298910077,35.69633664323872],[139.7542959359581,35.69620586305519],[139.75423406091662,35.696201856388285]]]}},{"type":"Feature","properties":{"id":"building-1690906","sourceId":"1690906","floors":9,"areaSqm":315.9,"primaryUse":"restaurant","primaryUseBasis":"confirmed_ground_floor","placeCount":1,"placeIds":["osm-node-7863493838"],"placeNames":["西安麺荘秦唐記"],"hasBookstore":false,"hasCafe":false,"hasRestaurant":true,"bookstoreEra":"unknown","oldestBookstoreYear":null,"mixedUse":false,"source":"東京都 令和3年度区部土地利用現況調査・建物現況","observedAt":"2021年度"},"geometry":{"type":"Polygon","coordinates":[[[139.75430806081008,35.696099578841874],[139.7542321014598,35.69609588381453],[139.75423109438952,35.69611086841772],[139.7542000016125,35.696109468886945],[139.75420797456306,35.69598030790294],[139.75409858488842,35.695975909377324],[139.7540855575525,35.696178812557186],[139.75430151831236,35.696189079618335],[139.75430806081008,35.696099578841874]]]}},{"type":"Feature","properties":{"id":"building-1690907","sourceId":"1690907","floors":10,"areaSqm":187.7,"primaryUse":"restaurant","primaryUseBasis":"floor_unverified","placeCount":3,"placeIds":["osm-node-3835260594","osm-node-13086513501","osm-node-13086515801"],"placeNames":["パレットプラザ","とんかつおりべ","あつ盛"],"hasBookstore":false,"hasCafe":false,"hasRestaurant":true,"bookstoreEra":"unknown","oldestBookstoreYear":null,"mixedUse":true,"source":"東京都 令和3年度区部土地利用現況調査・建物現況","observedAt":"2021年度"},"geometry":{"type":"Polygon","coordinates":[[[139.7550710581601,35.69611605228561],[139.7550077214944,35.696024792514706],[139.754953250003,35.6960207008975],[139.75494841268207,35.696108491120675],[139.75490664708315,35.69610575980929],[139.75490597332825,35.69611675607611],[139.75488033840608,35.696116108413335],[139.7548797612851,35.696141256241276],[139.75490672219198,35.696141904768076],[139.75490105298817,35.69617642351926],[139.75503430779403,35.696182549442824],[139.7550710581601,35.69611605228561]]]}},{"type":"Feature","properties":{"id":"building-1690908","sourceId":"1690908","floors":9,"areaSqm":306.4,"primaryUse":"restaurant","primaryUseBasis":"floor_unverified","placeCount":2,"placeIds":["osm-node-3777815474","osm-node-11042128895"],"placeNames":["ファミリーマート","白木屋"],"hasBookstore":false,"hasCafe":false,"hasRestaurant":true,"bookstoreEra":"unknown","oldestBookstoreYear":null,"mixedUse":true,"source":"東京都 令和3年度区部土地利用現況調査・建物現況","observedAt":"2021年度"},"geometry":{"type":"Polygon","coordinates":[[[139.75476256845423,35.696207340313585],[139.75475707773782,35.69628512490054],[139.75479707624837,35.69628704387854],[139.75479158582502,35.69636455805544],[139.75493334754515,35.69637249237949],[139.7550107359138,35.69621912970229],[139.75476256845423,35.696207340313585]]]}},{"type":"Feature","properties":{"id":"building-1690909","sourceId":"1690909","floors":9,"areaSqm":716.1,"primaryUse":"restaurant","primaryUseBasis":"confirmed_ground_floor","placeCount":3,"placeIds":["osm-node-7899253251","osm-node-7899253261","osm-node-7922127572"],"placeNames":["焼鳥さつま屋","キャンパス","エスペリア"],"hasBookstore":false,"hasCafe":true,"hasRestaurant":true,"bookstoreEra":"unknown","oldestBookstoreYear":null,"mixedUse":true,"source":"東京都 令和3年度区部土地利用現況調査・建物現況","observedAt":"2021年度"},"geometry":{"type":"Polygon","coordinates":[[[139.75620392295244,35.69607732693737],[139.75610105264792,35.69607383577771],[139.75609722045087,35.69615189190316],[139.7559991760221,35.69614672450163],[139.75599881399424,35.69615431560152],[139.75598155482723,35.69615365011824],[139.75596824553983,35.696406265636746],[139.75621453981472,35.6964145350983],[139.75622693058583,35.69616828894113],[139.75619941742877,35.696167369945364],[139.75620392295244,35.69607732693737]]]}},{"type":"Feature","properties":{"id":"building-1690910","sourceId":"1690910","floors":8,"areaSqm":227.8,"primaryUse":"restaurant","primaryUseBasis":"floor_unverified","placeCount":1,"placeIds":["osm-node-10138002117"],"placeNames":["best bar in tokyo"],"hasBookstore":false,"hasCafe":false,"hasRestaurant":true,"bookstoreEra":"unknown","oldestBookstoreYear":null,"mixedUse":false,"source":"東京都 令和3年度区部土地利用現況調査・建物現況","observedAt":"2021年度"},"geometry":{"type":"Polygon","coordinates":[[[139.7567560633523,35.69621087839655],[139.7566979468717,35.696320538057485],[139.75670623148517,35.69632342771318],[139.75670588222718,35.69634199569854],[139.7567532854952,35.69634256668597],[139.75675316810282,35.6963497775657],[139.75689184197677,35.69635148817085],[139.75689443229598,35.69630029203911],[139.75688559269196,35.69630001601488],[139.75688987240034,35.6962153801539],[139.7567560633523,35.69621087839655]]]}},{"type":"Feature","properties":{"id":"building-1690945","sourceId":"1690945","floors":6,"areaSqm":176.4,"primaryUse":"unclassified","primaryUseBasis":"no_place","placeCount":0,"placeIds":[],"placeNames":[],"hasBookstore":false,"hasCafe":false,"hasRestaurant":false,"bookstoreEra":"unknown","oldestBookstoreYear":null,"mixedUse":false,"source":"東京都 令和3年度区部土地利用現況調査・建物現況","observedAt":"2021年度"},"geometry":{"type":"Polygon","coordinates":[[[139.75298283432838,35.6961469455508],[139.75297332217642,35.696266370633],[139.7531198352332,35.69627403985361],[139.7531293471677,35.69615461475971],[139.75298283432838,35.6961469455508]]]}},{"type":"Feature","properties":{"id":"building-1690946","sourceId":"1690946","floors":8,"areaSqm":134.1,"primaryUse":"unclassified","primaryUseBasis":"no_place","placeCount":0,"placeIds":[],"placeNames":[],"hasBookstore":false,"hasCafe":false,"hasRestaurant":false,"bookstoreEra":"unknown","oldestBookstoreYear":null,"mixedUse":false,"source":"東京都 令和3年度区部土地利用現況調査・建物現況","observedAt":"2021年度"},"geometry":{"type":"Polygon","coordinates":[[[139.75386776338877,35.69608642014],[139.7538237137081,35.69615841046136],[139.75397205269667,35.696218990229085],[139.7540162127756,35.69614699992685],[139.75386776338877,35.69608642014]]]}},{"type":"Feature","properties":{"id":"building-1690947","sourceId":"1690947","floors":5,"areaSqm":96.1,"primaryUse":"unclassified","primaryUseBasis":"no_place","placeCount":0,"placeIds":[],"placeNames":[],"hasBookstore":false,"hasCafe":false,"hasRestaurant":false,"bookstoreEra":"unknown","oldestBookstoreYear":null,"mixedUse":false,"source":"東京都 令和3年度区部土地利用現況調査・建物現況","observedAt":"2021年度"},"geometry":{"type":"Polygon","coordinates":[[[139.75624596026657,35.696141057241],[139.75624122539713,35.69623867250636],[139.7563391238475,35.696241799818615],[139.7563438585112,35.696144274686176],[139.75624596026657,35.696141057241]]]}},{"type":"Feature","properties":{"id":"building-1690948","sourceId":"1690948","floors":8,"areaSqm":503.3,"primaryUse":"restaurant","primaryUseBasis":"confirmed_ground_floor","placeCount":3,"placeIds":["osm-node-4563670590","osm-node-4690223538","osm-node-13086503102"],"placeNames":["一向","ボーイズカレー","Aeon Liquor"],"hasBookstore":false,"hasCafe":false,"hasRestaurant":true,"bookstoreEra":"unknown","oldestBookstoreYear":null,"mixedUse":true,"source":"東京都 令和3年度区部土地利用現況調査・建物現況","observedAt":"2021年度"},"geometry":{"type":"Polygon","coordinates":[[[139.75663796185475,35.696084977458455],[139.75660992823265,35.696085257046136],[139.75661008312736,35.696078129116096],[139.75644404183558,35.6960738498339],[139.75644500339692,35.696080518778466],[139.7564141533672,35.69607945348127],[139.75640763751434,35.69627482923112],[139.75647218642595,35.696279206049574],[139.75643819099326,35.696367338256415],[139.7564376504935,35.69637671575732],[139.7565104663388,35.696384068749],[139.75665423671728,35.696120018644436],[139.75663668849268,35.69611196364515],[139.75663796185475,35.696084977458455]]]}},{"type":"Feature","properties":{"id":"building-1690949","sourceId":"1690949","floors":4,"areaSqm":31.1,"primaryUse":"unclassified","primaryUseBasis":"no_place","placeCount":0,"placeIds":[],"placeNames":[],"hasBookstore":false,"hasCafe":false,"hasRestaurant":false,"bookstoreEra":"unknown","oldestBookstoreYear":null,"mixedUse":false,"source":"東京都 令和3年度区部土地利用現況調査・建物現況","observedAt":"2021年度"},"geometry":{"type":"Polygon","coordinates":[[[139.7568638697577,35.69607437955977],[139.75686042328235,35.69617859008749],[139.7568898890043,35.696179456089986],[139.75689368945118,35.69607480952343],[139.7568638697577,35.69607437955977]]]}},{"type":"Feature","properties":{"id":"building-1690950","sourceId":"1690950","floors":9,"areaSqm":171.6,"primaryUse":"restaurant","primaryUseBasis":"floor_unverified","placeCount":2,"placeIds":["osm-node-11577916668","osm-node-11577977369"],"placeNames":["大戸屋","キング軒"],"hasBookstore":false,"hasCafe":false,"hasRestaurant":true,"bookstoreEra":"unknown","oldestBookstoreYear":null,"mixedUse":true,"source":"東京都 令和3年度区部土地利用現況調査・建物現況","observedAt":"2021年度"},"geometry":{"type":"Polygon","coordinates":[[[139.75690712792922,35.69608090680603],[139.75689909042578,35.69628226761069],[139.75698395102103,35.696284484750045],[139.75699187781345,35.69608312386947],[139.75690712792922,35.69608090680603]]]}},{"type":"Feature","properties":{"id":"building-1690951","sourceId":"1690951","floors":7,"areaSqm":234.1,"primaryUse":"retail","primaryUseBasis":"confirmed_ground_floor","placeCount":1,"placeIds":["osm-node-3244187061"],"placeNames":["セブン-イレブン"],"hasBookstore":false,"hasCafe":false,"hasRestaurant":false,"bookstoreEra":"unknown","oldestBookstoreYear":null,"mixedUse":false,"source":"東京都 令和3年度区部土地利用現況調査・建物現況","observedAt":"2021年度"},"geometry":{"type":"Polygon","coordinates":[[[139.75699519008978,35.69608592021499],[139.75699080131147,35.69628512005319],[139.75710781742043,35.69628681667224],[139.75711220590784,35.69608761682947],[139.75699519008978,35.69608592021499]]]}},{"type":"Feature","properties":{"id":"building-1690952","sourceId":"1690952","floors":9,"areaSqm":162.7,"primaryUse":"cafe","primaryUseBasis":"floor_unverified","placeCount":3,"placeIds":["osm-node-2505682007","osm-node-5254061967","osm-node-5254061968"],"placeNames":["ドトールコーヒーショップ","三田アート画廊","テング酒場"],"hasBookstore":false,"hasCafe":true,"hasRestaurant":true,"bookstoreEra":"unknown","oldestBookstoreYear":null,"mixedUse":true,"source":"東京都 令和3年度区部土地利用現況調査・建物現況","observedAt":"2021年度"},"geometry":{"type":"Polygon","coordinates":[[[139.75843273429606,35.69612377940523],[139.7584305160727,35.69625078096461],[139.75855802966322,35.69625230243153],[139.7585602476845,35.69612530086958],[139.75843273429606,35.69612377940523]]]}},{"type":"Feature","properties":{"id":"building-1690953","sourceId":"1690953","floors":7,"areaSqm":66.8,"primaryUse":"restaurant","primaryUseBasis":"floor_unverified","placeCount":1,"placeIds":["osm-node-13448043001"],"placeNames":["ルシ インドビリヤニ 神保町店"],"hasBookstore":false,"hasCafe":false,"hasRestaurant":true,"bookstoreEra":"unknown","oldestBookstoreYear":null,"mixedUse":false,"source":"東京都 令和3年度区部土地利用現況調査・建物現況","observedAt":"2021年度"},"geometry":{"type":"Polygon","coordinates":[[[139.75856610281855,35.69612665656042],[139.7585606738794,35.69626059667185],[139.75861028640566,35.696261889395736],[139.75861571517785,35.69612803941889],[139.75856610281855,35.69612665656042]]]}},{"type":"Feature","properties":{"id":"building-1690954","sourceId":"1690954","floors":5,"areaSqm":88.2,"primaryUse":"retail","primaryUseBasis":"floor_unverified","placeCount":2,"placeIds":["osm-node-5388406297","osm-way-231779049"],"placeNames":["K-Village","K-Village"],"hasBookstore":false,"hasCafe":false,"hasRestaurant":false,"bookstoreEra":"unknown","oldestBookstoreYear":null,"mixedUse":true,"source":"東京都 令和3年度区部土地利用現況調査・建物現況","observedAt":"2021年度"},"geometry":{"type":"Polygon","coordinates":[[[139.7586202474472,35.6961260592194],[139.7586140446907,35.69626044953768],[139.758679347294,35.69626247306657],[139.75868554994113,35.69612808274482],[139.7586202474472,35.6961260592194]]]}},{"type":"Feature","properties":{"id":"building-1690955","sourceId":"1690955","floors":10,"areaSqm":66.9,"primaryUse":"unclassified","primaryUseBasis":"no_place","placeCount":0,"placeIds":[],"placeNames":[],"hasBookstore":false,"hasCafe":false,"hasRestaurant":false,"bookstoreEra":"unknown","oldestBookstoreYear":null,"mixedUse":false,"source":"東京都 令和3年度区部土地利用現況調査・建物現況","observedAt":"2021年度"},"geometry":{"type":"Polygon","coordinates":[[[139.75869129819122,35.696125562475096],[139.75868586534548,35.696263919299575],[139.75873393090063,35.696265211013205],[139.75873947416147,35.69612685425495],[139.75869129819122,35.696125562475096]]]}},{"type":"Feature","properties":{"id":"building-1690956","sourceId":"1690956","floors":7,"areaSqm":292.6,"primaryUse":"restaurant","primaryUseBasis":"floor_unverified","placeCount":5,"placeIds":["osm-node-3335325793","osm-node-3343070436","osm-node-3343070907","osm-node-4018938382","osm-node-6299113386"],"placeNames":["共栄堂","キッチンジロー","富士そば","ランチョン","共栄堂"],"hasBookstore":false,"hasCafe":false,"hasRestaurant":true,"bookstoreEra":"unknown","oldestBookstoreYear":null,"mixedUse":true,"source":"東京都 令和3年度区部土地利用現況調査・建物現況","observedAt":"2021年度"},"geometry":{"type":"Polygon","coordinates":[[[139.75930001173774,35.69614775151846],[139.7592468878774,35.69623938809697],[139.75929859978456,35.69624077196616],[139.75929780821855,35.69626033119386],[139.75950697621275,35.69626604814683],[139.75956597404036,35.69615503561252],[139.75930001173774,35.69614775151846]]]}},{"type":"Feature","properties":{"id":"building-1691011","sourceId":"1691011","floors":8,"areaSqm":93.4,"primaryUse":"restaurant","primaryUseBasis":"floor_unverified","placeCount":1,"placeIds":["osm-node-14006214202"],"placeNames":["Kalm"],"hasBookstore":false,"hasCafe":false,"hasRestaurant":true,"bookstoreEra":"unknown","oldestBookstoreYear":null,"mixedUse":false,"source":"東京都 令和3年度区部土地利用現況調査・建物現況","observedAt":"2021年度"},"geometry":{"type":"Polygon","coordinates":[[[139.75303722720818,35.69600898220285],[139.75300558052723,35.696053128186016],[139.75300443884854,35.696089723018446],[139.75312697857652,35.69609232856221],[139.75312960143728,35.696011026796995],[139.75303722720818,35.69600898220285]]]}},{"type":"Feature","properties":{"id":"building-1691012","sourceId":"1691012","floors":9,"areaSqm":295.6,"primaryUse":"unclassified","primaryUseBasis":"no_place","placeCount":0,"placeIds":[],"placeNames":[],"hasBookstore":false,"hasCafe":false,"hasRestaurant":false,"bookstoreEra":"unknown","oldestBookstoreYear":null,"mixedUse":false,"source":"東京都 令和3年度区部土地利用現況調査・建物現況","observedAt":"2021年度"},"geometry":{"type":"Polygon","coordinates":[[[139.7543198015522,35.69598387145826],[139.75430070760757,35.69629735517198],[139.75439440649478,35.696301112267015],[139.7544135000737,35.69598762853816],[139.7543198015522,35.69598387145826]]]}},{"type":"Feature","properties":{"id":"building-1691013","sourceId":"1691013","floors":9,"areaSqm":139.2,"primaryUse":"unclassified","primaryUseBasis":"no_place","placeCount":0,"placeIds":[],"placeNames":[],"hasBookstore":false,"hasCafe":false,"hasRestaurant":false,"bookstoreEra":"unknown","oldestBookstoreYear":null,"mixedUse":false,"source":"東京都 令和3年度区部土地利用現況調査・建物現況","observedAt":"2021年度"},"geometry":{"type":"Polygon","coordinates":[[[139.75464331716057,35.6960065274701],[139.75463639465096,35.69607944372374],[139.7546779393193,35.6960820848476],[139.75467056988523,35.696160048478454],[139.75474183681152,35.69616451173779],[139.75475612858423,35.69601363184238],[139.75464331716057,35.6960065274701]]]}},{"type":"Feature","properties":{"id":"building-1691014","sourceId":"1691014","floors":9,"areaSqm":112.4,"primaryUse":"unclassified","primaryUseBasis":"no_place","placeCount":0,"placeIds":[],"placeNames":[],"hasBookstore":false,"hasCafe":false,"hasRestaurant":false,"bookstoreEra":"unknown","oldestBookstoreYear":null,"mixedUse":false,"source":"東京都 令和3年度区部土地利用現況調査・建物現況","observedAt":"2021年度"},"geometry":{"type":"Polygon","coordinates":[[[139.7547630911882,35.69601237447],[139.7547484623634,35.696168932772935],[139.75484182759635,35.69617476245132],[139.75484852778328,35.696103017822075],[139.75480742500193,35.69610046718229],[139.75481535350164,35.6960156534999],[139.7547630911882,35.69601237447]]]}},{"type":"Feature","properties":{"id":"building-1691015","sourceId":"1691015","floors":8,"areaSqm":1008.0,"primaryUse":"restaurant","primaryUseBasis":"floor_unverified","placeCount":1,"placeIds":["osm-node-7922136115"],"placeNames":["き介"],"hasBookstore":false,"hasCafe":false,"hasRestaurant":true,"bookstoreEra":"unknown","oldestBookstoreYear":null,"mixedUse":false,"source":"東京都 令和3年度区部土地利用現況調査・建物現況","observedAt":"2021年度"},"geometry":{"type":"Polygon","coordinates":[[[139.75552626078562,35.696053251518286],[139.75541581960437,35.69610843402288],[139.75532759916706,35.696266026380776],[139.7555628434128,35.69627284872502],[139.75555708223496,35.69640237177056],[139.75573906805843,35.69640771715723],[139.7557545431411,35.69605997885075],[139.75552626078562,35.696053251518286]]]}},{"type":"Feature","properties":{"id":"building-1691016","sourceId":"1691016","floors":10,"areaSqm":70.2,"primaryUse":"unclassified","primaryUseBasis":"no_place","placeCount":0,"placeIds":[],"placeNames":[],"hasBookstore":false,"hasCafe":false,"hasRestaurant":false,"bookstoreEra":"unknown","oldestBookstoreYear":null,"mixedUse":false,"source":"東京都 令和3年度区部土地利用現況調査・建物現況","observedAt":"2021年度"},"geometry":{"type":"Polygon","coordinates":[[[139.75600327355147,35.69606061301194],[139.75599929558322,35.6961442043498],[139.75608144553058,35.69614866839901],[139.75608581342908,35.69606282929352],[139.75600327355147,35.69606061301194]]]}},{"type":"Feature","properties":{"id":"building-1691052","sourceId":"1691052","floors":9,"areaSqm":207.6,"primaryUse":"retail","primaryUseBasis":"confirmed_ground_floor","placeCount":1,"placeIds":["osm-node-3396652567"],"placeNames":["セブン-イレブン"],"hasBookstore":false,"hasCafe":false,"hasRestaurant":false,"bookstoreEra":"unknown","oldestBookstoreYear":null,"mixedUse":false,"source":"東京都 令和3年度区部土地利用現況調査・建物現況","observedAt":"2021年度"},"geometry":{"type":"Polygon","coordinates":[[[139.75393009321022,35.69596594819066],[139.75392424125687,35.696072936870124],[139.75398225062952,35.69607504827259],[139.75398067410168,35.696104882557904],[139.75400144692208,35.696105707481955],[139.75400065790276,35.69612139078811],[139.75403555778811,35.69613908062186],[139.75406992143184,35.69614036517088],[139.75407925998866,35.6959713645707],[139.75393009321022,35.69596594819066]]]}},{"type":"Feature","properties":{"id":"building-1691081","sourceId":"1691081","floors":10,"areaSqm":224.7,"primaryUse":"antiquarian_bookstore","primaryUseBasis":"confirmed_ground_floor","placeCount":2,"placeIds":["osm-node-3881308296","osm-node-3881327215"],"placeNames":["澤口書店","秦川堂書店"],"hasBookstore":true,"hasCafe":false,"hasRestaurant":false,"bookstoreEra":"unknown","oldestBookstoreYear":null,"mixedUse":true,"source":"東京都 令和3年度区部土地利用現況調査・建物現況","observedAt":"2021年度"},"geometry":{"type":"Polygon","coordinates":[[[139.75916135111896,35.695665460581196],[139.75908399998687,35.695663824682725],[139.75908365158983,35.69567967775315],[139.759011829434,35.69567837151423],[139.75900771872995,35.695822678218185],[139.7591521488573,35.69582538127942],[139.75916135111896,35.695665460581196]]]}},{"type":"Feature","properties":{"id":"building-1691082","sourceId":"1691082","floors":8,"areaSqm":250.8,"primaryUse":"cafe","primaryUseBasis":"confirmed_ground_floor","placeCount":2,"placeIds":["osm-node-7215839946","osm-node-12051029379"],"placeNames":["古瀬戸","古瀬戸"],"hasBookstore":false,"hasCafe":true,"hasRestaurant":false,"bookstoreEra":"unknown","oldestBookstoreYear":null,"mixedUse":true,"source":"東京都 令和3年度区部土地利用現況調査・建物現況","observedAt":"2021年度"},"geometry":{"type":"Polygon","coordinates":[[[139.7593768893217,35.69572570281667],[139.7594961827326,35.695729024583265],[139.7594997202011,35.6956434309102],[139.7594951843976,35.69564330464048],[139.7594961996456,35.69562077102753],[139.7592964246724,35.695614879559734],[139.75929157441186,35.69572304090703],[139.75934796966035,35.69572476835311],[139.75934646886384,35.695831499483276],[139.759372579926,35.695832202372415],[139.7593768893217,35.69572570281667]]]}},{"type":"Feature","properties":{"id":"building-1691107","sourceId":"1691107","floors":6,"areaSqm":180.2,"primaryUse":"antiquarian_bookstore","primaryUseBasis":"floor_unverified","placeCount":1,"placeIds":["osm-node-3342922549"],"placeNames":["山本書店"],"hasBookstore":true,"hasCafe":false,"hasRestaurant":false,"bookstoreEra":"unknown","oldestBookstoreYear":null,"mixedUse":false,"source":"東京都 令和3年度区部土地利用現況調査・建物現況","observedAt":"2021年度"},"geometry":{"type":"Polygon","coordinates":[[[139.75593385875175,35.69565688291681],[139.7560293206851,35.69565816561381],[139.756031251747,35.695596784498775],[139.75585720028786,35.6955937900243],[139.75585384744883,35.69574837271798],[139.75593141676234,35.695749504262736],[139.75593385875175,35.69565688291681]]]}},{"type":"Feature","properties":{"id":"building-1691108","sourceId":"1691108","floors":9,"areaSqm":168.3,"primaryUse":"antiquarian_bookstore","primaryUseBasis":"floor_unverified","placeCount":1,"placeIds":["osm-node-3342922517"],"placeNames":["@ワンダー"],"hasBookstore":true,"hasCafe":false,"hasRestaurant":false,"bookstoreEra":"unknown","oldestBookstoreYear":null,"mixedUse":false,"source":"東京都 令和3年度区部土地利用現況調査・建物現況","observedAt":"2021年度"},"geometry":{"type":"Polygon","coordinates":[[[139.75625043331493,35.69551172400652],[139.7562133070412,35.69551088899483],[139.7562125120392,35.695533242447205],[139.75617870058554,35.695532499685406],[139.75617130241295,35.69575657537712],[139.7562423508465,35.69575815322616],[139.75625043331493,35.69551172400652]]]}},{"type":"Feature","properties":{"id":"building-1691109","sourceId":"1691109","floors":8,"areaSqm":443.5,"primaryUse":"bookstore","primaryUseBasis":"confirmed_ground_floor","placeCount":3,"placeIds":["osm-node-3342922544","kitazawa-bookstore","book-house-cafe"],"placeNames":["ブックハウス神保町","北沢書店","ブックハウスカフェ"],"hasBookstore":true,"hasCafe":false,"hasRestaurant":false,"bookstoreEra":"prewar","oldestBookstoreYear":1902,"mixedUse":true,"source":"東京都 令和3年度区部土地利用現況調査・建物現況","observedAt":"2021年度"},"geometry":{"type":"Polygon","coordinates":[[[139.75637935296874,35.69565863956753],[139.75646730724776,35.69566040836387],[139.75647164262952,35.69551817503861],[139.75625474071035,35.69551379991433],[139.7562472117835,35.695759147845386],[139.75637604947684,35.69576175411445],[139.75637935296874,35.69565863956753]]]}},{"type":"Feature","properties":{"id":"building-1691110","sourceId":"1691110","floors":8,"areaSqm":111.4,"primaryUse":"antiquarian_bookstore","primaryUseBasis":"floor_unverified","placeCount":1,"placeIds":["osm-node-3342922520"],"placeNames":["Vintage"],"hasBookstore":true,"hasCafe":false,"hasRestaurant":false,"bookstoreEra":"unknown","oldestBookstoreYear":null,"mixedUse":false,"source":"東京都 令和3年度区部土地利用現況調査・建物現況","observedAt":"2021年度"},"geometry":{"type":"Polygon","coordinates":[[[139.75657042057492,35.69575568130425],[139.75659495042083,35.695756327902636],[139.75660027826166,35.695614816303056],[139.75652637718682,35.69561294480154],[139.7565196409718,35.69576535305502],[139.75656985703068,35.69576721847306],[139.75657042057492,35.69575568130425]]]}},{"type":"Feature","properties":{"id":"building-1691111","sourceId":"1691111","floors":8,"areaSqm":273.1,"primaryUse":"bookstore","primaryUseBasis":"floor_unverified","placeCount":2,"placeIds":["osm-node-3343046276","osm-node-4030794381"],"placeNames":["神保町ブックセンター","秦川堂書店"],"hasBookstore":true,"hasCafe":false,"hasRestaurant":false,"bookstoreEra":"unknown","oldestBookstoreYear":null,"mixedUse":true,"source":"東京都 令和3年度区部土地利用現況調査・建物現況","observedAt":"2021年度"},"geometry":{"type":"Polygon","coordinates":[[[139.75759558910843,35.69555169728228],[139.7574916131635,35.69554955866948],[139.757491042414,35.695568847615604],[139.757468501398,35.69556838272715],[139.75746679229022,35.6956229144999],[139.75748480301579,35.69562328639735],[139.75747956069338,35.69579165889858],[139.75758817785055,35.69579380044236],[139.75759558910843,35.69555169728228]]]}},{"type":"Feature","properties":{"id":"building-1691112","sourceId":"1691112","floors":9,"areaSqm":217.4,"primaryUse":"bookstore","primaryUseBasis":"confirmed_ground_floor","placeCount":4,"placeIds":["osm-node-5177482048","osm-node-5456398076","osm-node-6299113585","osm-node-10049569324"],"placeNames":["はなまるうどん","廣文館書店","ガヴィアル","恵比寿堂ギャラリー"],"hasBookstore":true,"hasCafe":false,"hasRestaurant":true,"bookstoreEra":"unknown","oldestBookstoreYear":null,"mixedUse":true,"source":"東京都 令和3年度区部土地利用現況調査・建物現況","observedAt":"2021年度"},"geometry":{"type":"Polygon","coordinates":[[[139.75847935428735,35.69566881787178],[139.75843769667046,35.695667710317494],[139.75843710233997,35.695675826779286],[139.75831012195832,35.69567345552563],[139.75829855495238,35.69573139465135],[139.75836279235148,35.69579671004445],[139.7583738717394,35.69579693597687],[139.75837303781145,35.695806030274774],[139.75837977226092,35.69581234405397],[139.75845314108068,35.69581527409705],[139.7584768979829,35.695815379009524],[139.75848140673864,35.6957191155612],[139.75847654493384,35.69571902240104],[139.75847935428735,35.69566881787178]]]}},{"type":"Feature","properties":{"id":"building-1691113","sourceId":"1691113","floors":6,"areaSqm":62.2,"primaryUse":"antiquarian_bookstore","primaryUseBasis":"floor_unverified","placeCount":1,"placeIds":["osm-node-810027463"],"placeNames":["明倫館書店"],"hasBookstore":true,"hasCafe":false,"hasRestaurant":false,"bookstoreEra":"unknown","oldestBookstoreYear":null,"mixedUse":false,"source":"東京都 令和3年度区部土地利用現況調査・建物現況","observedAt":"2021年度"},"geometry":{"type":"Polygon","coordinates":[[[139.75871236628186,35.695726459091254],[139.75870775243672,35.695821959023235],[139.758770893104,35.695823059962585],[139.75877193235507,35.69578564476265],[139.75877622089084,35.695785513114835],[139.75877806923356,35.695727644541115],[139.75871236628186,35.695726459091254]]]}},{"type":"Feature","properties":{"id":"building-1691114","sourceId":"1691114","floors":10,"areaSqm":74.3,"primaryUse":"unclassified","primaryUseBasis":"no_place","placeCount":0,"placeIds":[],"placeNames":[],"hasBookstore":false,"hasCafe":false,"hasRestaurant":false,"bookstoreEra":"unknown","oldestBookstoreYear":null,"mixedUse":false,"source":"東京都 令和3年度区部土地利用現況調査・建物現況","observedAt":"2021年度"},"geometry":{"type":"Polygon","coordinates":[[[139.75916658890787,35.695726098929],[139.75916207519617,35.695827410068915],[139.75923500171413,35.695829528130524],[139.75923951533375,35.695728216987796],[139.75916658890787,35.695726098929]]]}},{"type":"Feature","properties":{"id":"building-1691115","sourceId":"1691115","floors":10,"areaSqm":85.8,"primaryUse":"antiquarian_bookstore","primaryUseBasis":"confirmed_ground_floor","placeCount":1,"placeIds":["osm-node-3881308297"],"placeNames":["澤口書店"],"hasBookstore":true,"hasCafe":false,"hasRestaurant":false,"bookstoreEra":"unknown","oldestBookstoreYear":null,"mixedUse":false,"source":"東京都 令和3年度区部土地利用現況調査・建物現況","observedAt":"2021年度"},"geometry":{"type":"Polygon","coordinates":[[[139.75924371407174,35.69572839984597],[139.7592392005408,35.69582962085196],[139.7593328999523,35.69583247273402],[139.75933538310932,35.69577595839904],[139.75931405766343,35.69577531432949],[139.75931608801432,35.695730517518335],[139.75924371407174,35.69572839984597]]]}},{"type":"Feature","properties":{"id":"building-1691136","sourceId":"1691136","floors":9,"areaSqm":628.1,"primaryUse":"retail","primaryUseBasis":"floor_unverified","placeCount":1,"placeIds":["osm-way-231778775"],"placeNames":["成城石井"],"hasBookstore":false,"hasCafe":false,"hasRestaurant":false,"bookstoreEra":"unknown","oldestBookstoreYear":null,"mixedUse":false,"source":"東京都 令和3年度区部土地利用現況調査・建物現況","observedAt":"2021年度"},"geometry":{"type":"Polygon","coordinates":[[[139.75466730820145,35.69548248248724],[139.754655403018,35.695470325148335],[139.7542383695365,35.69545850982135],[139.75420927196484,35.695512558442054],[139.75430831624627,35.6955180903083],[139.75429773679065,35.69567420955609],[139.75437890790712,35.6956779079605],[139.7543894500855,35.69555945330316],[139.7545555145758,35.695569281560125],[139.75454720809373,35.69568652355068],[139.75465369793014,35.695692060906914],[139.75466730820145,35.69548248248724]]]}},{"type":"Feature","properties":{"id":"building-1691137","sourceId":"1691137","floors":5,"areaSqm":436.8,"primaryUse":"unclassified","primaryUseBasis":"no_place","placeCount":0,"placeIds":[],"placeNames":[],"hasBookstore":false,"hasCafe":false,"hasRestaurant":false,"bookstoreEra":"unknown","oldestBookstoreYear":null,"mixedUse":false,"source":"東京都 令和3年度区部土地利用現況調査・建物現況","observedAt":"2021年度"},"geometry":{"type":"Polygon","coordinates":[[[139.7553956282292,35.69551000182471],[139.7551721036002,35.69549840950636],[139.75516460643652,35.69559458075442],[139.75511366973456,35.69559193369603],[139.7551038229962,35.6957178486018],[139.75521453600942,35.69572350898985],[139.75530541024108,35.6956770572677],[139.7553956282292,35.69551000182471]]]}},{"type":"Feature","properties":{"id":"building-1691138","sourceId":"1691138","floors":9,"areaSqm":79.3,"primaryUse":"retail","primaryUseBasis":"floor_unverified","placeCount":1,"placeIds":["osm-node-3342922551"],"placeNames":["武蔵屋商店"],"hasBookstore":false,"hasCafe":false,"hasRestaurant":false,"bookstoreEra":"unknown","oldestBookstoreYear":null,"mixedUse":false,"source":"東京都 令和3年度区部土地利用現況調査・建物現況","observedAt":"2021年度"},"geometry":{"type":"Polygon","coordinates":[[[139.75567215311858,35.69564791609629],[139.7556718353977,35.69565650594169],[139.75569642421476,35.69574447832923],[139.75576332124504,35.6957460447698],[139.7557674438111,35.69565029315295],[139.75567215311858,35.69564791609629]]]}},{"type":"Feature","properties":{"id":"building-1691139","sourceId":"1691139","floors":5,"areaSqm":80.0,"primaryUse":"antiquarian_bookstore","primaryUseBasis":"floor_unverified","placeCount":2,"placeIds":["osm-node-3163981462","osm-node-3163982261"],"placeNames":["長島書店","澤口書店"],"hasBookstore":true,"hasCafe":false,"hasRestaurant":false,"bookstoreEra":"unknown","oldestBookstoreYear":null,"mixedUse":true,"source":"東京都 令和3年度区部土地利用現況調査・建物現況","observedAt":"2021年度"},"geometry":{"type":"Polygon","coordinates":[[[139.75684981918647,35.695692109797605],[139.75684642637154,35.69577368157211],[139.7569439933872,35.69577617722322],[139.75694738610292,35.69569460544586],[139.75684981918647,35.695692109797605]]]}},{"type":"Feature","properties":{"id":"building-1691140","sourceId":"1691140","floors":3,"areaSqm":124.6,"primaryUse":"unclassified","primaryUseBasis":"no_place","placeCount":0,"placeIds":[],"placeNames":[],"hasBookstore":false,"hasCafe":false,"hasRestaurant":false,"bookstoreEra":"unknown","oldestBookstoreYear":null,"mixedUse":false,"source":"東京都 令和3年度区部土地利用現況調査・建物現況","observedAt":"2021年度"},"geometry":{"type":"Polygon","coordinates":[[[139.75706053665198,35.695694609589935],[139.75706337651206,35.695612136088414],[139.75698083689872,35.69561010075128],[139.75696890619525,35.69560693839042],[139.75689288627555,35.695604546580924],[139.75688972783618,35.695672147280966],[139.75696574901082,35.69567444895628],[139.75697985416895,35.695675445804646],[139.7569797782301,35.695678604154864],[139.75700497121215,35.69567907081643],[139.75700462589157,35.69569358264486],[139.75706053665198,35.695694609589935]]]}},{"type":"Feature","properties":{"id":"building-1691141","sourceId":"1691141","floors":7,"areaSqm":477.5,"primaryUse":"retail","primaryUseBasis":"floor_unverified","placeCount":1,"placeIds":["osm-node-5445799073"],"placeNames":["ツルハドラッグ"],"hasBookstore":false,"hasCafe":false,"hasRestaurant":false,"bookstoreEra":"unknown","oldestBookstoreYear":null,"mixedUse":false,"source":"東京都 令和3年度区部土地利用現況調査・建物現況","observedAt":"2021年度"},"geometry":{"type":"Polygon","coordinates":[[[139.76016200094816,35.69542934632579],[139.75998432535312,35.695425182032665],[139.7599789909251,35.695579222821195],[139.75991578779744,35.695577742099566],[139.75991283811635,35.69566147752078],[139.76015371751438,35.69566703241295],[139.76016200094816,35.69542934632579]]]}},{"type":"Feature","properties":{"id":"building-1691162","sourceId":"1691162","floors":10,"areaSqm":544.7,"primaryUse":"cafe","primaryUseBasis":"confirmed_ground_floor","placeCount":1,"placeIds":["osm-node-2317100893"],"placeNames":["PRONTO"],"hasBookstore":false,"hasCafe":true,"hasRestaurant":false,"bookstoreEra":"unknown","oldestBookstoreYear":null,"mixedUse":false,"source":"東京都 令和3年度区部土地利用現況調査・建物現況","observedAt":"2021年度"},"geometry":{"type":"Polygon","coordinates":[[[139.75331615389587,35.695425981950095],[139.7533909510507,35.69543540588763],[139.75339861591496,35.6953947592168],[139.75341231583647,35.695396480915086],[139.75342286817417,35.6953412339747],[139.75340872627407,35.69533951198414],[139.75342072306893,35.69527624381443],[139.7532053918396,35.695248969454944],[139.75314313372655,35.69540765915429],[139.75317130487792,35.6954132664077],[139.75316431541847,35.69544138447881],[139.75318670953033,35.69547817526265],[139.75318326572054,35.695496560905646],[139.75321438021064,35.695542281046926],[139.753292160527,35.69555206757893],[139.75331615389587,35.695425981950095]]]}},{"type":"Feature","properties":{"id":"building-1691163","sourceId":"1691163","floors":9,"areaSqm":145.9,"primaryUse":"unclassified","primaryUseBasis":"no_place","placeCount":0,"placeIds":[],"placeNames":[],"hasBookstore":false,"hasCafe":false,"hasRestaurant":false,"bookstoreEra":"unknown","oldestBookstoreYear":null,"mixedUse":false,"source":"東京都 令和3年度区部土地利用現況調査・建物現況","observedAt":"2021年度"},"geometry":{"type":"Polygon","coordinates":[[[139.75342581174843,35.69549194489548],[139.75347994789496,35.69549946218524],[139.7535123674656,35.69534453828356],[139.75344585756142,35.69533521005834],[139.75342032169095,35.69545705825486],[139.753386403848,35.69545225847581],[139.75337763274086,35.69549416632787],[139.75339751953032,35.69549688364337],[139.75337942275297,35.695582772128816],[139.7534060489093,35.695586485425245],[139.75342581174843,35.69549194489548]]]}},{"type":"Feature","properties":{"id":"building-1691164","sourceId":"1691164","floors":9,"areaSqm":140.4,"primaryUse":"unclassified","primaryUseBasis":"no_place","placeCount":0,"placeIds":[],"placeNames":[],"hasBookstore":false,"hasCafe":false,"hasRestaurant":false,"bookstoreEra":"unknown","oldestBookstoreYear":null,"mixedUse":false,"source":"東京都 令和3年度区部土地利用現況調査・建物現況","observedAt":"2021年度"},"geometry":{"type":"Polygon","coordinates":[[[139.7539029925533,35.6955491371144],[139.75388855031713,35.69562736644754],[139.75392832453463,35.695632260085155],[139.75392388105055,35.69565605330584],[139.75400851168928,35.69566656498918],[139.75406518277802,35.69556916428879],[139.7539029925533,35.6955491371144]]]}},{"type":"Feature","properties":{"id":"building-1691165","sourceId":"1691165","floors":9,"areaSqm":154.8,"primaryUse":"unclassified","primaryUseBasis":"no_place","placeCount":0,"placeIds":[],"placeNames":[],"hasBookstore":false,"hasCafe":false,"hasRestaurant":false,"bookstoreEra":"unknown","oldestBookstoreYear":null,"mixedUse":false,"source":"東京都 令和3年度区部土地利用現況調査・建物現況","observedAt":"2021年度"},"geometry":{"type":"Polygon","coordinates":[[[139.7541118915151,35.69548942384469],[139.75392464289786,35.6954448629575],[139.75390608701204,35.695548598334575],[139.7539349245559,35.695550870782085],[139.75393582014837,35.69553915357058],[139.7540722638784,35.69555979470967],[139.7541118915151,35.69548942384469]]]}},{"type":"Feature","properties":{"id":"building-1691166","sourceId":"1691166","floors":10,"areaSqm":109.2,"primaryUse":"unclassified","primaryUseBasis":"no_place","placeCount":0,"placeIds":[],"placeNames":[],"hasBookstore":false,"hasCafe":false,"hasRestaurant":false,"bookstoreEra":"unknown","oldestBookstoreYear":null,"mixedUse":false,"source":"東京都 令和3年度区部土地利用現況調査・建物現況","observedAt":"2021年度"},"geometry":{"type":"Polygon","coordinates":[[[139.75444988776246,35.69557173171684],[139.75444071716723,35.69568098609952],[139.75453976056738,35.69568651867609],[139.75454893102818,35.69557726428582],[139.75444988776246,35.69557173171684]]]}},{"type":"Feature","properties":{"id":"building-1691167","sourceId":"1691167","floors":8,"areaSqm":62.0,"primaryUse":"unclassified","primaryUseBasis":"no_place","placeCount":0,"placeIds":[],"placeNames":[],"hasBookstore":false,"hasCafe":false,"hasRestaurant":false,"bookstoreEra":"unknown","oldestBookstoreYear":null,"mixedUse":false,"source":"東京都 令和3年度区部土地利用現況調査・建物現況","observedAt":"2021年度"},"geometry":{"type":"Polygon","coordinates":[[[139.75480321060147,35.695552702268856],[139.75479389430294,35.69570061090887],[139.75480538559523,35.69570106909041],[139.75480504986135,35.69570539544445],[139.7548344410348,35.69570658639439],[139.7548439824048,35.69555444146186],[139.75480321060147,35.695552702268856]]]}},{"type":"Feature","properties":{"id":"building-1691168","sourceId":"1691168","floors":9,"areaSqm":43.7,"primaryUse":"unclassified","primaryUseBasis":"no_place","placeCount":0,"placeIds":[],"placeNames":[],"hasBookstore":false,"hasCafe":false,"hasRestaurant":false,"bookstoreEra":"unknown","oldestBookstoreYear":null,"mixedUse":false,"source":"東京都 令和3年度区部土地利用現況調査・建物現況","observedAt":"2021年度"},"geometry":{"type":"Polygon","coordinates":[[[139.7556887652294,35.6955864353916],[139.7556622490533,35.69562872856547],[139.75566449142667,35.69564087145812],[139.75575017877102,35.69564439698609],[139.7557526964376,35.6955890815683],[139.7556887652294,35.6955864353916]]]}},{"type":"Feature","properties":{"id":"building-1691169","sourceId":"1691169","floors":8,"areaSqm":130.5,"primaryUse":"bookstore","primaryUseBasis":"floor_unverified","placeCount":1,"placeIds":["osm-node-3342922554"],"placeNames":["芳賀書店"],"hasBookstore":true,"hasCafe":false,"hasRestaurant":false,"bookstoreEra":"unknown","oldestBookstoreYear":null,"mixedUse":false,"source":"東京都 令和3年度区部土地利用現況調査・建物現況","observedAt":"2021年度"},"geometry":{"type":"Polygon","coordinates":[[[139.75577002410722,35.695591907711005],[139.7557656749938,35.69574703058188],[139.75584932012686,35.695748616779156],[139.7558537796629,35.69559340383933],[139.75577002410722,35.695591907711005]]]}},{"type":"Feature","properties":{"id":"building-1691170","sourceId":"1691170","floors":10,"areaSqm":238.3,"primaryUse":"cafe","primaryUseBasis":"floor_unverified","placeCount":1,"placeIds":["osm-node-3626212560"],"placeNames":["タリーズコーヒー"],"hasBookstore":false,"hasCafe":true,"hasRestaurant":false,"bookstoreEra":"unknown","oldestBookstoreYear":null,"mixedUse":false,"source":"東京都 令和3年度区部土地利用現況調査・建物現況","observedAt":"2021年度"},"geometry":{"type":"Polygon","coordinates":[[[139.75606597012458,35.69555658407992],[139.75608696416717,35.69555704823831],[139.75608799619238,35.69551810974164],[139.75575396875996,35.69551212617177],[139.7557520194208,35.69558531611198],[139.75606505301977,35.6955909256659],[139.75606597012458,35.69555658407992]]]}},{"type":"Feature","properties":{"id":"building-1691171","sourceId":"1691171","floors":5,"areaSqm":297.0,"primaryUse":"antiquarian_bookstore","primaryUseBasis":"floor_unverified","placeCount":7,"placeIds":["osm-node-3163980561","osm-node-3343046271","osm-node-3343046272","osm-node-3343046274","osm-node-3343046275","osm-node-3343046278","osm-node-7124730785"],"placeNames":["文華堂書店","ブンケン・ロック・サイド","中川書店","南海堂書店","原書房","飯島書店","原書房"],"hasBookstore":true,"hasCafe":false,"hasRestaurant":false,"bookstoreEra":"unknown","oldestBookstoreYear":null,"mixedUse":true,"source":"東京都 令和3年度区部土地利用現況調査・建物現況","observedAt":"2021年度"},"geometry":{"type":"Polygon","coordinates":[[[139.75716393104227,35.69561129838717],[139.75715894920134,35.69578275642661],[139.75733415336833,35.69578717210776],[139.757339944306,35.695620873108915],[139.75723183051892,35.69561834677472],[139.757231996111,35.69561269349043],[139.75716393104227,35.69561129838717]]]}},{"type":"Feature","properties":{"id":"building-1691172","sourceId":"1691172","floors":5,"areaSqm":97.2,"primaryUse":"unclassified","primaryUseBasis":"no_place","placeCount":0,"placeIds":[],"placeNames":[],"hasBookstore":false,"hasCafe":false,"hasRestaurant":false,"bookstoreEra":"unknown","oldestBookstoreYear":null,"mixedUse":false,"source":"東京都 令和3年度区部土地利用現況調査・建物現況","observedAt":"2021年度"},"geometry":{"type":"Polygon","coordinates":[[[139.7571678707297,35.69553412112328],[139.75716525926933,35.695607761352655],[139.75729663776156,35.695610818928714],[139.75729924910124,35.695537178696384],[139.7571678707297,35.69553412112328]]]}},{"type":"Feature","properties":{"id":"building-1691173","sourceId":"1691173","floors":11,"areaSqm":370.7,"primaryUse":"cafe","primaryUseBasis":"floor_unverified","placeCount":2,"placeIds":["osm-node-1634099758","osm-node-13739213761"],"placeNames":["ココカラファイン","Jazz Big Boy"],"hasBookstore":false,"hasCafe":true,"hasRestaurant":false,"bookstoreEra":"unknown","oldestBookstoreYear":null,"mixedUse":true,"source":"東京都 令和3年度区部土地利用現況調査・建物現況","observedAt":"2021年度"},"geometry":{"type":"Polygon","coordinates":[[[139.75846958762432,35.69558938042073],[139.758484835999,35.69558966031364],[139.7584868670614,35.69554459310497],[139.75852509868486,35.695545067554605],[139.75853774310198,35.695375617955705],[139.7584040454361,35.6953715687843],[139.758370876345,35.6953929105898],[139.7583296959333,35.69559154676345],[139.75846936098554,35.69559541945493],[139.75846958762432,35.69558938042073]]]}},{"type":"Feature","properties":{"id":"building-1691174","sourceId":"1691174","floors":7,"areaSqm":162.5,"primaryUse":"restaurant","primaryUseBasis":"floor_unverified","placeCount":2,"placeIds":["osm-node-4018935294","osm-node-5463561338"],"placeNames":["音福","Bistro Liberté"],"hasBookstore":false,"hasCafe":false,"hasRestaurant":true,"bookstoreEra":"unknown","oldestBookstoreYear":null,"mixedUse":true,"source":"東京都 令和3年度区部土地利用現況調査・建物現況","observedAt":"2021年度"},"geometry":{"type":"Polygon","coordinates":[[[139.75922577243497,35.69541444182781],[139.75912533052386,35.695414470088444],[139.75912540213093,35.695575725126425],[139.75922573374694,35.695575696797945],[139.75922577243497,35.69541444182781]]]}},{"type":"Feature","properties":{"id":"building-1691175","sourceId":"1691175","floors":2,"areaSqm":287.3,"primaryUse":"unclassified","primaryUseBasis":"no_place","placeCount":0,"placeIds":[],"placeNames":[],"hasBookstore":false,"hasCafe":false,"hasRestaurant":false,"bookstoreEra":"unknown","oldestBookstoreYear":null,"mixedUse":false,"source":"東京都 令和3年度区部土地利用現況調査・建物現況","observedAt":"2021年度"},"geometry":{"type":"Polygon","coordinates":[[[139.7588602305192,35.69560671449732],[139.7588584168289,35.69565709091232],[139.7591689531185,35.69566451161616],[139.75916690042067,35.695721422816426],[139.7592877168581,35.69572432749252],[139.75929159388085,35.695617102971006],[139.7588602305192,35.69560671449732]]]}},{"type":"Feature","properties":{"id":"building-1691176","sourceId":"1691176","floors":2,"areaSqm":22.0,"primaryUse":"unclassified","primaryUseBasis":"no_place","placeCount":0,"placeIds":[],"placeNames":[],"hasBookstore":false,"hasCafe":false,"hasRestaurant":false,"bookstoreEra":"unknown","oldestBookstoreYear":null,"mixedUse":false,"source":"東京都 令和3年度区部土地利用現況調査・建物現況","observedAt":"2021年度"},"geometry":{"type":"Polygon","coordinates":[[[139.75937627057633,35.695532974329716],[139.7593731294657,35.69558408004697],[139.75941600091886,35.69558572884456],[139.75941903150496,35.69553462305832],[139.75937627057633,35.695532974329716]]]}},{"type":"Feature","properties":{"id":"building-1691200","sourceId":"1691200","floors":8,"areaSqm":102.3,"primaryUse":"unclassified","primaryUseBasis":"no_place","placeCount":0,"placeIds":[],"placeNames":[],"hasBookstore":false,"hasCafe":false,"hasRestaurant":false,"bookstoreEra":"unknown","oldestBookstoreYear":null,"mixedUse":false,"source":"東京都 令和3年度区部土地利用現況調査・建物現況","observedAt":"2021年度"},"geometry":{"type":"Polygon","coordinates":[[[139.7533215540265,35.69544022717627],[139.75329357438454,35.69557469289087],[139.75337378442265,35.69558574290274],[139.75339110547768,35.69550210732656],[139.75337398075632,35.69549975239248],[139.75338452872597,35.69544892216364],[139.7533215540265,35.69544022717627]]]}},{"type":"Feature","properties":{"id":"building-1691201","sourceId":"1691201","floors":10,"areaSqm":537.0,"primaryUse":"unclassified","primaryUseBasis":"no_place","placeCount":0,"placeIds":[],"placeNames":[],"hasBookstore":false,"hasCafe":false,"hasRestaurant":false,"bookstoreEra":"unknown","oldestBookstoreYear":null,"mixedUse":false,"source":"東京都 令和3年度区部土地利用現況調査・建物現況","observedAt":"2021年度"},"geometry":{"type":"Polygon","coordinates":[[[139.7538728320131,35.6954324800077],[139.75355489451738,35.695358898249026],[139.75353423845849,35.695462902588915],[139.75358583387973,35.69546969705128],[139.75359183069406,35.69543959528544],[139.753701539958,35.69545408982037],[139.75366800201962,35.69562280398192],[139.75385538108193,35.69564753522682],[139.75388891801046,35.69547945197142],[139.75386416996065,35.69547610056938],[139.7538728320131,35.6954324800077]]]}},{"type":"Feature","properties":{"id":"building-1691202","sourceId":"1691202","floors":2,"areaSqm":52.9,"primaryUse":"restaurant","primaryUseBasis":"floor_unverified","placeCount":1,"placeIds":["osm-node-6299113288"],"placeNames":["神田天丼家"],"hasBookstore":false,"hasCafe":false,"hasRestaurant":true,"bookstoreEra":"unknown","oldestBookstoreYear":null,"mixedUse":false,"source":"東京都 令和3年度区部土地利用現況調査・建物現況","observedAt":"2021年度"},"geometry":{"type":"Polygon","coordinates":[[[139.75470698810366,35.69552264909536],[139.75470217593795,35.695584570030405],[139.75479068103627,35.695589044519735],[139.75479347908484,35.6955527211583],[139.7547841966537,35.69555226441698],[139.75478619094517,35.69552653522711],[139.75470698810366,35.69552264909536]]]}},{"type":"Feature","properties":{"id":"building-1691203","sourceId":"1691203","floors":8,"areaSqm":1191.1,"primaryUse":"unclassified","primaryUseBasis":"no_place","placeCount":0,"placeIds":[],"placeNames":[],"hasBookstore":false,"hasCafe":false,"hasRestaurant":false,"bookstoreEra":"unknown","oldestBookstoreYear":null,"mixedUse":false,"source":"東京都 令和3年度区部土地利用現況調査・建物現況","observedAt":"2021年度"},"geometry":{"type":"Polygon","coordinates":[[[139.75540919569343,35.69542077503498],[139.75543306226928,35.695421601714614],[139.7554406094046,35.69527369187276],[139.7547712412911,35.695250993060675],[139.7547636913307,35.6954005253235],[139.754787336988,35.69540126185001],[139.75478587144758,35.69543091594795],[139.75540761839505,35.69545196139619],[139.75540919569343,35.69542077503498]]]}},{"type":"Feature","properties":{"id":"building-1691204","sourceId":"1691204","floors":8,"areaSqm":901.8,"primaryUse":"unclassified","primaryUseBasis":"no_place","placeCount":0,"placeIds":[],"placeNames":[],"hasBookstore":false,"hasCafe":false,"hasRestaurant":false,"bookstoreEra":"unknown","oldestBookstoreYear":null,"mixedUse":false,"source":"東京都 令和3年度区部土地利用現況調査・建物現況","observedAt":"2021年度"},"geometry":{"type":"Polygon","coordinates":[[[139.75706266098678,35.69531916803401],[139.75654112804247,35.695305766608],[139.7565379553194,35.69538796947789],[139.75647397910345,35.69538630618217],[139.756470918881,35.69546634583436],[139.75705642916034,35.69548141058572],[139.75706266098678,35.69531916803401]]]}},{"type":"Feature","properties":{"id":"building-1691205","sourceId":"1691205","floors":8,"areaSqm":222.4,"primaryUse":"unclassified","primaryUseBasis":"no_place","placeCount":0,"placeIds":[],"placeNames":[],"hasBookstore":false,"hasCafe":false,"hasRestaurant":false,"bookstoreEra":"unknown","oldestBookstoreYear":null,"mixedUse":false,"source":"東京都 令和3年度区部土地利用現況調査・建物現況","observedAt":"2021年度"},"geometry":{"type":"Polygon","coordinates":[[[139.75728892405795,35.69547218343831],[139.75730848170863,35.695472556339325],[139.75731237000548,35.6953341084478],[139.75717215178273,35.69533149598133],[139.75716803179333,35.69548094042877],[139.75717807529355,35.69549329554431],[139.7572883495807,35.69549534826988],[139.75728892405795,35.69547218343831]]]}},{"type":"Feature","properties":{"id":"building-1691206","sourceId":"1691206","floors":10,"areaSqm":869.1,"primaryUse":"retail","primaryUseBasis":"confirmed_ground_floor","placeCount":2,"placeIds":["osm-node-1634099722","osm-node-6817614546"],"placeNames":["Suit Select","虎連坊"],"hasBookstore":false,"hasCafe":false,"hasRestaurant":true,"bookstoreEra":"unknown","oldestBookstoreYear":null,"mixedUse":true,"source":"東京都 令和3年度区部土地利用現況調査・建物現況","observedAt":"2021年度"},"geometry":{"type":"Polygon","coordinates":[[[139.75779539848088,35.69542823967173],[139.757739676831,35.69542488765361],[139.75773487645702,35.69547797529921],[139.75767282392573,35.69547511502733],[139.75764455868574,35.695793253621034],[139.75780550165737,35.69580162927922],[139.75794546256856,35.695702836789685],[139.75796494694808,35.69559207068931],[139.75795864893266,35.69559171521188],[139.75796227948047,35.69556160273258],[139.7579112213785,35.69555872242584],[139.75791676796248,35.695487535743034],[139.7577903986368,35.695480804400106],[139.75779539848088,35.69542823967173]]]}},{"type":"Feature","properties":{"id":"building-1691207","sourceId":"1691207","floors":7,"areaSqm":272.6,"primaryUse":"cafe","primaryUseBasis":"floor_unverified","placeCount":3,"placeIds":["osm-node-2511109592","osm-node-5455368497","osm-node-5455368499"],"placeNames":["サンマルクカフェ","川府","源"],"hasBookstore":false,"hasCafe":true,"hasRestaurant":true,"bookstoreEra":"unknown","oldestBookstoreYear":null,"mixedUse":true,"source":"東京都 令和3年度区部土地利用現況調査・建物現況","observedAt":"2021年度"},"geometry":{"type":"Polygon","coordinates":[[[139.75953052656737,35.695411113714925],[139.75941030834886,35.69540824570478],[139.7594099673749,35.695418521107214],[139.75938024432978,35.69541778175525],[139.7593765032217,35.695520355300445],[139.75944324212114,35.69552192861251],[139.75944120028927,35.695579254455524],[139.75956141876557,35.69558212243506],[139.75956641055248,35.695441061175785],[139.75953052656737,35.695411113714925]]]}},{"type":"Feature","properties":{"id":"building-1691208","sourceId":"1691208","floors":5,"areaSqm":96.7,"primaryUse":"antiquarian_bookstore","primaryUseBasis":"floor_unverified","placeCount":1,"placeIds":["osm-node-4018914745"],"placeNames":["ボヘミアンズ・ギルド"],"hasBookstore":true,"hasCafe":false,"hasRestaurant":false,"bookstoreEra":"unknown","oldestBookstoreYear":null,"mixedUse":false,"source":"東京都 令和3年度区部土地利用現況調査・建物現況","observedAt":"2021年度"},"geometry":{"type":"Polygon","coordinates":[[[139.7604125980768,35.695440765507726],[139.76040705570378,35.69558137578468],[139.76047545188882,35.69558321993934],[139.7604809942239,35.695442519522224],[139.7604125980768,35.695440765507726]]]}},{"type":"Feature","properties":{"id":"building-1691209","sourceId":"1691209","floors":7,"areaSqm":188.8,"primaryUse":"unclassified","primaryUseBasis":"no_place","placeCount":0,"placeIds":[],"placeNames":[],"hasBookstore":false,"hasCafe":false,"hasRestaurant":false,"bookstoreEra":"unknown","oldestBookstoreYear":null,"mixedUse":false,"source":"東京都 令和3年度区部土地利用現況調査・建物現況","observedAt":"2021年度"},"geometry":{"type":"Polygon","coordinates":[[[139.76056993440213,35.695453570023076],[139.76056494610106,35.69559273845097],[139.76069997103468,35.69559588465391],[139.76070495901965,35.69545680635712],[139.76056993440213,35.695453570023076]]]}},{"type":"Feature","properties":{"id":"building-1691232","sourceId":"1691232","floors":5,"areaSqm":106.7,"primaryUse":"unclassified","primaryUseBasis":"no_place","placeCount":0,"placeIds":[],"placeNames":[],"hasBookstore":false,"hasCafe":false,"hasRestaurant":false,"bookstoreEra":"unknown","oldestBookstoreYear":null,"mixedUse":false,"source":"東京都 令和3年度区部土地利用現況調査・建物現況","observedAt":"2021年度"},"geometry":{"type":"Polygon","coordinates":[[[139.75391445120945,35.695359586686486],[139.75389993400697,35.695402031607976],[139.7541321466273,35.6954549147244],[139.7541467742135,35.69541246984782],[139.75391445120945,35.695359586686486]]]}},{"type":"Feature","properties":{"id":"building-1691233","sourceId":"1691233","floors":7,"areaSqm":355.3,"primaryUse":"unclassified","primaryUseBasis":"no_place","placeCount":0,"placeIds":[],"placeNames":[],"hasBookstore":false,"hasCafe":false,"hasRestaurant":false,"bookstoreEra":"unknown","oldestBookstoreYear":null,"mixedUse":false,"source":"東京都 令和3年度区部土地利用現況調査・建物現況","observedAt":"2021年度"},"geometry":{"type":"Polygon","coordinates":[[[139.75424796883647,35.695253281519186],[139.75425174659344,35.69524334189598],[139.75425218142703,35.69523827648533],[139.75425077223815,35.69523303860304],[139.75424728437486,35.69522915140931],[139.75424212686238,35.69522642588508],[139.7540884657721,35.69522169269067],[139.75405493808293,35.69531398526789],[139.75393210069754,35.6952873346403],[139.75391041178221,35.695352552438486],[139.75415728528952,35.69540851884855],[139.75424796883647,35.695253281519186]]]}},{"type":"Feature","properties":{"id":"building-1691234","sourceId":"1691234","floors":9,"areaSqm":349.8,"primaryUse":"unclassified","primaryUseBasis":"no_place","placeCount":0,"placeIds":[],"placeNames":[],"hasBookstore":false,"hasCafe":false,"hasRestaurant":false,"bookstoreEra":"unknown","oldestBookstoreYear":null,"mixedUse":false,"source":"東京都 令和3年度区部土地利用現況調査・建物現況","observedAt":"2021年度"},"geometry":{"type":"Polygon","coordinates":[[[139.75783887690716,35.69534615759786],[139.7578316797026,35.69547919521471],[139.75797123251024,35.695484690878665],[139.7579602277305,35.69555435984593],[139.75803160556475,35.69555800999483],[139.75806713085615,35.69538118352762],[139.75803997638093,35.69535160162805],[139.75783887690716,35.69534615759786]]]}},{"type":"Feature","properties":{"id":"building-1691235","sourceId":"1691235","floors":6,"areaSqm":100.5,"primaryUse":"unclassified","primaryUseBasis":"no_place","placeCount":0,"placeIds":[],"placeNames":[],"hasBookstore":false,"hasCafe":false,"hasRestaurant":false,"bookstoreEra":"unknown","oldestBookstoreYear":null,"mixedUse":false,"source":"東京都 令和3年度区部土地利用現況調査・建物現況","observedAt":"2021年度"},"geometry":{"type":"Polygon","coordinates":[[[139.75863718746479,35.69537883449637],[139.7586315249261,35.69552647529827],[139.75869925812225,35.69552822991372],[139.75870492053622,35.69538058910851],[139.75863718746479,35.69537883449637]]]}},{"type":"Feature","properties":{"id":"building-1691236","sourceId":"1691236","floors":5,"areaSqm":107.8,"primaryUse":"retail","primaryUseBasis":"floor_unverified","placeCount":2,"placeIds":["osm-node-5463561348","osm-node-12051029386"],"placeNames":["Alcázar","カプセル楽局"],"hasBookstore":false,"hasCafe":false,"hasRestaurant":true,"bookstoreEra":"unknown","oldestBookstoreYear":null,"mixedUse":true,"source":"東京都 令和3年度区部土地利用現況調査・建物現況","observedAt":"2021年度"},"geometry":{"type":"Polygon","coordinates":[[[139.75882933304618,35.69538832781418],[139.75882165181045,35.6955683265383],[139.75888120824803,35.69557007598984],[139.75888888943388,35.695389987124926],[139.75882933304618,35.69538832781418]]]}},{"type":"Feature","properties":{"id":"building-1691237","sourceId":"1691237","floors":6,"areaSqm":152.5,"primaryUse":"retail","primaryUseBasis":"floor_unverified","placeCount":1,"placeIds":["osm-node-5756937726"],"placeNames":["ミヤタ"],"hasBookstore":false,"hasCafe":false,"hasRestaurant":false,"bookstoreEra":"unknown","oldestBookstoreYear":null,"mixedUse":false,"source":"東京都 令和3年度区部土地利用現況調査・建物現況","observedAt":"2021年度"},"geometry":{"type":"Polygon","coordinates":[[[139.7596764880405,35.69541679160488],[139.75967313011927,35.69558372317204],[139.7597941232506,35.69558532947599],[139.75979551442467,35.695514302413855],[139.75974336032624,35.69551363958346],[139.75974521638668,35.69541773500818],[139.7596764880405,35.69541679160488]]]}},{"type":"Feature","properties":{"id":"building-1691238","sourceId":"1691238","floors":3,"areaSqm":62.4,"primaryUse":"retail","primaryUseBasis":"floor_unverified","placeCount":1,"placeIds":["osm-node-4018933617"],"placeNames":["ティーハウス　タカノ"],"hasBookstore":false,"hasCafe":false,"hasRestaurant":false,"bookstoreEra":"unknown","oldestBookstoreYear":null,"mixedUse":false,"source":"東京都 令和3年度区部土地利用現況調査・建物現況","observedAt":"2021年度"},"geometry":{"type":"Polygon","coordinates":[[[139.75980908480847,35.69542016807182],[139.75980631279253,35.69553414003917],[139.75986062126185,35.695535173718696],[139.75986389594982,35.69542121557742],[139.75980908480847,35.69542016807182]]]}},{"type":"Feature","properties":{"id":"building-1691239","sourceId":"1691239","floors":9,"areaSqm":164.3,"primaryUse":"bookstore","primaryUseBasis":"floor_unverified","placeCount":1,"placeIds":["osm-node-9065501747"],"placeNames":["東方書店"],"hasBookstore":true,"hasCafe":false,"hasRestaurant":false,"bookstoreEra":"unknown","oldestBookstoreYear":null,"mixedUse":false,"source":"東京都 令和3年度区部土地利用現況調査・建物現況","observedAt":"2021年度"},"geometry":{"type":"Polygon","coordinates":[[[139.75987560102377,35.69541988779255],[139.75987015522847,35.69557464960387],[139.7599757884023,35.69557714771992],[139.75998123399367,35.695422385903655],[139.75987560102377,35.69541988779255]]]}},{"type":"Feature","properties":{"id":"building-1691240","sourceId":"1691240","floors":8,"areaSqm":286.9,"primaryUse":"retail","primaryUseBasis":"confirmed_ground_floor","placeCount":2,"placeIds":["osm-node-3625989194","osm-node-6832689590"],"placeNames":["ダイソー","みさち屋"],"hasBookstore":false,"hasCafe":false,"hasRestaurant":true,"bookstoreEra":"unknown","oldestBookstoreYear":null,"mixedUse":true,"source":"東京都 令和3年度区部土地利用現況調査・建物現況","observedAt":"2021年度"},"geometry":{"type":"Polygon","coordinates":[[[139.76020984404582,35.69543171895812],[139.76020407694915,35.695576024703925],[139.76040186241306,35.695581282501465],[139.76040751873882,35.69543688654205],[139.76020984404582,35.69543171895812]]]}},{"type":"Feature","properties":{"id":"building-1691264","sourceId":"1691264","floors":7,"areaSqm":93.4,"primaryUse":"retail","primaryUseBasis":"confirmed_ground_floor","placeCount":2,"placeIds":["osm-node-7923010314","osm-node-7923010315"],"placeNames":["Ken House","ギフトショップ若草"],"hasBookstore":false,"hasCafe":false,"hasRestaurant":false,"bookstoreEra":"unknown","oldestBookstoreYear":null,"mixedUse":true,"source":"東京都 令和3年度区部土地利用現況調査・建物現況","observedAt":"2021年度"},"geometry":{"type":"Polygon","coordinates":[[[139.75604777067772,35.69529373306936],[139.75604547124956,35.695386482509306],[139.75614602196868,35.69538816949015],[139.7561492039528,35.695296772668314],[139.75604777067772,35.69529373306936]]]}},{"type":"Feature","properties":{"id":"building-1691265","sourceId":"1691265","floors":5,"areaSqm":66.0,"primaryUse":"unclassified","primaryUseBasis":"no_place","placeCount":0,"placeIds":[],"placeNames":[],"hasBookstore":false,"hasCafe":false,"hasRestaurant":false,"bookstoreEra":"unknown","oldestBookstoreYear":null,"mixedUse":false,"source":"東京都 令和3年度区部土地利用現況調査・建物現況","observedAt":"2021年度"},"geometry":{"type":"Polygon","coordinates":[[[139.75645041977427,35.695295613370874],[139.75644603486566,35.6953743001234],[139.75652934666368,35.69537741796317],[139.7565338419875,35.69529873127805],[139.75645041977427,35.695295613370874]]]}},{"type":"Feature","properties":{"id":"building-1691266","sourceId":"1691266","floors":7,"areaSqm":236.5,"primaryUse":"retail","primaryUseBasis":"confirmed_ground_floor","placeCount":1,"placeIds":["osm-node-3731202386"],"placeNames":["ファミリーマート"],"hasBookstore":false,"hasCafe":false,"hasRestaurant":false,"bookstoreEra":"unknown","oldestBookstoreYear":null,"mixedUse":false,"source":"東京都 令和3年度区部土地利用現況調査・建物現況","observedAt":"2021年度"},"geometry":{"type":"Polygon","coordinates":[[[139.75737281055208,35.69533549865611],[139.7573659225242,35.69549125094976],[139.75739177817636,35.695491988359365],[139.75739143959217,35.695499469512065],[139.7575108837941,35.69550297000947],[139.75751811011295,35.69533973655422],[139.75737281055208,35.69533549865611]]]}},{"type":"Feature","properties":{"id":"building-1691267","sourceId":"1691267","floors":6,"areaSqm":128.8,"primaryUse":"restaurant","primaryUseBasis":"confirmed_ground_floor","placeCount":1,"placeIds":["osm-node-5456398079"],"placeNames":["Muang Thai"],"hasBookstore":false,"hasCafe":false,"hasRestaurant":true,"bookstoreEra":"unknown","oldestBookstoreYear":null,"mixedUse":false,"source":"東京都 令和3年度区部土地利用現況調査・建物現況","observedAt":"2021年度"},"geometry":{"type":"Polygon","coordinates":[[[139.75752904905542,35.69534001385399],[139.75752204307074,35.695503968544244],[139.75760049402294,35.695506181211954],[139.75760716128386,35.69534970767052],[139.75759435096512,35.69534194783393],[139.75752904905542,35.69534001385399]]]}},{"type":"Feature","properties":{"id":"building-1691268","sourceId":"1691268","floors":10,"areaSqm":295.8,"primaryUse":"restaurant","primaryUseBasis":"floor_unverified","placeCount":1,"placeIds":["osm-node-4249515023"],"placeNames":["三幸園"],"hasBookstore":false,"hasCafe":false,"hasRestaurant":true,"bookstoreEra":"unknown","oldestBookstoreYear":null,"mixedUse":false,"source":"東京都 令和3年度区部土地利用現況調査・建物現況","observedAt":"2021年度"},"geometry":{"type":"Polygon","coordinates":[[[139.75864436746406,35.69514666690556],[139.75866668764002,35.69514803280632],[139.75867105059868,35.69508935635805],[139.7586583564287,35.6950754673937],[139.7586496289628,35.695073569103485],[139.75853780944522,35.695070254747705],[139.75853206143609,35.695138858014275],[139.75844046274136,35.69513553720249],[139.75843577854076,35.695190159983426],[139.75852377138207,35.695193913919404],[139.75851883865175,35.695270977944475],[139.75863474767328,35.695273393486204],[139.75864436746406,35.69514666690556]]]}},{"type":"Feature","properties":{"id":"building-1691287","sourceId":"1691287","floors":6,"areaSqm":225.6,"primaryUse":"unclassified","primaryUseBasis":"no_place","placeCount":0,"placeIds":[],"placeNames":[],"hasBookstore":false,"hasCafe":false,"hasRestaurant":false,"bookstoreEra":"unknown","oldestBookstoreYear":null,"mixedUse":false,"source":"東京都 令和3年度区部土地利用現況調査・建物現況","observedAt":"2021年度"},"geometry":{"type":"Polygon","coordinates":[[[139.7536036680335,35.69520335419754],[139.75358498439044,35.6952130766115],[139.75356167800865,35.69531554687482],[139.75357260607353,35.69532673109706],[139.7537477053704,35.69536542559948],[139.75376301707684,35.695301889176484],[139.7537155126416,35.69529257366134],[139.75372940536823,35.69521145959906],[139.7536036680335,35.69520335419754]]]}},{"type":"Feature","properties":{"id":"building-1691288","sourceId":"1691288","floors":6,"areaSqm":58.1,"primaryUse":"unclassified","primaryUseBasis":"no_place","placeCount":0,"placeIds":[],"placeNames":[],"hasBookstore":false,"hasCafe":false,"hasRestaurant":false,"bookstoreEra":"unknown","oldestBookstoreYear":null,"mixedUse":false,"source":"東京都 令和3年度区部土地利用現況調査・建物現況","observedAt":"2021年度"},"geometry":{"type":"Polygon","coordinates":[[[139.7539308363272,35.69521627975418],[139.75390900679614,35.69527845984514],[139.75398877008246,35.69529410613704],[139.75401425782093,35.69521994022856],[139.7539308363272,35.69521627975418]]]}},{"type":"Feature","properties":{"id":"building-1691289","sourceId":"1691289","floors":4,"areaSqm":59.5,"primaryUse":"unclassified","primaryUseBasis":"no_place","placeCount":0,"placeIds":[],"placeNames":[],"hasBookstore":false,"hasCafe":false,"hasRestaurant":false,"bookstoreEra":"unknown","oldestBookstoreYear":null,"mixedUse":false,"source":"東京都 令和3年度区部土地利用現況調査・建物現況","observedAt":"2021年度"},"geometry":{"type":"Polygon","coordinates":[[[139.7544294924646,35.69523265201515],[139.7544232078589,35.69533089716525],[139.75448331570595,35.695333460386486],[139.75448971073493,35.69523521530557],[139.7544294924646,35.69523265201515]]]}},{"type":"Feature","properties":{"id":"building-1691290","sourceId":"1691290","floors":7,"areaSqm":47.3,"primaryUse":"unclassified","primaryUseBasis":"no_place","placeCount":0,"placeIds":[],"placeNames":[],"hasBookstore":false,"hasCafe":false,"hasRestaurant":false,"bookstoreEra":"unknown","oldestBookstoreYear":null,"mixedUse":false,"source":"東京都 令和3年度区部土地利用現況調査・建物現況","observedAt":"2021年度"},"geometry":{"type":"Polygon","coordinates":[[[139.75456351958437,35.695238328281334],[139.7545587878614,35.695330715553276],[139.75460972526434,35.69533246147748],[139.75461445692864,35.69524007420348],[139.75456351958437,35.695238328281334]]]}},{"type":"Feature","properties":{"id":"building-1691291","sourceId":"1691291","floors":8,"areaSqm":56.8,"primaryUse":"retail","primaryUseBasis":"floor_unverified","placeCount":1,"placeIds":["osm-node-2135892988"],"placeNames":["イディア・クラッシック"],"hasBookstore":false,"hasCafe":false,"hasRestaurant":false,"bookstoreEra":"unknown","oldestBookstoreYear":null,"mixedUse":false,"source":"東京都 令和3年度区部土地利用現況調査・建物現況","observedAt":"2021年度"},"geometry":{"type":"Polygon","coordinates":[[[139.75449446351678,35.69523377622726],[139.7544861967001,35.695325259811646],[139.75454773985257,35.69532899572109],[139.7545560065994,35.69523751213246],[139.75449446351678,35.69523377622726]]]}},{"type":"Feature","properties":{"id":"building-1691292","sourceId":"1691292","floors":6,"areaSqm":57.1,"primaryUse":"unclassified","primaryUseBasis":"no_place","placeCount":0,"placeIds":[],"placeNames":[],"hasBookstore":false,"hasCafe":false,"hasRestaurant":false,"bookstoreEra":"unknown","oldestBookstoreYear":null,"mixedUse":false,"source":"東京都 令和3年度区部土地利用現況調査・建物現況","observedAt":"2021年度"},"geometry":{"type":"Polygon","coordinates":[[[139.7546220776656,35.695243684664476],[139.75461348154008,35.69533309489251],[139.75467668189324,35.69533710223057],[139.75468527794862,35.69524769199797],[139.7546220776656,35.695243684664476]]]}},{"type":"Feature","properties":{"id":"building-1691293","sourceId":"1691293","floors":7,"areaSqm":457.5,"primaryUse":"restaurant","primaryUseBasis":"confirmed_ground_floor","placeCount":4,"placeIds":["osm-node-4018941185","osm-node-5456398082","osm-node-7899874352","osm-node-7899874353"],"placeNames":["マンダラ","加賀廣","馬さん餃子酒場","B queen"],"hasBookstore":false,"hasCafe":false,"hasRestaurant":true,"bookstoreEra":"unknown","oldestBookstoreYear":null,"mixedUse":true,"source":"東京都 令和3年度区部土地利用現況調査・建物現況","observedAt":"2021年度"},"geometry":{"type":"Polygon","coordinates":[[[139.75775227809993,35.694962119854985],[139.75755504896037,35.694954604630965],[139.75754864551917,35.69506573946017],[139.75760466532284,35.695067847864436],[139.7575998342906,35.69515212287281],[139.7575937572281,35.69515184863857],[139.75758915177525,35.6952312563921],[139.7577364391658,35.69523648678385],[139.75775227809993,35.694962119854985]]]}},{"type":"Feature","properties":{"id":"building-1691294","sourceId":"1691294","floors":5,"areaSqm":74.0,"primaryUse":"restaurant","primaryUseBasis":"floor_unverified","placeCount":1,"placeIds":["osm-node-5455368503"],"placeNames":["から揚げ専門 から好し"],"hasBookstore":false,"hasCafe":false,"hasRestaurant":true,"bookstoreEra":"unknown","oldestBookstoreYear":null,"mixedUse":false,"source":"東京都 令和3年度区部土地利用現況調査・建物現況","observedAt":"2021年度"},"geometry":{"type":"Polygon","coordinates":[[[139.75950606989971,35.69521126510548],[139.75950344647674,35.69530022866461],[139.75958620724674,35.69530181172278],[139.75958883057788,35.695212848161745],[139.75950606989971,35.69521126510548]]]}},{"type":"Feature","properties":{"id":"building-1691295","sourceId":"1691295","floors":5,"areaSqm":65.8,"primaryUse":"unclassified","primaryUseBasis":"no_place","placeCount":0,"placeIds":[],"placeNames":[],"hasBookstore":false,"hasCafe":false,"hasRestaurant":false,"bookstoreEra":"unknown","oldestBookstoreYear":null,"mixedUse":false,"source":"東京都 令和3年度区部土地利用現況調査・建物現況","observedAt":"2021年度"},"geometry":{"type":"Polygon","coordinates":[[[139.76083412322785,35.69522036486561],[139.7608199691283,35.69535402943537],[139.76086869527987,35.69535739384423],[139.7608827388019,35.69522372920222],[139.76083412322785,35.69522036486561]]]}},{"type":"Feature","properties":{"id":"building-1691296","sourceId":"1691296","floors":4,"areaSqm":74.3,"primaryUse":"restaurant","primaryUseBasis":"confirmed_ground_floor","placeCount":1,"placeIds":["osm-node-5214277739"],"placeNames":["紅とん"],"hasBookstore":false,"hasCafe":false,"hasRestaurant":true,"bookstoreEra":"unknown","oldestBookstoreYear":null,"mixedUse":false,"source":"東京都 令和3年度区部土地利用現況調査・建物現況","observedAt":"2021年度"},"geometry":{"type":"Polygon","coordinates":[[[139.7607690434726,35.695217170859756],[139.7607719049829,35.695351747049216],[139.76081797977463,35.69535447892175],[139.76083202607302,35.69521783976797],[139.7607690434726,35.695217170859756]]]}},{"type":"Feature","properties":{"id":"building-1691325","sourceId":"1691325","floors":9,"areaSqm":115.2,"primaryUse":"unclassified","primaryUseBasis":"no_place","placeCount":0,"placeIds":[],"placeNames":[],"hasBookstore":false,"hasCafe":false,"hasRestaurant":false,"bookstoreEra":"unknown","oldestBookstoreYear":null,"mixedUse":false,"source":"東京都 令和3年度区部土地利用現況調査・建物現況","observedAt":"2021年度"},"geometry":{"type":"Polygon","coordinates":[[[139.7536625043846,35.69492883601053],[139.75355923757525,35.69499222403264],[139.7535569928162,35.69502719568087],[139.75358395279838,35.69502838532489],[139.7535800257422,35.69508832379319],[139.75365670858662,35.69509017731169],[139.7536625043846,35.69492883601053]]]}},{"type":"Feature","properties":{"id":"building-1691326","sourceId":"1691326","floors":8,"areaSqm":477.2,"primaryUse":"unclassified","primaryUseBasis":"no_place","placeCount":0,"placeIds":[],"placeNames":[],"hasBookstore":false,"hasCafe":false,"hasRestaurant":false,"bookstoreEra":"unknown","oldestBookstoreYear":null,"mixedUse":false,"source":"東京都 令和3年度区部土地利用現況調査・建物現況","observedAt":"2021年度"},"geometry":{"type":"Polygon","coordinates":[[[139.7538580862271,35.69481431109368],[139.7537447207789,35.6948105405804],[139.75374223997815,35.694860745221796],[139.7536823528754,35.69485881273526],[139.75367040057336,35.69509983102674],[139.7538436537156,35.69510553404658],[139.7538580862271,35.69481431109368]]]}},{"type":"Feature","properties":{"id":"building-1691327","sourceId":"1691327","floors":8,"areaSqm":165.3,"primaryUse":"unclassified","primaryUseBasis":"no_place","placeCount":0,"placeIds":[],"placeNames":[],"hasBookstore":false,"hasCafe":false,"hasRestaurant":false,"bookstoreEra":"unknown","oldestBookstoreYear":null,"mixedUse":false,"source":"東京都 令和3年度区部土地利用現況調査・建物現況","observedAt":"2021年度"},"geometry":{"type":"Polygon","coordinates":[[[139.75464300062907,35.69497896612925],[139.7545280837916,35.69497943177611],[139.75452893735684,35.695122659945454],[139.75464385439977,35.69512219429806],[139.75464300062907,35.69497896612925]]]}},{"type":"Feature","properties":{"id":"building-1691328","sourceId":"1691328","floors":9,"areaSqm":1179.4,"primaryUse":"unclassified","primaryUseBasis":"no_place","placeCount":0,"placeIds":[],"placeNames":[],"hasBookstore":false,"hasCafe":false,"hasRestaurant":false,"bookstoreEra":"unknown","oldestBookstoreYear":null,"mixedUse":false,"source":"東京都 令和3年度区部土地利用現況調査・建物現況","observedAt":"2021年度"},"geometry":{"type":"Polygon","coordinates":[[[139.75512156981253,35.694969993908046],[139.75530255683003,35.694976420948336],[139.75530829689015,35.69486889128693],[139.7547837890005,35.69485016223989],[139.75478075018066,35.69490667612515],[139.75475202210274,35.69490566586891],[139.7547490960538,35.69495983626578],[139.75477550372622,35.694960845008474],[139.75476649904576,35.69512903467746],[139.75511234178364,35.695141338251126],[139.75512156981253,35.694969993908046]]]}},{"type":"Feature","properties":{"id":"building-1691329","sourceId":"1691329","floors":5,"areaSqm":95.0,"primaryUse":"unclassified","primaryUseBasis":"no_place","placeCount":0,"placeIds":[],"placeNames":[],"hasBookstore":false,"hasCafe":false,"hasRestaurant":false,"bookstoreEra":"unknown","oldestBookstoreYear":null,"mixedUse":false,"source":"東京都 令和3年度区部土地利用現況調査・建物現況","observedAt":"2021年度"},"geometry":{"type":"Polygon","coordinates":[[[139.7551981263122,35.69499594627877],[139.75521604708197,35.69499662762695],[139.75521687110356,35.694982187321],[139.75513587131636,35.69497910973511],[139.75512756129748,35.69512467640991],[139.75519064043243,35.69512707265218],[139.7551981263122,35.69499594627877]]]}},{"type":"Feature","properties":{"id":"building-1691330","sourceId":"1691330","floors":5,"areaSqm":63.6,"primaryUse":"retail","primaryUseBasis":"floor_unverified","placeCount":1,"placeIds":["osm-node-4018941184"],"placeNames":["山形屋紙店"],"hasBookstore":false,"hasCafe":false,"hasRestaurant":false,"bookstoreEra":"unknown","oldestBookstoreYear":null,"mixedUse":false,"source":"東京都 令和3年度区部土地利用現況調査・建物現況","observedAt":"2021年度"},"geometry":{"type":"Polygon","coordinates":[[[139.75754929903306,35.695075745073034],[139.75754263424142,35.695229514511446],[139.75758373768755,35.695230982574486],[139.75759040274136,35.69507685258616],[139.75754929903306,35.695075745073034]]]}},{"type":"Feature","properties":{"id":"building-1691331","sourceId":"1691331","floors":8,"areaSqm":252.5,"primaryUse":"unclassified","primaryUseBasis":"no_place","placeCount":0,"placeIds":[],"placeNames":[],"hasBookstore":false,"hasCafe":false,"hasRestaurant":false,"bookstoreEra":"unknown","oldestBookstoreYear":null,"mixedUse":false,"source":"東京都 令和3年度区部土地利用現況調査・建物現況","observedAt":"2021年度"},"geometry":{"type":"Polygon","coordinates":[[[139.75774896722015,35.69507496923859],[139.75774174284263,35.69523667038831],[139.757896212292,35.69524217550519],[139.75790697012752,35.695082729983945],[139.75774896722015,35.69507496923859]]]}},{"type":"Feature","properties":{"id":"building-1691332","sourceId":"1691332","floors":1,"areaSqm":21.4,"primaryUse":"unclassified","primaryUseBasis":"no_place","placeCount":0,"placeIds":[],"placeNames":[],"hasBookstore":false,"hasCafe":false,"hasRestaurant":false,"bookstoreEra":"unknown","oldestBookstoreYear":null,"mixedUse":false,"source":"東京都 令和3年度区部土地利用現況調査・建物現況","observedAt":"2021年度"},"geometry":{"type":"Polygon","coordinates":[[[139.75807077137443,35.695152237957664],[139.75804721575489,35.695173315274026],[139.75805802207222,35.69519711818636],[139.75809127770162,35.695201285276866],[139.75811008322793,35.69517885292956],[139.75810236631852,35.69515982921091],[139.75807077137443,35.695152237957664]]]}},{"type":"Feature","properties":{"id":"building-1691333","sourceId":"1691333","floors":4,"areaSqm":74.8,"primaryUse":"unclassified","primaryUseBasis":"no_place","placeCount":0,"placeIds":[],"placeNames":[],"hasBookstore":false,"hasCafe":false,"hasRestaurant":false,"bookstoreEra":"unknown","oldestBookstoreYear":null,"mixedUse":false,"source":"東京都 令和3年度区部土地利用現況調査・建物現況","observedAt":"2021年度"},"geometry":{"type":"Polygon","coordinates":[[[139.7586713779656,35.69509140897945],[139.75866854455666,35.6951675729446],[139.75876633197095,35.69516997711827],[139.7587690547904,35.69509381308229],[139.7586713779656,35.69509140897945]]]}},{"type":"Feature","properties":{"id":"building-1691334","sourceId":"1691334","floors":5,"areaSqm":109.8,"primaryUse":"antiquarian_bookstore","primaryUseBasis":"floor_unverified","placeCount":1,"placeIds":["osm-node-4886953221"],"placeNames":["風月洞書店"],"hasBookstore":true,"hasCafe":false,"hasRestaurant":false,"bookstoreEra":"unknown","oldestBookstoreYear":null,"mixedUse":false,"source":"東京都 令和3年度区部土地利用現況調査・建物現況","observedAt":"2021年度"},"geometry":{"type":"Polygon","coordinates":[[[139.7591048530626,35.695136778877576],[139.75920255941594,35.69513958736179],[139.75920371541028,35.695103552222335],[139.75908354734568,35.69510073078807],[139.75906594605888,35.69510697994147],[139.759064152784,35.6951402564957],[139.75906236155245,35.69528573552451],[139.75910291365767,35.69528603094834],[139.7591048530626,35.695136778877576]]]}},{"type":"Feature","properties":{"id":"building-1691335","sourceId":"1691335","floors":4,"areaSqm":142.1,"primaryUse":"unclassified","primaryUseBasis":"no_place","placeCount":0,"placeIds":[],"placeNames":[],"hasBookstore":false,"hasCafe":false,"hasRestaurant":false,"bookstoreEra":"unknown","oldestBookstoreYear":null,"mixedUse":false,"source":"東京都 令和3年度区部土地利用現況調査・建物現況","observedAt":"2021年度"},"geometry":{"type":"Polygon","coordinates":[[[139.75942229108472,35.69511557839166],[139.75942033587555,35.695198773595855],[139.75959038823714,35.695201221449544],[139.75959234326976,35.69511802624238],[139.75942229108472,35.69511557839166]]]}},{"type":"Feature","properties":{"id":"building-1691336","sourceId":"1691336","floors":7,"areaSqm":101.9,"primaryUse":"restaurant","primaryUseBasis":"floor_unverified","placeCount":2,"placeIds":["osm-node-12425863828","osm-node-12425865958"],"placeNames":["ベト屋","The Willow"],"hasBookstore":false,"hasCafe":false,"hasRestaurant":true,"bookstoreEra":"unknown","oldestBookstoreYear":null,"mixedUse":true,"source":"東京都 令和3年度区部土地利用現況調査・建物現況","observedAt":"2021年度"},"geometry":{"type":"Polygon","coordinates":[[[139.7602499983803,35.695141412232246],[139.76023800982944,35.695322670358145],[139.76029391906013,35.69532513799163],[139.76030579698815,35.69514387979303],[139.7602499983803,35.695141412232246]]]}},{"type":"Feature","properties":{"id":"building-1691337","sourceId":"1691337","floors":8,"areaSqm":338.7,"primaryUse":"retail","primaryUseBasis":"confirmed_ground_floor","placeCount":1,"placeIds":["osm-node-9065501745"],"placeNames":["リトルマーメイド"],"hasBookstore":false,"hasCafe":false,"hasRestaurant":false,"bookstoreEra":"unknown","oldestBookstoreYear":null,"mixedUse":false,"source":"東京都 令和3年度区部土地利用現況調査・建物現況","observedAt":"2021年度"},"geometry":{"type":"Polygon","coordinates":[[[139.76037862456675,35.69515207052941],[139.76036339320083,35.695324856533354],[139.76055755694165,35.69533633493438],[139.76057290722014,35.69516355709019],[139.76037862456675,35.69515207052941]]]}},{"type":"Feature","properties":{"id":"building-1691375","sourceId":"1691375","floors":10,"areaSqm":152.2,"primaryUse":"unclassified","primaryUseBasis":"no_place","placeCount":0,"placeIds":[],"placeNames":[],"hasBookstore":false,"hasCafe":false,"hasRestaurant":false,"bookstoreEra":"unknown","oldestBookstoreYear":null,"mixedUse":false,"source":"東京都 令和3年度区部土地利用現況調査・建物現況","observedAt":"2021年度"},"geometry":{"type":"Polygon","coordinates":[[[139.75359110972812,35.69494285010198],[139.7536109833806,35.694958637231274],[139.7536343175852,35.69493909296446],[139.75354709438696,35.69486981000776],[139.75341604656919,35.69497969015691],[139.7534833962096,35.69503309592357],[139.75359110972812,35.69494285010198]]]}},{"type":"Feature","properties":{"id":"building-1691376","sourceId":"1691376","floors":8,"areaSqm":91.6,"primaryUse":"unclassified","primaryUseBasis":"no_place","placeCount":0,"placeIds":[],"placeNames":[],"hasBookstore":false,"hasCafe":false,"hasRestaurant":false,"bookstoreEra":"unknown","oldestBookstoreYear":null,"mixedUse":false,"source":"東京都 令和3年度区部土地利用現況調査・建物現況","observedAt":"2021年度"},"geometry":{"type":"Polygon","coordinates":[[[139.75390173934153,35.695030037626374],[139.75389857098278,35.69510511961292],[139.75402000355524,35.695108444612075],[139.7540231718003,35.69503336262224],[139.75390173934153,35.695030037626374]]]}},{"type":"Feature","properties":{"id":"building-1691377","sourceId":"1691377","floors":10,"areaSqm":144.2,"primaryUse":"unclassified","primaryUseBasis":"no_place","placeCount":0,"placeIds":[],"placeNames":[],"hasBookstore":false,"hasCafe":false,"hasRestaurant":false,"bookstoreEra":"unknown","oldestBookstoreYear":null,"mixedUse":false,"source":"東京都 令和3年度区部土地利用現況調査・建物現況","observedAt":"2021年度"},"geometry":{"type":"Polygon","coordinates":[[[139.75520407108948,35.695010609109325],[139.7551991891794,35.69514445930877],[139.75530636849837,35.69514705266256],[139.7553112502295,35.69501320245859],[139.75520407108948,35.695010609109325]]]}},{"type":"Feature","properties":{"id":"building-1691378","sourceId":"1691378","floors":7,"areaSqm":442.5,"primaryUse":"retail","primaryUseBasis":"floor_unverified","placeCount":1,"placeIds":["osm-node-4405880060"],"placeNames":["ファミリーマート"],"hasBookstore":false,"hasCafe":false,"hasRestaurant":false,"bookstoreEra":"unknown","oldestBookstoreYear":null,"mixedUse":false,"source":"東京都 令和3年度区部土地利用現況調査・建物現況","observedAt":"2021年度"},"geometry":{"type":"Polygon","coordinates":[[[139.75618599511267,35.69495707009498],[139.75630212303813,35.69496111048792],[139.75630493693384,35.69490757093958],[139.75603533470402,35.6948982041546],[139.7560324077835,35.6949541773217],[139.75591871071612,35.69495022836881],[139.75591296981406,35.69505947065986],[139.756180141734,35.69506874602439],[139.75618599511267,35.69495707009498]]]}},{"type":"Feature","properties":{"id":"building-1691379","sourceId":"1691379","floors":5,"areaSqm":53.8,"primaryUse":"restaurant","primaryUseBasis":"floor_unverified","placeCount":1,"placeIds":["osm-node-6935097185"],"placeNames":["北井商店"],"hasBookstore":false,"hasCafe":false,"hasRestaurant":true,"bookstoreEra":"unknown","oldestBookstoreYear":null,"mixedUse":false,"source":"東京都 令和3年度区部土地利用現況調査・建物現況","observedAt":"2021年度"},"geometry":{"type":"Polygon","coordinates":[[[139.75628926897633,35.695053023923435],[139.75628064623695,35.6951869916548],[139.75632114742754,35.69518846246755],[139.75632847860084,35.69505427938114],[139.75628926897633,35.695053023923435]]]}},{"type":"Feature","properties":{"id":"building-1691380","sourceId":"1691380","floors":6,"areaSqm":294.8,"primaryUse":"unclassified","primaryUseBasis":"no_place","placeCount":0,"placeIds":[],"placeNames":[],"hasBookstore":false,"hasCafe":false,"hasRestaurant":false,"bookstoreEra":"unknown","oldestBookstoreYear":null,"mixedUse":false,"source":"東京都 令和3年度区部土地利用現況調査・建物現況","observedAt":"2021年度"},"geometry":{"type":"Polygon","coordinates":[[[139.75873210910498,35.69501789487924],[139.75875442839342,35.69501899035234],[139.7587576741626,35.69497455484593],[139.75873391851664,35.69497336834635],[139.75874018697937,35.694886750619176],[139.75855500345912,35.69487771216873],[139.7585439222687,35.69502985646019],[139.7587305425944,35.69503889581809],[139.75873210910498,35.69501789487924]]]}},{"type":"Feature","properties":{"id":"building-1691381","sourceId":"1691381","floors":6,"areaSqm":293.7,"primaryUse":"unclassified","primaryUseBasis":"no_place","placeCount":0,"placeIds":[],"placeNames":[],"hasBookstore":false,"hasCafe":false,"hasRestaurant":false,"bookstoreEra":"unknown","oldestBookstoreYear":null,"mixedUse":false,"source":"東京都 令和3年度区部土地利用現況調査・建物現況","observedAt":"2021年度"},"geometry":{"type":"Polygon","coordinates":[[[139.75923850862043,35.69502469750132],[139.75927906001098,35.69502562382397],[139.75928149434463,35.69490240810725],[139.75907266049768,35.69489768247588],[139.75906954364402,35.69504162926611],[139.75923782646498,35.69504542858029],[139.75923850862043,35.69502469750132]]]}},{"type":"Feature","properties":{"id":"building-1691382","sourceId":"1691382","floors":4,"areaSqm":49.4,"primaryUse":"restaurant","primaryUseBasis":"floor_unverified","placeCount":1,"placeIds":["osm-node-11337867171"],"placeNames":["たんどーる"],"hasBookstore":false,"hasCafe":false,"hasRestaurant":true,"bookstoreEra":"unknown","oldestBookstoreYear":null,"mixedUse":false,"source":"東京都 令和3年度区部土地利用現況調査・建物現況","observedAt":"2021年度"},"geometry":{"type":"Polygon","coordinates":[[[139.7603346315148,35.69502825157327],[139.76033114476,35.695095581761855],[139.76040395973695,35.695098149732296],[139.76040755692722,35.695030819608476],[139.7603346315148,35.69502825157327]]]}},{"type":"Feature","properties":{"id":"building-1691383","sourceId":"1691383","floors":5,"areaSqm":56.0,"primaryUse":"unclassified","primaryUseBasis":"no_place","placeCount":0,"placeIds":[],"placeNames":[],"hasBookstore":false,"hasCafe":false,"hasRestaurant":false,"bookstoreEra":"unknown","oldestBookstoreYear":null,"mixedUse":false,"source":"東京都 令和3年度区部土地利用現況調査・建物現況","observedAt":"2021年度"},"geometry":{"type":"Polygon","coordinates":[[[139.7610339665842,35.6950258793796],[139.76103049131927,35.695081131244145],[139.76113103949265,35.695085337894085],[139.76113451476965,35.69502999588971],[139.7610339665842,35.6950258793796]]]}},{"type":"Feature","properties":{"id":"building-1691413","sourceId":"1691413","floors":8,"areaSqm":146.9,"primaryUse":"unclassified","primaryUseBasis":"no_place","placeCount":0,"placeIds":[],"placeNames":[],"hasBookstore":false,"hasCafe":false,"hasRestaurant":false,"bookstoreEra":"unknown","oldestBookstoreYear":null,"mixedUse":false,"source":"東京都 令和3年度区部土地利用現況調査・建物現況","observedAt":"2021年度"},"geometry":{"type":"Polygon","coordinates":[[[139.75424435614642,35.6949516637945],[139.7542991600531,35.69495404334894],[139.75430734909366,35.69482956959671],[139.75419696797977,35.69482480996196],[139.75418776924985,35.69496451618726],[139.7542433465496,35.694966986412574],[139.75424435614642,35.6949516637945]]]}},{"type":"Feature","properties":{"id":"building-1691414","sourceId":"1691414","floors":7,"areaSqm":157.5,"primaryUse":"unclassified","primaryUseBasis":"no_place","placeCount":0,"placeIds":[],"placeNames":[],"hasBookstore":false,"hasCafe":false,"hasRestaurant":false,"bookstoreEra":"unknown","oldestBookstoreYear":null,"mixedUse":false,"source":"東京都 令和3年度区部土地利用現況調査・建物現況","observedAt":"2021年度"},"geometry":{"type":"Polygon","coordinates":[[[139.7541938339081,35.69497731962123],[139.7541871696307,35.69512405819098],[139.75428075762198,35.69512682379502],[139.75429502298496,35.69511538576999],[139.7543011228431,35.694980544900666],[139.7541938339081,35.69497731962123]]]}},{"type":"Feature","properties":{"id":"building-1691415","sourceId":"1691415","floors":9,"areaSqm":116.9,"primaryUse":"unclassified","primaryUseBasis":"no_place","placeCount":0,"placeIds":[],"placeNames":[],"hasBookstore":false,"hasCafe":false,"hasRestaurant":false,"bookstoreEra":"unknown","oldestBookstoreYear":null,"mixedUse":false,"source":"東京都 令和3年度区部土地利用現況調査・建物現況","observedAt":"2021年度"},"geometry":{"type":"Polygon","coordinates":[[[139.75465736950522,35.694974558810664],[139.75465558510462,35.69510381402841],[139.75474574963923,35.69510459402053],[139.75474742330945,35.69497542886604],[139.75465736950522,35.694974558810664]]]}},{"type":"Feature","properties":{"id":"building-1691416","sourceId":"1691416","floors":8,"areaSqm":50.4,"primaryUse":"unclassified","primaryUseBasis":"no_place","placeCount":0,"placeIds":[],"placeNames":[],"hasBookstore":false,"hasCafe":false,"hasRestaurant":false,"bookstoreEra":"unknown","oldestBookstoreYear":null,"mixedUse":false,"source":"東京都 令和3年度区部土地利用現況調査・建物現況","observedAt":"2021年度"},"geometry":{"type":"Polygon","coordinates":[[[139.75592506432173,35.694892995490704],[139.75592181167124,35.69494292926996],[139.75602213840216,35.694947140044654],[139.75602528049396,35.69489720619166],[139.75592506432173,35.694892995490704]]]}},{"type":"Feature","properties":{"id":"building-1691417","sourceId":"1691417","floors":4,"areaSqm":127.7,"primaryUse":"unclassified","primaryUseBasis":"no_place","placeCount":0,"placeIds":[],"placeNames":[],"hasBookstore":false,"hasCafe":false,"hasRestaurant":false,"bookstoreEra":"unknown","oldestBookstoreYear":null,"mixedUse":false,"source":"東京都 令和3年度区部土地利用現況調査・建物現況","observedAt":"2021年度"},"geometry":{"type":"Polygon","coordinates":[[[139.7566642528747,35.69492681922046],[139.75666004950313,35.69504696909836],[139.75676579237233,35.69504947010084],[139.75676999558547,35.69492932021911],[139.7566642528747,35.69492681922046]]]}},{"type":"Feature","properties":{"id":"building-1691418","sourceId":"1691418","floors":10,"areaSqm":569.0,"primaryUse":"cafe","primaryUseBasis":"confirmed_ground_floor","placeCount":1,"placeIds":["osm-node-3632293538"],"placeNames":["ドトールコーヒーショップ"],"hasBookstore":false,"hasCafe":true,"hasRestaurant":false,"bookstoreEra":"unknown","oldestBookstoreYear":null,"mixedUse":false,"source":"東京都 令和3年度区部土地利用現況調査・建物現況","observedAt":"2021年度"},"geometry":{"type":"Polygon","coordinates":[[[139.75777283511266,35.69495717522785],[139.75775554451835,35.695013499968034],[139.75774874886355,35.695072174856044],[139.75791890622116,35.695080123490676],[139.7579065978048,35.695243443930266],[139.75801896764813,35.69524928305124],[139.7580792320495,35.69496764277268],[139.75777283511266,35.69495717522785]]]}},{"type":"Feature","properties":{"id":"building-1691419","sourceId":"1691419","floors":2,"areaSqm":28.8,"primaryUse":"unclassified","primaryUseBasis":"no_place","placeCount":0,"placeIds":[],"placeNames":[],"hasBookstore":false,"hasCafe":false,"hasRestaurant":false,"bookstoreEra":"unknown","oldestBookstoreYear":null,"mixedUse":false,"source":"東京都 令和3年度区部土地利用現況調査・建物現況","observedAt":"2021年度"},"geometry":{"type":"Polygon","coordinates":[[[139.75847109362405,35.69492381013537],[139.75846188392302,35.69496499699483],[139.75853591620015,35.69496540356544],[139.75853805308475,35.69492529394933],[139.75847109362405,35.69492381013537]]]}},{"type":"Feature","properties":{"id":"building-1691420","sourceId":"1691420","floors":5,"areaSqm":180.1,"primaryUse":"unclassified","primaryUseBasis":"no_place","placeCount":0,"placeIds":[],"placeNames":[],"hasBookstore":false,"hasCafe":false,"hasRestaurant":false,"bookstoreEra":"unknown","oldestBookstoreYear":null,"mixedUse":false,"source":"東京都 令和3年度区部土地利用現況調査・建物現況","observedAt":"2021年度"},"geometry":{"type":"Polygon","coordinates":[[[139.7592900276098,35.69490281176159],[139.75928629425056,35.694984951270406],[139.75928686757086,35.69498751151251],[139.7592851838464,35.695039843991076],[139.75941693740518,35.69504265611381],[139.75942127103832,35.69490738123632],[139.75935888599145,35.69490604494388],[139.75935078789033,35.69490465185811],[139.7592900276098,35.69490281176159]]]}},{"type":"Feature","properties":{"id":"building-1691421","sourceId":"1691421","floors":6,"areaSqm":204.7,"primaryUse":"retail","primaryUseBasis":"floor_unverified","placeCount":1,"placeIds":["osm-node-3731202387"],"placeNames":["ファミリーマート"],"hasBookstore":false,"hasCafe":false,"hasRestaurant":false,"bookstoreEra":"unknown","oldestBookstoreYear":null,"mixedUse":false,"source":"東京都 令和3年度区部土地利用現況調査・建物現況","observedAt":"2021年度"},"geometry":{"type":"Polygon","coordinates":[[[139.75943275054883,35.694916922971096],[139.75942997472916,35.695051225326104],[139.75958168468028,35.6950533013819],[139.75958457074202,35.69491899909082],[139.75943275054883,35.694916922971096]]]}},{"type":"Feature","properties":{"id":"building-1691422","sourceId":"1691422","floors":5,"areaSqm":64.4,"primaryUse":"unclassified","primaryUseBasis":"no_place","placeCount":0,"placeIds":[],"placeNames":[],"hasBookstore":false,"hasCafe":false,"hasRestaurant":false,"bookstoreEra":"unknown","oldestBookstoreYear":null,"mixedUse":false,"source":"東京都 令和3年度区部土地利用現況調査・建物現況","observedAt":"2021年度"},"geometry":{"type":"Polygon","coordinates":[[[139.7597169479707,35.694916285871976],[139.75969660238616,35.69493177698411],[139.7596953402755,35.69498252331662],[139.75979401213,35.694984206100834],[139.75979562023085,35.694917595874806],[139.7597169479707,35.694916285871976]]]}},{"type":"Feature","properties":{"id":"building-1691423","sourceId":"1691423","floors":5,"areaSqm":76.4,"primaryUse":"antiquarian_bookstore","primaryUseBasis":"floor_unverified","placeCount":1,"placeIds":["osm-node-10753771862"],"placeNames":["手塚書房"],"hasBookstore":true,"hasCafe":false,"hasRestaurant":false,"bookstoreEra":"unknown","oldestBookstoreYear":null,"mixedUse":false,"source":"東京都 令和3年度区部土地利用現況調査・建物現況","observedAt":"2021年度"},"geometry":{"type":"Polygon","coordinates":[[[139.7598020201675,35.69492724443832],[139.75979591269234,35.69508047352656],[139.75984552450853,35.69508176574076],[139.7598516318062,35.694928626786826],[139.7598020201675,35.69492724443832]]]}},{"type":"Feature","properties":{"id":"building-1691424","sourceId":"1691424","floors":6,"areaSqm":410.2,"primaryUse":"unclassified","primaryUseBasis":"no_place","placeCount":0,"placeIds":[],"placeNames":[],"hasBookstore":false,"hasCafe":false,"hasRestaurant":false,"bookstoreEra":"unknown","oldestBookstoreYear":null,"mixedUse":false,"source":"東京都 令和3年度区部土地利用現況調査・建物現況","observedAt":"2021年度"},"geometry":{"type":"Polygon","coordinates":[[[139.75985594496873,35.69492448311971],[139.7598481749386,35.69508338982386],[139.76010485113733,35.695091658564],[139.76011262065916,35.69493275184291],[139.75985594496873,35.69492448311971]]]}},{"type":"Feature","properties":{"id":"building-1691425","sourceId":"1691425","floors":3,"areaSqm":64.7,"primaryUse":"retail","primaryUseBasis":"confirmed_ground_floor","placeCount":2,"placeIds":["osm-node-12425866006","osm-node-12425866023"],"placeNames":["萬羽軒","松沢商店"],"hasBookstore":false,"hasCafe":false,"hasRestaurant":false,"bookstoreEra":"unknown","oldestBookstoreYear":null,"mixedUse":true,"source":"東京都 令和3年度区部土地利用現況調査・建物現況","observedAt":"2021年度"},"geometry":{"type":"Polygon","coordinates":[[[139.76011560579204,35.69493086078256],[139.76011175540003,35.69503316388214],[139.76017473702643,35.69503473450309],[139.7601784768417,35.69493243133431],[139.76011560579204,35.69493086078256]]]}},{"type":"Feature","properties":{"id":"building-1691426","sourceId":"1691426","floors":5,"areaSqm":151.0,"primaryUse":"cafe","primaryUseBasis":"confirmed_ground_floor","placeCount":1,"placeIds":["osm-node-11328955209"],"placeNames":["Pharos"],"hasBookstore":false,"hasCafe":true,"hasRestaurant":false,"bookstoreEra":"unknown","oldestBookstoreYear":null,"mixedUse":false,"source":"東京都 令和3年度区部土地利用現況調査・建物現況","observedAt":"2021年度"},"geometry":{"type":"Polygon","coordinates":[[[139.76043757850957,35.69494619919304],[139.7604318739577,35.69502227132689],[139.76049529609296,35.69502546451206],[139.76048947994593,35.69510279849745],[139.76055566448133,35.69510608345935],[139.76056718499396,35.69495267733064],[139.76043757850957,35.69494619919304]]]}},{"type":"Feature","properties":{"id":"building-1691427","sourceId":"1691427","floors":5,"areaSqm":186.9,"primaryUse":"antiquarian_bookstore","primaryUseBasis":"confirmed_ground_floor","placeCount":4,"placeIds":["osm-node-5214277748","osm-node-12425863846","osm-node-12425863854","osm-node-12425865952"],"placeNames":["神保町 餃子小籠包","羊頭書店","花村モータース","Book DASH"],"hasBookstore":true,"hasCafe":false,"hasRestaurant":true,"bookstoreEra":"unknown","oldestBookstoreYear":null,"mixedUse":true,"source":"東京都 令和3年度区部土地利用現況調査・建物現況","observedAt":"2021年度"},"geometry":{"type":"Polygon","coordinates":[[[139.76057348566457,35.694950067167426],[139.7605594208757,35.695106626552004],[139.76066306238928,35.6951114664215],[139.76068539938808,35.69509309196576],[139.76068431235083,35.694951486157095],[139.76057348566457,35.694950067167426]]]}},{"type":"Feature","properties":{"id":"building-1691428","sourceId":"1691428","floors":7,"areaSqm":199.7,"primaryUse":"unclassified","primaryUseBasis":"no_place","placeCount":0,"placeIds":[],"placeNames":[],"hasBookstore":false,"hasCafe":false,"hasRestaurant":false,"bookstoreEra":"unknown","oldestBookstoreYear":null,"mixedUse":false,"source":"東京都 令和3年度区部土地利用現況調査・建物現況","observedAt":"2021年度"},"geometry":{"type":"Polygon","coordinates":[[[139.76094220473615,35.694958582065325],[139.7609352511481,35.695072330718105],[139.7609428751686,35.69507260571398],[139.76093939935004,35.69512839839679],[139.7611370707441,35.69513644916302],[139.76114009834635,35.695087416477094],[139.7610276168617,35.69508284211971],[139.76103109375583,35.69502578751719],[139.76101562481145,35.695025147266506],[139.7610195494746,35.694961693209066],[139.76094220473615,35.694958582065325]]]}},{"type":"Feature","properties":{"id":"building-1691429","sourceId":"1691429","floors":3,"areaSqm":64.6,"primaryUse":"unclassified","primaryUseBasis":"no_place","placeCount":0,"placeIds":[],"placeNames":[],"hasBookstore":false,"hasCafe":false,"hasRestaurant":false,"bookstoreEra":"unknown","oldestBookstoreYear":null,"mixedUse":false,"source":"東京都 令和3年度区部土地利用現況調査・建物現況","observedAt":"2021年度"},"geometry":{"type":"Polygon","coordinates":[[[139.7610281703937,35.69495926468976],[139.76102579293288,35.69502244926602],[139.76112744737887,35.695025124255274],[139.76112993533727,35.694961849606294],[139.7610281703937,35.69495926468976]]]}},{"type":"Feature","properties":{"id":"building-1691463","sourceId":"1691463","floors":3,"areaSqm":38.4,"primaryUse":"unclassified","primaryUseBasis":"no_place","placeCount":0,"placeIds":[],"placeNames":[],"hasBookstore":false,"hasCafe":false,"hasRestaurant":false,"bookstoreEra":"unknown","oldestBookstoreYear":null,"mixedUse":false,"source":"東京都 令和3年度区部土地利用現況調査・建物現況","observedAt":"2021年度"},"geometry":{"type":"Polygon","coordinates":[[[139.75412415889417,35.69481673988701],[139.75412034141215,35.694878030501656],[139.75418265883565,35.69488059532694],[139.75418647627015,35.69481930471029],[139.75412415889417,35.69481673988701]]]}},{"type":"Feature","properties":{"id":"building-1691464","sourceId":"1691464","floors":8,"areaSqm":282.9,"primaryUse":"unclassified","primaryUseBasis":"no_place","placeCount":0,"placeIds":[],"placeNames":[],"hasBookstore":false,"hasCafe":false,"hasRestaurant":false,"bookstoreEra":"unknown","oldestBookstoreYear":null,"mixedUse":false,"source":"東京都 令和3年度区部土地利用現況調査・建物現況","observedAt":"2021年度"},"geometry":{"type":"Polygon","coordinates":[[[139.75536475988417,35.69486955882954],[139.7553506710864,35.69515384164153],[139.75545608159962,35.695157335085625],[139.75546273374178,35.6950206917755],[139.75545046898,35.69502032329324],[139.7554577948761,35.69487259357115],[139.75536475988417,35.69486955882954]]]}},{"type":"Feature","properties":{"id":"building-1691465","sourceId":"1691465","floors":8,"areaSqm":452.6,"primaryUse":"unclassified","primaryUseBasis":"no_place","placeCount":0,"placeIds":[],"placeNames":[],"hasBookstore":false,"hasCafe":false,"hasRestaurant":false,"bookstoreEra":"unknown","oldestBookstoreYear":null,"mixedUse":false,"source":"東京都 令和3年度区部土地利用現況調査・建物現況","observedAt":"2021年度"},"geometry":{"type":"Polygon","coordinates":[[[139.7556497327093,35.69463890232974],[139.7554639950111,35.694632562875476],[139.75546241450817,35.69466708430677],[139.7553502642951,35.694663676639415],[139.75534416815864,35.69479653455957],[139.75563111847987,35.69480528313282],[139.7556497327093,35.69463890232974]]]}},{"type":"Feature","properties":{"id":"building-1691469","sourceId":"1691469","floors":6,"areaSqm":47.4,"primaryUse":"unclassified","primaryUseBasis":"no_place","placeCount":0,"placeIds":[],"placeNames":[],"hasBookstore":false,"hasCafe":false,"hasRestaurant":false,"bookstoreEra":"unknown","oldestBookstoreYear":null,"mixedUse":false,"source":"東京都 令和3年度区部土地利用現況調査・建物現況","observedAt":"2021年度"},"geometry":{"type":"Polygon","coordinates":[[[139.75879609342616,35.694891832918216],[139.75879490853148,35.69497773270051],[139.75884982476768,35.69497830751381],[139.75885100968725,35.694892317594],[139.75879609342616,35.694891832918216]]]}},{"type":"Feature","properties":{"id":"building-1691470","sourceId":"1691470","floors":5,"areaSqm":105.6,"primaryUse":"unclassified","primaryUseBasis":"no_place","placeCount":0,"placeIds":[],"placeNames":[],"hasBookstore":false,"hasCafe":false,"hasRestaurant":false,"bookstoreEra":"unknown","oldestBookstoreYear":null,"mixedUse":false,"source":"東京都 令和3年度区部土地利用現況調査・建物現況","observedAt":"2021年度"},"geometry":{"type":"Polygon","coordinates":[[[139.7589268662664,35.69489145772732],[139.75892523855984,35.69504382332409],[139.758993721433,35.695044595744385],[139.75899641418653,35.69489223891662],[139.7589268662664,35.69489145772732]]]}},{"type":"Feature","properties":{"id":"building-1691471","sourceId":"1691471","floors":12,"areaSqm":405.2,"primaryUse":"unclassified","primaryUseBasis":"no_place","placeCount":0,"placeIds":[],"placeNames":[],"hasBookstore":false,"hasCafe":false,"hasRestaurant":false,"bookstoreEra":"unknown","oldestBookstoreYear":null,"mixedUse":false,"source":"東京都 令和3年度区部土地利用現況調査・建物現況","observedAt":"2021年度"},"geometry":{"type":"Polygon","coordinates":[[[139.75895024241598,35.69476582666761],[139.75896935590956,35.69476836231121],[139.75898832813536,35.69468499734549],[139.75895042832386,35.694684613385135],[139.75895032427252,35.69467767277517],[139.75866591048307,35.694674251767665],[139.75866679125872,35.694677677518335],[139.75865220494077,35.694678569839674],[139.75864911196368,35.69479610651093],[139.75866204077596,35.69479530329881],[139.75866203565062,35.694800801649876],[139.75894921095542,35.69480566656441],[139.75895024241598,35.69476582666761]]]}},{"type":"Feature","properties":{"id":"building-1691472","sourceId":"1691472","floors":7,"areaSqm":131.0,"primaryUse":"unclassified","primaryUseBasis":"no_place","placeCount":0,"placeIds":[],"placeNames":[],"hasBookstore":false,"hasCafe":false,"hasRestaurant":false,"bookstoreEra":"unknown","oldestBookstoreYear":null,"mixedUse":false,"source":"東京都 令和3年度区部土地利用現況調査・建物現況","observedAt":"2021年度"},"geometry":{"type":"Polygon","coordinates":[[[139.76097981103985,35.69479473569017],[139.76088843312004,35.69479197662427],[139.76088629317684,35.694836773403516],[139.76075922589928,35.69483291111204],[139.76075731046862,35.694873741997974],[139.7609758662431,35.69488045356389],[139.76097981103985,35.69479473569017]]]}},{"type":"Feature","properties":{"id":"building-1691473","sourceId":"1691473","floors":9,"areaSqm":87.3,"primaryUse":"unclassified","primaryUseBasis":"no_place","placeCount":0,"placeIds":[],"placeNames":[],"hasBookstore":false,"hasCafe":false,"hasRestaurant":false,"bookstoreEra":"unknown","oldestBookstoreYear":null,"mixedUse":false,"source":"東京都 令和3年度区部土地利用現況調査・建物現況","observedAt":"2021年度"},"geometry":{"type":"Polygon","coordinates":[[[139.76098808588202,35.694808441480795],[139.76098371058688,35.69488144978523],[139.76110237933716,35.69488629830719],[139.7611068651019,35.69481319992778],[139.76098808588202,35.694808441480795]]]}},{"type":"Feature","properties":{"id":"building-1691505","sourceId":"1691505","floors":8,"areaSqm":738.2,"primaryUse":"unclassified","primaryUseBasis":"no_place","placeCount":0,"placeIds":[],"placeNames":[],"hasBookstore":false,"hasCafe":false,"hasRestaurant":false,"bookstoreEra":"unknown","oldestBookstoreYear":null,"mixedUse":false,"source":"東京都 令和3年度区部土地利用現況調査・建物現況","observedAt":"2021年度"},"geometry":{"type":"Polygon","coordinates":[[[139.75427781998638,35.69474455106225],[139.75429306800675,35.694745011759764],[139.7542937440573,35.69473176207161],[139.75430943405973,35.694732223057244],[139.75432127530894,35.69448976242213],[139.7541029425288,35.69448267837385],[139.75410215408084,35.69449782086355],[139.754067680467,35.694496716525336],[139.7540668914771,35.69451239983616],[139.75404026279168,35.694511571066364],[139.7540286451611,35.694750516478585],[139.75427714322143,35.694758521845436],[139.75427781998638,35.69474455106225]]]}},{"type":"Feature","properties":{"id":"building-1691512","sourceId":"1691512","floors":5,"areaSqm":39.6,"primaryUse":"unclassified","primaryUseBasis":"no_place","placeCount":0,"placeIds":[],"placeNames":[],"hasBookstore":false,"hasCafe":false,"hasRestaurant":false,"bookstoreEra":"unknown","oldestBookstoreYear":null,"mixedUse":false,"source":"東京都 令和3年度区部土地利用現況調査・建物現況","observedAt":"2021年度"},"geometry":{"type":"Polygon","coordinates":[[[139.7592701428989,35.694750790766],[139.75926996323196,35.69482560432834],[139.7593226698591,35.69482572688161],[139.75932295997296,35.694750913387075],[139.7592701428989,35.694750790766]]]}},{"type":"Feature","properties":{"id":"building-1691513","sourceId":"1691513","floors":5,"areaSqm":63.8,"primaryUse":"unclassified","primaryUseBasis":"no_place","placeCount":0,"placeIds":[],"placeNames":[],"hasBookstore":false,"hasCafe":false,"hasRestaurant":false,"bookstoreEra":"unknown","oldestBookstoreYear":null,"mixedUse":false,"source":"東京都 令和3年度区部土地利用現況調査・建物現況","observedAt":"2021年度"},"geometry":{"type":"Polygon","coordinates":[[[139.76008822719012,35.694783199795104],[139.76008562453922,35.69485016996931],[139.76018053870717,35.69485257124577],[139.76018303078263,35.69478560100228],[139.76008822719012,35.694783199795104]]]}},{"type":"Feature","properties":{"id":"building-1691514","sourceId":"1691514","floors":4,"areaSqm":38.9,"primaryUse":"bookstore","primaryUseBasis":"floor_unverified","placeCount":1,"placeIds":["osm-node-12425866016"],"placeNames":["弘正堂図書販売"],"hasBookstore":true,"hasCafe":false,"hasRestaurant":false,"bookstoreEra":"unknown","oldestBookstoreYear":null,"mixedUse":false,"source":"東京都 令和3年度区部土地利用現況調査・建物現況","observedAt":"2021年度"},"geometry":{"type":"Polygon","coordinates":[[[139.76038788501,35.6947750179421],[139.76038397495387,35.69486314698095],[139.76042751808825,35.69486454524459],[139.7604320348002,35.69477632913887],[139.76038788501,35.6947750179421]]]}},{"type":"Feature","properties":{"id":"building-1691515","sourceId":"1691515","floors":4,"areaSqm":29.3,"primaryUse":"unclassified","primaryUseBasis":"no_place","placeCount":0,"placeIds":[],"placeNames":[],"hasBookstore":false,"hasCafe":false,"hasRestaurant":false,"bookstoreEra":"unknown","oldestBookstoreYear":null,"mixedUse":false,"source":"東京都 令和3年度区部土地利用現況調査・建物現況","observedAt":"2021年度"},"geometry":{"type":"Polygon","coordinates":[[[139.76055816864297,35.69478222289837],[139.76055654873164,35.69486253394647],[139.76059290160586,35.694863006603434],[139.76059452148073,35.69478269555479],[139.76055816864297,35.69478222289837]]]}},{"type":"Feature","properties":{"id":"building-1691544","sourceId":"1691544","floors":8,"areaSqm":203.7,"primaryUse":"unclassified","primaryUseBasis":"no_place","placeCount":0,"placeIds":[],"placeNames":[],"hasBookstore":false,"hasCafe":false,"hasRestaurant":false,"bookstoreEra":"unknown","oldestBookstoreYear":null,"mixedUse":false,"source":"東京都 令和3年度区部土地利用現況調査・建物現況","observedAt":"2021年度"},"geometry":{"type":"Polygon","coordinates":[[[139.7539063806995,35.69458377264276],[139.75370599923795,35.6947475092442],[139.75395936221145,35.6947523636916],[139.75396130762945,35.694684762259804],[139.75390340877703,35.694683642426796],[139.7539063806995,35.69458377264276]]]}},{"type":"Feature","properties":{"id":"building-1691545","sourceId":"1691545","floors":8,"areaSqm":131.0,"primaryUse":"unclassified","primaryUseBasis":"no_place","placeCount":0,"placeIds":[],"placeNames":[],"hasBookstore":false,"hasCafe":false,"hasRestaurant":false,"bookstoreEra":"unknown","oldestBookstoreYear":null,"mixedUse":false,"source":"東京都 令和3年度区部土地利用現況調査・建物現況","observedAt":"2021年度"},"geometry":{"type":"Polygon","coordinates":[[[139.754024556057,35.6945280557823],[139.75400234728903,35.69452713977903],[139.75400111023254,35.694548952107006],[139.75396685785776,35.69454757747486],[139.75391865316126,35.69457629937233],[139.75391292037293,35.694674635007146],[139.75401567775023,35.69467866878367],[139.754024556057,35.6945280557823]]]}},{"type":"Feature","properties":{"id":"building-1691546","sourceId":"1691546","floors":5,"areaSqm":119.9,"primaryUse":"unclassified","primaryUseBasis":"no_place","placeCount":0,"placeIds":[],"placeNames":[],"hasBookstore":false,"hasCafe":false,"hasRestaurant":false,"bookstoreEra":"unknown","oldestBookstoreYear":null,"mixedUse":false,"source":"東京都 令和3年度区部土地利用現況調査・建物現況","observedAt":"2021年度"},"geometry":{"type":"Polygon","coordinates":[[[139.754704929001,35.69470255656533],[139.75470288300403,35.694760693563644],[139.7549081803449,35.69476542447152],[139.754910226193,35.6947072874696],[139.754704929001,35.69470255656533]]]}},{"type":"Feature","properties":{"id":"building-1691547","sourceId":"1691547","floors":9,"areaSqm":166.9,"primaryUse":"unclassified","primaryUseBasis":"no_place","placeCount":0,"placeIds":[],"placeNames":[],"hasBookstore":false,"hasCafe":false,"hasRestaurant":false,"bookstoreEra":"unknown","oldestBookstoreYear":null,"mixedUse":false,"source":"東京都 令和3年度区部土地利用現況調査・建物現況","observedAt":"2021年度"},"geometry":{"type":"Polygon","coordinates":[[[139.75516363819807,35.69466184299394],[139.7551590987269,35.69478442630282],[139.75529456388355,35.69478775912814],[139.75529910314762,35.69466517581395],[139.75516363819807,35.69466184299394]]]}},{"type":"Feature","properties":{"id":"building-1691548","sourceId":"1691548","floors":8,"areaSqm":685.5,"primaryUse":"unclassified","primaryUseBasis":"no_place","placeCount":0,"placeIds":[],"placeNames":[],"hasBookstore":false,"hasCafe":false,"hasRestaurant":false,"bookstoreEra":"unknown","oldestBookstoreYear":null,"mixedUse":false,"source":"東京都 令和3年度区部土地利用現況調査・建物現況","observedAt":"2021年度"},"geometry":{"type":"Polygon","coordinates":[[[139.7554511527052,35.69459439058065],[139.75549208195122,35.69459736272954],[139.75548985206194,35.694617912513436],[139.75564718847602,35.69462928127199],[139.75568141329393,35.69431490564585],[139.75552496145642,35.694303537503565],[139.75550411397887,35.69449488478987],[139.7554509691883,35.69449106466608],[139.75545018870702,35.69449827511769],[139.75536699125752,35.69449218208565],[139.75535084964875,35.694642393880876],[139.75544467663806,35.69464883271704],[139.7554511527052,35.69459439058065]]]}},{"type":"Feature","properties":{"id":"building-1691549","sourceId":"1691549","floors":3,"areaSqm":35.2,"primaryUse":"retail","primaryUseBasis":"floor_unverified","placeCount":1,"placeIds":["osm-node-3778007074"],"placeNames":["CANDY BOUQUET"],"hasBookstore":false,"hasCafe":false,"hasRestaurant":false,"bookstoreEra":"unknown","oldestBookstoreYear":null,"mixedUse":false,"source":"東京都 令和3年度区部土地利用現況調査・建物現況","observedAt":"2021年度"},"geometry":{"type":"Polygon","coordinates":[[[139.7595414742897,35.69468218289905],[139.75953976395596,35.69473959909196],[139.75960075674132,35.69474080824615],[139.75960246703136,35.69468339205234],[139.7595414742897,35.69468218289905]]]}},{"type":"Feature","properties":{"id":"building-1691550","sourceId":"1691550","floors":6,"areaSqm":284.0,"primaryUse":"restaurant","primaryUseBasis":"floor_unverified","placeCount":1,"placeIds":["osm-node-6934234285"],"placeNames":["おむすびさが"],"hasBookstore":false,"hasCafe":false,"hasRestaurant":true,"bookstoreEra":"unknown","oldestBookstoreYear":null,"mixedUse":false,"source":"東京都 令和3年度区部土地利用現況調査・建物現況","observedAt":"2021年度"},"geometry":{"type":"Polygon","coordinates":[[[139.75980411934975,35.694686760323705],[139.7597993358672,35.694842153513896],[139.75998132000908,35.69484577988343],[139.7599859926428,35.69469038661838],[139.75980411934975,35.694686760323705]]]}},{"type":"Feature","properties":{"id":"building-1691618","sourceId":"1691618","floors":8,"areaSqm":641.2,"primaryUse":"unclassified","primaryUseBasis":"no_place","placeCount":0,"placeIds":[],"placeNames":[],"hasBookstore":false,"hasCafe":false,"hasRestaurant":false,"bookstoreEra":"unknown","oldestBookstoreYear":null,"mixedUse":false,"source":"東京都 令和3年度区部土地利用現況調査・建物現況","observedAt":"2021年度"},"geometry":{"type":"Polygon","coordinates":[[[139.7554944996311,35.69428348216694],[139.75567923411168,35.69429802339024],[139.75568620243234,35.69417670353546],[139.75564666127073,35.69416000268621],[139.75561098238873,35.694148532261465],[139.75556436203325,35.69413957859308],[139.7555254705795,35.694136578941986],[139.75547950313808,35.69413799141342],[139.75543684599606,35.69414409313145],[139.75540026345865,35.694152902876034],[139.75537439764375,35.69416307160461],[139.75536187683005,35.69442590287089],[139.75542331050332,35.69442792565975],[139.75542184346347,35.694459382508555],[139.75548592897403,35.6944614971187],[139.7554944996311,35.69428348216694]]]}},{"type":"Feature","properties":{"id":"building-1691622","sourceId":"1691622","floors":23,"areaSqm":3926.7,"primaryUse":"cafe","primaryUseBasis":"floor_unverified","placeCount":3,"placeIds":["osm-node-3626203879","osm-node-6187350565","osm-node-6187350571"],"placeNames":["タリーズコーヒー","Bettola Sanbal","伊勢十"],"hasBookstore":false,"hasCafe":true,"hasRestaurant":true,"bookstoreEra":"unknown","oldestBookstoreYear":null,"mixedUse":true,"source":"東京都 令和3年度区部土地利用現況調査・建物現況","observedAt":"2021年度"},"geometry":{"type":"Polygon","coordinates":[[[139.76062853863075,35.69431301240752],[139.76077472219524,35.69431535403226],[139.76077518344522,35.69429408198688],[139.76078977513896,35.69428715023486],[139.7608029321025,35.69427832474037],[139.76081487426563,35.694268777416916],[139.76082759323913,35.694255534944595],[139.76083666879535,35.694239045346066],[139.76084309441532,35.69422039086392],[139.76084654089794,35.69419704746535],[139.7607747198775,35.694195922553256],[139.76077839492444,35.694042241240794],[139.75980317820822,35.694026776912416],[139.7597962823943,35.694316653179136],[139.75991495296017,35.69431852835295],[139.75991139202637,35.69446644093512],[139.7606246323103,35.69447769027783],[139.76062853863075,35.69431301240752]]]}},{"type":"Feature","properties":{"id":"building-1692804","sourceId":"1692804","floors":4,"areaSqm":186.4,"primaryUse":"unclassified","primaryUseBasis":"no_place","placeCount":0,"placeIds":[],"placeNames":[],"hasBookstore":false,"hasCafe":false,"hasRestaurant":false,"bookstoreEra":"unknown","oldestBookstoreYear":null,"mixedUse":false,"source":"東京都 令和3年度区部土地利用現況調査・建物現況","observedAt":"2021年度"},"geometry":{"type":"Polygon","coordinates":[[[139.7545471016086,35.69620034547202],[139.75454022043712,35.69625809079809],[139.7546809514415,35.69626444464435],[139.75467575637936,35.696343759944995],[139.7547823682906,35.69635078723057],[139.75478754414362,35.69629095410882],[139.75472869329298,35.69628813226591],[139.75473474449802,35.696206729949886],[139.7545471016086,35.69620034547202]]]}},{"type":"Feature","properties":{"id":"building-1692857","sourceId":"1692857","floors":5,"areaSqm":52.3,"primaryUse":"unclassified","primaryUseBasis":"no_place","placeCount":0,"placeIds":[],"placeNames":[],"hasBookstore":false,"hasCafe":false,"hasRestaurant":false,"bookstoreEra":"unknown","oldestBookstoreYear":null,"mixedUse":false,"source":"東京都 令和3年度区部土地利用現況調査・建物現況","observedAt":"2021年度"},"geometry":{"type":"Polygon","coordinates":[[[139.7574971453969,35.69787599619477],[139.75746737211088,35.697927355471066],[139.75755021731246,35.69795931612069],[139.75757999055736,35.69790795682412],[139.7574971453969,35.69787599619477]]]}},{"type":"Feature","properties":{"id":"building-1692860","sourceId":"1692860","floors":10,"areaSqm":651.7,"primaryUse":"unclassified","primaryUseBasis":"no_place","placeCount":0,"placeIds":[],"placeNames":[],"hasBookstore":false,"hasCafe":false,"hasRestaurant":false,"bookstoreEra":"unknown","oldestBookstoreYear":null,"mixedUse":false,"source":"東京都 令和3年度区部土地利用現況調査・建物現況","observedAt":"2021年度"},"geometry":{"type":"Polygon","coordinates":[[[139.75786245806472,35.69693997365153],[139.7576935626868,35.69722965783949],[139.7578791342748,35.69730161342615],[139.75803817893996,35.69702868828706],[139.75798990838828,35.69700990960455],[139.75799964809104,35.6969931502329],[139.75786245806472,35.69693997365153]]]}},{"type":"Feature","properties":{"id":"building-1692862","sourceId":"1692862","floors":11,"areaSqm":238.4,"primaryUse":"unclassified","primaryUseBasis":"no_place","placeCount":0,"placeIds":[],"placeNames":[],"hasBookstore":false,"hasCafe":false,"hasRestaurant":false,"bookstoreEra":"unknown","oldestBookstoreYear":null,"mixedUse":false,"source":"東京都 令和3年度区部土地利用現況調査・建物現況","observedAt":"2021年度"},"geometry":{"type":"Polygon","coordinates":[[[139.75827663565386,35.69667586101272],[139.75827209523604,35.696686494338906],[139.75803878452928,35.69661955716821],[139.75800845770004,35.69667289925572],[139.7583706861509,35.696776872974766],[139.75839914601892,35.696711000601965],[139.75827663565386,35.69667586101272]]]}},{"type":"Feature","properties":{"id":"building-1692864","sourceId":"1692864","floors":5,"areaSqm":156.3,"primaryUse":"unclassified","primaryUseBasis":"no_place","placeCount":0,"placeIds":[],"placeNames":[],"hasBookstore":false,"hasCafe":false,"hasRestaurant":false,"bookstoreEra":"unknown","oldestBookstoreYear":null,"mixedUse":false,"source":"東京都 令和3年度区部土地利用現況調査・建物現況","observedAt":"2021年度"},"geometry":{"type":"Polygon","coordinates":[[[139.7594326315488,35.69665682273791],[139.75942041025684,35.69667491563081],[139.75941375714976,35.696671291646524],[139.759330433692,35.696795228299905],[139.75941138966462,35.696832383808015],[139.75951581625355,35.69668311984785],[139.7594326315488,35.69665682273791]]]}},{"type":"Feature","properties":{"id":"building-1692867","sourceId":"1692867","floors":15,"areaSqm":1276.8,"primaryUse":"cafe","primaryUseBasis":"floor_unverified","placeCount":1,"placeIds":["osm-node-13083963801"],"placeNames":["Sendai Kaffee"],"hasBookstore":false,"hasCafe":true,"hasRestaurant":false,"bookstoreEra":"unknown","oldestBookstoreYear":null,"mixedUse":false,"source":"東京都 令和3年度区部土地利用現況調査・建物現況","observedAt":"2021年度"},"geometry":{"type":"Polygon","coordinates":[[[139.75363084811363,35.695956219351324],[139.7533869123959,35.695949099923055],[139.75337829556463,35.69603676228261],[139.75317700907226,35.69602688732068],[139.75315119680872,35.69625091178133],[139.75363565208013,35.696272106507195],[139.7536443074186,35.69614548066691],[139.75362042436916,35.69614546485407],[139.75363084811363,35.695956219351324]]]}},{"type":"Feature","properties":{"id":"building-1692872","sourceId":"1692872","floors":4,"areaSqm":22.3,"primaryUse":"unclassified","primaryUseBasis":"no_place","placeCount":0,"placeIds":[],"placeNames":[],"hasBookstore":false,"hasCafe":false,"hasRestaurant":false,"bookstoreEra":"unknown","oldestBookstoreYear":null,"mixedUse":false,"source":"東京都 令和3年度区部土地利用現況調査・建物現況","observedAt":"2021年度"},"geometry":{"type":"Polygon","coordinates":[[[139.75846167556358,35.69520328741389],[139.75846110507763,35.69522136492544],[139.75848218772572,35.6952215276638],[139.75848336918435,35.69526383417492],[139.7585132221185,35.69526385273347],[139.75851455626153,35.695205407864194],[139.75846167556358,35.69520328741389]]]}},{"type":"Feature","properties":{"id":"building-1692876","sourceId":"1692876","floors":9,"areaSqm":486.5,"primaryUse":"unclassified","primaryUseBasis":"no_place","placeCount":0,"placeIds":[],"placeNames":[],"hasBookstore":false,"hasCafe":false,"hasRestaurant":false,"bookstoreEra":"unknown","oldestBookstoreYear":null,"mixedUse":false,"source":"東京都 令和3年度区部土地利用現況調査・建物現況","observedAt":"2021年度"},"geometry":{"type":"Polygon","coordinates":[[[139.75442754283992,35.6943861908487],[139.75441404233212,35.694749725972244],[139.75449602520553,35.69475175188802],[139.7545001373836,35.694678146041],[139.75456303320428,35.694677806835486],[139.75457372841495,35.69438980372508],[139.75442754283992,35.6943861908487]]]}},{"type":"Feature","properties":{"id":"building-1694487","sourceId":"1694487","floors":2,"areaSqm":74.3,"primaryUse":"restaurant","primaryUseBasis":"floor_unverified","placeCount":1,"placeIds":["osm-node-4972920497"],"placeNames":["鶏ジロー"],"hasBookstore":false,"hasCafe":false,"hasRestaurant":true,"bookstoreEra":"unknown","oldestBookstoreYear":null,"mixedUse":false,"source":"東京都 令和3年度区部土地利用現況調査・建物現況","observedAt":"2021年度"},"geometry":{"type":"Polygon","coordinates":[[[139.75651215283224,35.69832740819015],[139.75649411097842,35.69835885445285],[139.7565684511027,35.69838720487051],[139.7565659054293,35.698391529818224],[139.7565839104678,35.69839848184069],[139.75658523855475,35.69839631940187],[139.75664963467312,35.69842358178594],[139.7566931836191,35.69841162131317],[139.75670115220947,35.698398556536],[139.75651215283224,35.69832740819015]]]}},{"type":"Feature","properties":{"id":"building-1694497","sourceId":"1694497","floors":2,"areaSqm":34.0,"primaryUse":"unclassified","primaryUseBasis":"no_place","placeCount":0,"placeIds":[],"placeNames":[],"hasBookstore":false,"hasCafe":false,"hasRestaurant":false,"bookstoreEra":"unknown","oldestBookstoreYear":null,"mixedUse":false,"source":"東京都 令和3年度区部土地利用現況調査・建物現況","observedAt":"2021年度"},"geometry":{"type":"Polygon","coordinates":[[[139.7566753316097,35.698244766543056],[139.7566578435516,35.698274951266825],[139.75674941509587,35.69831034322616],[139.7567670136282,35.698280158559506],[139.7566753316097,35.698244766543056]]]}},{"type":"Feature","properties":{"id":"building-1694503","sourceId":"1694503","floors":4,"areaSqm":62.7,"primaryUse":"unclassified","primaryUseBasis":"no_place","placeCount":0,"placeIds":[],"placeNames":[],"hasBookstore":false,"hasCafe":false,"hasRestaurant":false,"bookstoreEra":"unknown","oldestBookstoreYear":null,"mixedUse":false,"source":"東京都 令和3年度区部土地利用現況調査・建物現況","observedAt":"2021年度"},"geometry":{"type":"Polygon","coordinates":[[[139.75673111167805,35.69815322295979],[139.7566990115006,35.69821061973499],[139.7567890377851,35.6982441178058],[139.75682113791154,35.698186721006856],[139.75673111167805,35.69815322295979]]]}},{"type":"Feature","properties":{"id":"building-1694504","sourceId":"1694504","floors":2,"areaSqm":54.5,"primaryUse":"unclassified","primaryUseBasis":"no_place","placeCount":0,"placeIds":[],"placeNames":[],"hasBookstore":false,"hasCafe":false,"hasRestaurant":false,"bookstoreEra":"unknown","oldestBookstoreYear":null,"mixedUse":false,"source":"東京都 令和3年度区部土地利用現況調査・建物現況","observedAt":"2021年度"},"geometry":{"type":"Polygon","coordinates":[[[139.75739795660468,35.69818275969079],[139.7573648611874,35.698241417932344],[139.75744130077462,35.69827003954728],[139.7574742856469,35.6982113812153],[139.75739795660468,35.69818275969079]]]}},{"type":"Feature","properties":{"id":"building-1694505","sourceId":"1694505","floors":2,"areaSqm":96.0,"primaryUse":"unclassified","primaryUseBasis":"no_place","placeCount":0,"placeIds":[],"placeNames":[],"hasBookstore":false,"hasCafe":false,"hasRestaurant":false,"bookstoreEra":"unknown","oldestBookstoreYear":null,"mixedUse":false,"source":"東京都 令和3年度区部土地利用現況調査・建物現況","observedAt":"2021年度"},"geometry":{"type":"Polygon","coordinates":[[[139.75787853492488,35.69817243294997],[139.75784095827277,35.69824012023128],[139.75794972937544,35.698281825337],[139.7579916570795,35.69823101437375],[139.75798206469705,35.6982084741438],[139.75787853492488,35.69817243294997]]]}},{"type":"Feature","properties":{"id":"building-1694509","sourceId":"1694509","floors":2,"areaSqm":72.9,"primaryUse":"unclassified","primaryUseBasis":"no_place","placeCount":0,"placeIds":[],"placeNames":[],"hasBookstore":false,"hasCafe":false,"hasRestaurant":false,"bookstoreEra":"unknown","oldestBookstoreYear":null,"mixedUse":false,"source":"東京都 令和3年度区部土地利用現況調査・建物現況","observedAt":"2021年度"},"geometry":{"type":"Polygon","coordinates":[[[139.75622839899674,35.69810145546131],[139.7561572241479,35.698211715785696],[139.7561999715079,35.69822886919628],[139.75623661042363,35.698167924067626],[139.75629775079943,35.69814701809892],[139.75630649440714,35.69813242151594],[139.75622839899674,35.69810145546131]]]}},{"type":"Feature","properties":{"id":"building-1694510","sourceId":"1694510","floors":3,"areaSqm":88.1,"primaryUse":"unclassified","primaryUseBasis":"no_place","placeCount":0,"placeIds":[],"placeNames":[],"hasBookstore":false,"hasCafe":false,"hasRestaurant":false,"bookstoreEra":"unknown","oldestBookstoreYear":null,"mixedUse":false,"source":"東京都 令和3年度区部土地利用現況調査・建物現況","observedAt":"2021年度"},"geometry":{"type":"Polygon","coordinates":[[[139.75670319796868,35.69799276150358],[139.756684605056,35.698022855392274],[139.7566851520388,35.69802862450249],[139.75668702640982,35.698032952267404],[139.75669829247568,35.69803818738083],[139.75686641460786,35.69810102958204],[139.75688844176764,35.69806174388235],[139.75670319796868,35.69799276150358]]]}},{"type":"Feature","properties":{"id":"building-1694521","sourceId":"1694521","floors":4,"areaSqm":42.7,"primaryUse":"retail","primaryUseBasis":"floor_unverified","placeCount":1,"placeIds":["osm-node-6768292064"],"placeNames":["てもみん"],"hasBookstore":false,"hasCafe":false,"hasRestaurant":false,"bookstoreEra":"unknown","oldestBookstoreYear":null,"mixedUse":false,"source":"東京都 令和3年度区部土地利用現況調査・建物現況","observedAt":"2021年度"},"geometry":{"type":"Polygon","coordinates":[[[139.7572861334539,35.6979459895857],[139.75726953106562,35.69797473276904],[139.75739048519526,35.69802122964487],[139.75740708754986,35.697992486445045],[139.7572861334539,35.6979459895857]]]}},{"type":"Feature","properties":{"id":"building-1694522","sourceId":"1694522","floors":5,"areaSqm":60.3,"primaryUse":"unclassified","primaryUseBasis":"no_place","placeCount":0,"placeIds":[],"placeNames":[],"hasBookstore":false,"hasCafe":false,"hasRestaurant":false,"bookstoreEra":"unknown","oldestBookstoreYear":null,"mixedUse":false,"source":"東京都 令和3年度区部土地利用現況調査・建物現況","observedAt":"2021年度"},"geometry":{"type":"Polygon","coordinates":[[[139.757249937785,35.698011225833454],[139.7572128594218,35.69807501932093],[139.757289739772,35.69810472295434],[139.7573268180878,35.698040929443444],[139.757249937785,35.698011225833454]]]}},{"type":"Feature","properties":{"id":"building-1694532","sourceId":"1694532","floors":4,"areaSqm":34.8,"primaryUse":"unclassified","primaryUseBasis":"no_place","placeCount":0,"placeIds":[],"placeNames":[],"hasBookstore":false,"hasCafe":false,"hasRestaurant":false,"bookstoreEra":"unknown","oldestBookstoreYear":null,"mixedUse":false,"source":"東京都 令和3年度区部土地利用現況調査・建物現況","observedAt":"2021年度"},"geometry":{"type":"Polygon","coordinates":[[[139.75651642036254,35.69791034746125],[139.75649007766032,35.69795575964855],[139.75649537200246,35.69796585836162],[139.75654121280218,35.6979835544477],[139.7565714293094,35.69793156472561],[139.75651642036254,35.69791034746125]]]}},{"type":"Feature","properties":{"id":"building-1694533","sourceId":"1694533","floors":3,"areaSqm":86.0,"primaryUse":"unclassified","primaryUseBasis":"no_place","placeCount":0,"placeIds":[],"placeNames":[],"hasBookstore":false,"hasCafe":false,"hasRestaurant":false,"bookstoreEra":"unknown","oldestBookstoreYear":null,"mixedUse":false,"source":"東京都 令和3年度区部土地利用現況調査・建物現況","observedAt":"2021年度"},"geometry":{"type":"Polygon","coordinates":[[[139.75676629455657,35.69787643490804],[139.7567430491244,35.697918604192445],[139.75693304362457,35.69798831062124],[139.75695285744325,35.69795244870663],[139.7568121289067,35.697900891155136],[139.75681567103598,35.69789449368639],[139.75676629455657,35.69787643490804]]]}},{"type":"Feature","properties":{"id":"building-1694538","sourceId":"1694538","floors":3,"areaSqm":70.6,"primaryUse":"retail","primaryUseBasis":"floor_unverified","placeCount":1,"placeIds":["osm-node-3888633854"],"placeNames":["レコード社"],"hasBookstore":false,"hasCafe":false,"hasRestaurant":false,"bookstoreEra":"unknown","oldestBookstoreYear":null,"mixedUse":false,"source":"東京都 令和3年度区部土地利用現況調査・建物現況","observedAt":"2021年度"},"geometry":{"type":"Polygon","coordinates":[[[139.75688051972938,35.69779457306006],[139.7568559463108,35.69783890480924],[139.75698761664944,35.69788739191045],[139.7570121900101,35.69784306013468],[139.75688051972938,35.69779457306006]]]}},{"type":"Feature","properties":{"id":"building-1694547","sourceId":"1694547","floors":3,"areaSqm":154.8,"primaryUse":"unclassified","primaryUseBasis":"no_place","placeCount":0,"placeIds":[],"placeNames":[],"hasBookstore":false,"hasCafe":false,"hasRestaurant":false,"bookstoreEra":"unknown","oldestBookstoreYear":null,"mixedUse":false,"source":"東京都 令和3年度区部土地利用現況調査・建物現況","observedAt":"2021年度"},"geometry":{"type":"Polygon","coordinates":[[[139.75691194148274,35.69763721396817],[139.75687452894235,35.6977037112505],[139.75687507800168,35.69770731707565],[139.75687783878635,35.69770912156736],[139.75704617965323,35.697773766397724],[139.7570510417527,35.69777367934205],[139.75705546425442,35.69777106817417],[139.75708955643597,35.69771006708479],[139.75708978121168,35.697706101203124],[139.75708658005178,35.69770258383602],[139.75691194148274,35.69763721396817]]]}},{"type":"Feature","properties":{"id":"building-1694555","sourceId":"1694555","floors":3,"areaSqm":40.4,"primaryUse":"restaurant","primaryUseBasis":"floor_unverified","placeCount":1,"placeIds":["osm-node-6768292058"],"placeNames":["座楽"],"hasBookstore":false,"hasCafe":false,"hasRestaurant":true,"bookstoreEra":"unknown","oldestBookstoreYear":null,"mixedUse":false,"source":"東京都 令和3年度区部土地利用現況調査・建物現況","observedAt":"2021年度"},"geometry":{"type":"Polygon","coordinates":[[[139.7570778374619,35.697484176560934],[139.75706200816543,35.69751337089218],[139.7571773306909,35.697554906886694],[139.75719315986794,35.697525802677326],[139.7570778374619,35.697484176560934]]]}},{"type":"Feature","properties":{"id":"building-1694556","sourceId":"1694556","floors":2,"areaSqm":48.5,"primaryUse":"bookstore","primaryUseBasis":"floor_unverified","placeCount":3,"placeIds":["osm-node-6768292054","osm-node-6768292056","osm-node-13744846710"],"placeNames":["文化堂","誠心堂書店","Kissako"],"hasBookstore":true,"hasCafe":true,"hasRestaurant":false,"bookstoreEra":"unknown","oldestBookstoreYear":null,"mixedUse":true,"source":"東京都 令和3年度区部土地利用現況調査・建物現況","observedAt":"2021年度"},"geometry":{"type":"Polygon","coordinates":[[[139.75704887609606,35.6975113101533],[139.75703736392464,35.69753248503173],[139.75702543404907,35.697528150897945],[139.75701558228906,35.697546262171755],[139.75705402306806,35.69756016762155],[139.75705778667796,35.69755322946418],[139.75707700707116,35.69756018218387],[139.75708010647767,35.69755450552181],[139.7571612973147,35.6975837612854],[139.7571757981035,35.6975571800714],[139.75704887609606,35.6975113101533]]]}},{"type":"Feature","properties":{"id":"building-1694558","sourceId":"1694558","floors":2,"areaSqm":22.8,"primaryUse":"unclassified","primaryUseBasis":"no_place","placeCount":0,"placeIds":[],"placeNames":[],"hasBookstore":false,"hasCafe":false,"hasRestaurant":false,"bookstoreEra":"unknown","oldestBookstoreYear":null,"mixedUse":false,"source":"東京都 令和3年度区部土地利用現況調査・建物現況","observedAt":"2021年度"},"geometry":{"type":"Polygon","coordinates":[[[139.75699497060356,35.6974907247639],[139.75696873905653,35.69753703849899],[139.7570091676205,35.6975522071409],[139.75703528966838,35.69750598346462],[139.75699497060356,35.6974907247639]]]}},{"type":"Feature","properties":{"id":"building-1694559","sourceId":"1694559","floors":3,"areaSqm":99.8,"primaryUse":"restaurant","primaryUseBasis":"floor_unverified","placeCount":1,"placeIds":["osm-node-6299113388"],"placeNames":["もり一 神保町店"],"hasBookstore":false,"hasCafe":false,"hasRestaurant":true,"bookstoreEra":"unknown","oldestBookstoreYear":null,"mixedUse":false,"source":"東京都 令和3年度区部土地利用現況調査・建物現況","observedAt":"2021年度"},"geometry":{"type":"Polygon","coordinates":[[[139.75703822654944,35.697422678086426],[139.75700003994183,35.69748998615183],[139.7570580315406,35.69751192618186],[139.757076734694,35.6974818323026],[139.75719426606716,35.69752454146023],[139.75721463155384,35.69748931080696],[139.75703822654944,35.697422678086426]]]}},{"type":"Feature","properties":{"id":"building-1694564","sourceId":"1694564","floors":2,"areaSqm":29.1,"primaryUse":"unclassified","primaryUseBasis":"no_place","placeCount":0,"placeIds":[],"placeNames":[],"hasBookstore":false,"hasCafe":false,"hasRestaurant":false,"bookstoreEra":"unknown","oldestBookstoreYear":null,"mixedUse":false,"source":"東京都 令和3年度区部土地利用現況調査・建物現況","observedAt":"2021年度"},"geometry":{"type":"Polygon","coordinates":[[[139.75931662305314,35.697303948086216],[139.7593029024332,35.69732413031835],[139.75941280379456,35.697373863298374],[139.7594265243122,35.697353771190706],[139.75931662305314,35.697303948086216]]]}},{"type":"Feature","properties":{"id":"building-1694566","sourceId":"1694566","floors":3,"areaSqm":233.1,"primaryUse":"retail","primaryUseBasis":"floor_unverified","placeCount":2,"placeIds":["osm-node-3777876588","osm-node-6784908474"],"placeNames":["ローソン","五島人"],"hasBookstore":false,"hasCafe":false,"hasRestaurant":true,"bookstoreEra":"unknown","oldestBookstoreYear":null,"mixedUse":true,"source":"東京都 令和3年度区部土地利用現況調査・建物現況","observedAt":"2021年度"},"geometry":{"type":"Polygon","coordinates":[[[139.75723996756037,35.697223513061914],[139.7572258003221,35.69724802134697],[139.75714936255835,35.69721858835985],[139.75709590342728,35.69731085471714],[139.75727462667456,35.69737965210502],[139.75734214236033,35.69726287730252],[139.75723996756037,35.697223513061914]]]}},{"type":"Feature","properties":{"id":"building-1694568","sourceId":"1694568","floors":2,"areaSqm":53.9,"primaryUse":"restaurant","primaryUseBasis":"floor_unverified","placeCount":1,"placeIds":["osm-node-6784908472"],"placeNames":["神保町食肉センター"],"hasBookstore":false,"hasCafe":false,"hasRestaurant":true,"bookstoreEra":"unknown","oldestBookstoreYear":null,"mixedUse":false,"source":"東京都 令和3年度区部土地利用現況調査・建物現況","observedAt":"2021年度"},"geometry":{"type":"Polygon","coordinates":[[[139.75723596165454,35.6971819520023],[139.7572051959397,35.69723588219861],[139.7572238406987,35.69724269572029],[139.75723612742343,35.69722031347792],[139.7573460256113,35.697261404212554],[139.75736316095748,35.69722977697015],[139.75723596165454,35.6971819520023]]]}},{"type":"Feature","properties":{"id":"building-1694569","sourceId":"1694569","floors":3,"areaSqm":94.8,"primaryUse":"retail","primaryUseBasis":"floor_unverified","placeCount":1,"placeIds":["osm-node-6784918731"],"placeNames":["れんず屋"],"hasBookstore":false,"hasCafe":false,"hasRestaurant":false,"bookstoreEra":"unknown","oldestBookstoreYear":null,"mixedUse":false,"source":"東京都 令和3年度区部土地利用現況調査・建物現況","observedAt":"2021年度"},"geometry":{"type":"Polygon","coordinates":[[[139.75727572473073,35.69703785360717],[139.7572486060831,35.69708660054323],[139.7574092158512,35.69714610218084],[139.75743633442139,35.697097355208996],[139.75727572473073,35.69703785360717]]]}},{"type":"Feature","properties":{"id":"building-1694570","sourceId":"1694570","floors":2,"areaSqm":168.4,"primaryUse":"retail","primaryUseBasis":"floor_unverified","placeCount":2,"placeIds":["osm-node-6784918729","osm-node-6784918730"],"placeNames":["キャンドゥ","タクト"],"hasBookstore":false,"hasCafe":false,"hasRestaurant":false,"bookstoreEra":"unknown","oldestBookstoreYear":null,"mixedUse":true,"source":"東京都 令和3年度区部土地利用現況調査・建物現況","observedAt":"2021年度"},"geometry":{"type":"Polygon","coordinates":[[[139.75749100216152,35.69699078743318],[139.7573513079016,35.696937145387864],[139.75729061365243,35.69703876708688],[139.75737218501274,35.6970694561279],[139.75737780762748,35.69705970686111],[139.75743790848037,35.69708278376566],[139.75749100216152,35.69699078743318]]]}},{"type":"Feature","properties":{"id":"building-1694572","sourceId":"1694572","floors":2,"areaSqm":26.8,"primaryUse":"unclassified","primaryUseBasis":"no_place","placeCount":0,"placeIds":[],"placeNames":[],"hasBookstore":false,"hasCafe":false,"hasRestaurant":false,"bookstoreEra":"unknown","oldestBookstoreYear":null,"mixedUse":false,"source":"東京都 令和3年度区部土地利用現況調査・建物現況","observedAt":"2021年度"},"geometry":{"type":"Polygon","coordinates":[[[139.75923509036335,35.697047638663655],[139.75920421434014,35.69709809632947],[139.75924640918035,35.69711533845808],[139.759277395683,35.69706488084955],[139.75923509036335,35.697047638663655]]]}},{"type":"Feature","properties":{"id":"building-1694575","sourceId":"1694575","floors":2,"areaSqm":70.8,"primaryUse":"cafe","primaryUseBasis":"floor_unverified","placeCount":1,"placeIds":["osm-node-3632300630"],"placeNames":["ドトールコーヒーショップ"],"hasBookstore":false,"hasCafe":true,"hasRestaurant":false,"bookstoreEra":"unknown","oldestBookstoreYear":null,"mixedUse":false,"source":"東京都 令和3年度区部土地利用現況調査・建物現況","observedAt":"2021年度"},"geometry":{"type":"Polygon","coordinates":[[[139.757423848494,35.69686362229941],[139.7573968398966,35.696913000298224],[139.75751569582923,35.696956521213515],[139.7575427044534,35.69690705305146],[139.757423848494,35.69686362229941]]]}},{"type":"Feature","properties":{"id":"building-1694578","sourceId":"1694578","floors":2,"areaSqm":24.9,"primaryUse":"unclassified","primaryUseBasis":"no_place","placeCount":0,"placeIds":[],"placeNames":[],"hasBookstore":false,"hasCafe":false,"hasRestaurant":false,"bookstoreEra":"unknown","oldestBookstoreYear":null,"mixedUse":false,"source":"東京都 令和3年度区部土地利用現況調査・建物現況","observedAt":"2021年度"},"geometry":{"type":"Polygon","coordinates":[[[139.75621393020936,35.69681472012419],[139.75619666216033,35.69684607670917],[139.7562624964241,35.696870185435834],[139.75627976453927,35.69683873870465],[139.75621393020936,35.69681472012419]]]}},{"type":"Feature","properties":{"id":"building-1694579","sourceId":"1694579","floors":1,"areaSqm":162.6,"primaryUse":"unclassified","primaryUseBasis":"no_place","placeCount":0,"placeIds":[],"placeNames":[],"hasBookstore":false,"hasCafe":false,"hasRestaurant":false,"bookstoreEra":"unknown","oldestBookstoreYear":null,"mixedUse":false,"source":"東京都 令和3年度区部土地利用現況調査・建物現況","observedAt":"2021年度"},"geometry":{"type":"Polygon","coordinates":[[[139.75906428488264,35.69672940865047],[139.75915801092282,35.6967750360647],[139.75919153304582,35.696729627705665],[139.75903303428288,35.69665597824713],[139.75894594837902,35.696789958072294],[139.75900554098104,35.696815637937014],[139.75906428488264,35.69672940865047]]]}},{"type":"Feature","properties":{"id":"building-1694580","sourceId":"1694580","floors":4,"areaSqm":53.1,"primaryUse":"unclassified","primaryUseBasis":"no_place","placeCount":0,"placeIds":[],"placeNames":[],"hasBookstore":false,"hasCafe":false,"hasRestaurant":false,"bookstoreEra":"unknown","oldestBookstoreYear":null,"mixedUse":false,"source":"東京都 令和3年度区部土地利用現況調査・建物現況","observedAt":"2021年度"},"geometry":{"type":"Polygon","coordinates":[[[139.75720364188427,35.69672827784939],[139.75717899343823,35.696735833760094],[139.75715607962348,35.69677845402701],[139.75723538968646,35.696808159238344],[139.75726693522304,35.6967520238726],[139.75720364188427,35.69672827784939]]]}},{"type":"Feature","properties":{"id":"building-1694581","sourceId":"1694581","floors":3,"areaSqm":48.9,"primaryUse":"unclassified","primaryUseBasis":"no_place","placeCount":0,"placeIds":[],"placeNames":[],"hasBookstore":false,"hasCafe":false,"hasRestaurant":false,"bookstoreEra":"unknown","oldestBookstoreYear":null,"mixedUse":false,"source":"東京都 令和3年度区部土地利用現況調査・建物現況","observedAt":"2021年度"},"geometry":{"type":"Polygon","coordinates":[[[139.75753373202818,35.69669675795846],[139.75751270201357,35.69673397126435],[139.7576206210756,35.6967746008064],[139.75764176154965,35.696737387551345],[139.75753373202818,35.69669675795846]]]}},{"type":"Feature","properties":{"id":"building-1694582","sourceId":"1694582","floors":5,"areaSqm":38.3,"primaryUse":"retail","primaryUseBasis":"floor_unverified","placeCount":1,"placeIds":["osm-node-6823038535"],"placeNames":["HOMME HAIR Zero"],"hasBookstore":false,"hasCafe":false,"hasRestaurant":false,"bookstoreEra":"unknown","oldestBookstoreYear":null,"mixedUse":false,"source":"東京都 令和3年度区部土地利用現況調査・建物現況","observedAt":"2021年度"},"geometry":{"type":"Polygon","coordinates":[[[139.7579589805986,35.69676228411556],[139.75794027599358,35.696794451284134],[139.75803714850326,35.69683182860417],[139.75805585316286,35.69679957128381],[139.7579589805986,35.69676228411556]]]}},{"type":"Feature","properties":{"id":"building-1694583","sourceId":"1694583","floors":2,"areaSqm":39.8,"primaryUse":"restaurant","primaryUseBasis":"floor_unverified","placeCount":1,"placeIds":["osm-node-6784908475"],"placeNames":["大金星"],"hasBookstore":false,"hasCafe":false,"hasRestaurant":true,"bookstoreEra":"unknown","oldestBookstoreYear":null,"mixedUse":false,"source":"東京都 令和3年度区部土地利用現況調査・建物現況","observedAt":"2021年度"},"geometry":{"type":"Polygon","coordinates":[[[139.75797846122458,35.69672741332189],[139.7579599772941,35.696759941179565],[139.758060164232,35.696797861378116],[139.75807864813063,35.69676533350522],[139.75797846122458,35.69672741332189]]]}},{"type":"Feature","properties":{"id":"building-1694584","sourceId":"1694584","floors":4,"areaSqm":38.3,"primaryUse":"unclassified","primaryUseBasis":"no_place","placeCount":0,"placeIds":[],"placeNames":[],"hasBookstore":false,"hasCafe":false,"hasRestaurant":false,"bookstoreEra":"unknown","oldestBookstoreYear":null,"mixedUse":false,"source":"東京都 令和3年度区部土地利用現況調査・建物現況","observedAt":"2021年度"},"geometry":{"type":"Polygon","coordinates":[[[139.75799937764006,35.696693264518856],[139.75798034131645,35.69672570189722],[139.75807610877263,35.69676307849457],[139.7580951450664,35.69673064110118],[139.75799937764006,35.696693264518856]]]}},{"type":"Feature","properties":{"id":"building-1694589","sourceId":"1694589","floors":3,"areaSqm":57.0,"primaryUse":"unclassified","primaryUseBasis":"no_place","placeCount":0,"placeIds":[],"placeNames":[],"hasBookstore":false,"hasCafe":false,"hasRestaurant":false,"bookstoreEra":"unknown","oldestBookstoreYear":null,"mixedUse":false,"source":"東京都 令和3年度区部土地利用現況調査・建物現況","observedAt":"2021年度"},"geometry":{"type":"Polygon","coordinates":[[[139.75755458792653,35.6966099692295],[139.757534885209,35.69664583132148],[139.75766666466922,35.696694137483505],[139.75768636725456,35.69665836550705],[139.75755458792653,35.6966099692295]]]}},{"type":"Feature","properties":{"id":"building-1694590","sourceId":"1694590","floors":2,"areaSqm":42.1,"primaryUse":"restaurant","primaryUseBasis":"floor_unverified","placeCount":1,"placeIds":["osm-node-3606951992"],"placeNames":["魚百"],"hasBookstore":false,"hasCafe":false,"hasRestaurant":true,"bookstoreEra":"unknown","oldestBookstoreYear":null,"mixedUse":false,"source":"東京都 令和3年度区部土地利用現況調査・建物現況","observedAt":"2021年度"},"geometry":{"type":"Polygon","coordinates":[[[139.7597691144381,35.69660676398128],[139.75973194573743,35.696652711094316],[139.7597314884198,35.69666938614628],[139.7597888986694,35.69668441100602],[139.75982308637248,35.696635752539216],[139.7597691144381,35.69660676398128]]]}},{"type":"Feature","properties":{"id":"building-1694597","sourceId":"1694597","floors":3,"areaSqm":93.1,"primaryUse":"unclassified","primaryUseBasis":"no_place","placeCount":0,"placeIds":[],"placeNames":[],"hasBookstore":false,"hasCafe":false,"hasRestaurant":false,"bookstoreEra":"unknown","oldestBookstoreYear":null,"mixedUse":false,"source":"東京都 令和3年度区部土地利用現況調査・建物現況","observedAt":"2021年度"},"geometry":{"type":"Polygon","coordinates":[[[139.75757893992412,35.696565276641124],[139.75755547515655,35.6966065445848],[139.75768725447952,35.6966549408614],[139.75772909473437,35.6965789817178],[139.75757893992412,35.696565276641124]]]}},{"type":"Feature","properties":{"id":"building-1694598","sourceId":"1694598","floors":8,"areaSqm":65.8,"primaryUse":"cafe","primaryUseBasis":"floor_unverified","placeCount":2,"placeIds":["osm-node-5252152108","osm-node-5252152109"],"placeNames":["avocafe","神保町KACCI"],"hasBookstore":false,"hasCafe":true,"hasRestaurant":true,"bookstoreEra":"unknown","oldestBookstoreYear":null,"mixedUse":true,"source":"東京都 令和3年度区部土地利用現況調査・建物現況","observedAt":"2021年度"},"geometry":{"type":"Polygon","coordinates":[[[139.75989154256155,35.69647188572638],[139.75986366667516,35.696504858832505],[139.7599980740273,35.69658074594823],[139.76002606038352,35.69654777287866],[139.75989154256155,35.69647188572638]]]}},{"type":"Feature","properties":{"id":"building-1694603","sourceId":"1694603","floors":4,"areaSqm":54.6,"primaryUse":"retail","primaryUseBasis":"floor_unverified","placeCount":1,"placeIds":["osm-node-4018941183"],"placeNames":["ギャラリーかわまつ"],"hasBookstore":false,"hasCafe":false,"hasRestaurant":false,"bookstoreEra":"unknown","oldestBookstoreYear":null,"mixedUse":false,"source":"東京都 令和3年度区部土地利用現況調査・建物現況","observedAt":"2021年度"},"geometry":{"type":"Polygon","coordinates":[[[139.75712317435853,35.69652154296033],[139.7571222445737,35.69656967549095],[139.75718885015291,35.696596127760536],[139.7572168508605,35.69654927426711],[139.75721742845005,35.69652286451252],[139.75712317435853,35.69652154296033]]]}},{"type":"Feature","properties":{"id":"building-1694604","sourceId":"1694604","floors":2,"areaSqm":57.6,"primaryUse":"restaurant","primaryUseBasis":"floor_unverified","placeCount":1,"placeIds":["osm-node-11597928417"],"placeNames":["横浜家系ラーメン 麺家福増"],"hasBookstore":false,"hasCafe":false,"hasRestaurant":true,"bookstoreEra":"unknown","oldestBookstoreYear":null,"mixedUse":false,"source":"東京都 令和3年度区部土地利用現況調査・建物現況","observedAt":"2021年度"},"geometry":{"type":"Polygon","coordinates":[[[139.7575955477039,35.69653040410041],[139.75758281197972,35.696560411683706],[139.75773009117913,35.69657690919429],[139.75775045423237,35.69654375159235],[139.7577212937445,35.69653192534174],[139.7575955477039,35.69653040410041]]]}},{"type":"Feature","properties":{"id":"building-1694608","sourceId":"1694608","floors":2,"areaSqm":43.8,"primaryUse":"retail","primaryUseBasis":"floor_unverified","placeCount":2,"placeIds":["osm-node-6784811574","osm-node-6784840891"],"placeNames":["みんなのてもみ","Vanfu"],"hasBookstore":false,"hasCafe":false,"hasRestaurant":false,"bookstoreEra":"unknown","oldestBookstoreYear":null,"mixedUse":true,"source":"東京都 令和3年度区部土地利用現況調査・建物現況","observedAt":"2021年度"},"geometry":{"type":"Polygon","coordinates":[[[139.75770884056297,35.69635400795171],[139.75770583386304,35.69639266939773],[139.75781756138034,35.69640406885024],[139.75782929156762,35.69636925360805],[139.75770884056297,35.69635400795171]]]}},{"type":"Feature","properties":{"id":"building-1694609","sourceId":"1694609","floors":2,"areaSqm":54.9,"primaryUse":"restaurant","primaryUseBasis":"floor_unverified","placeCount":1,"placeIds":["osm-node-6823038546"],"placeNames":["炒飯屋"],"hasBookstore":false,"hasCafe":false,"hasRestaurant":true,"bookstoreEra":"unknown","oldestBookstoreYear":null,"mixedUse":false,"source":"東京都 令和3年度区部土地利用現況調査・建物現況","observedAt":"2021年度"},"geometry":{"type":"Polygon","coordinates":[[[139.75770528912406,35.6963996717936],[139.75770095469016,35.69645539802983],[139.7577992413993,35.69645843426173],[139.75781534632097,35.6964106393442],[139.75770528912406,35.6963996717936]]]}},{"type":"Feature","properties":{"id":"building-1694616","sourceId":"1694616","floors":5,"areaSqm":25.2,"primaryUse":"unclassified","primaryUseBasis":"no_place","placeCount":0,"placeIds":[],"placeNames":[],"hasBookstore":false,"hasCafe":false,"hasRestaurant":false,"bookstoreEra":"unknown","oldestBookstoreYear":null,"mixedUse":false,"source":"東京都 令和3年度区部土地利用現況調査・建物現況","observedAt":"2021年度"},"geometry":{"type":"Polygon","coordinates":[[[139.75532306312164,35.69627179220482],[139.7553034689338,35.696308735646525],[139.75536057689231,35.69632896332338],[139.75538028146934,35.6962921100809],[139.75532306312164,35.69627179220482]]]}},{"type":"Feature","properties":{"id":"building-1694617","sourceId":"1694617","floors":2,"areaSqm":77.5,"primaryUse":"unclassified","primaryUseBasis":"no_place","placeCount":0,"placeIds":[],"placeNames":[],"hasBookstore":false,"hasCafe":false,"hasRestaurant":false,"bookstoreEra":"unknown","oldestBookstoreYear":null,"mixedUse":false,"source":"東京都 令和3年度区部土地利用現況調査・建物現況","observedAt":"2021年度"},"geometry":{"type":"Polygon","coordinates":[[[139.7569811743881,35.696299355582575],[139.75697956975966,35.69635983644525],[139.75710708272138,35.696362170681155],[139.75710868733938,35.69630159967982],[139.7569811743881,35.696299355582575]]]}},{"type":"Feature","properties":{"id":"building-1694618","sourceId":"1694618","floors":2,"areaSqm":45.7,"primaryUse":"unclassified","primaryUseBasis":"no_place","placeCount":0,"placeIds":[],"placeNames":[],"hasBookstore":false,"hasCafe":false,"hasRestaurant":false,"bookstoreEra":"unknown","oldestBookstoreYear":null,"mixedUse":false,"source":"東京都 令和3年度区部土地利用現況調査・建物現況","observedAt":"2021年度"},"geometry":{"type":"Polygon","coordinates":[[[139.7578811338261,35.69623466390244],[139.75782179969792,35.69623102121991],[139.75782291037282,35.69622498274213],[139.75780191860943,35.696221904916804],[139.75780170415769,35.696214964238415],[139.75778844556854,35.6962136940014],[139.7577864123103,35.696260654067245],[139.75776718612954,35.69626010117802],[139.75776518678714,35.69627109662864],[139.75786396261574,35.69628134406925],[139.7578811338261,35.69623466390244]]]}},{"type":"Feature","properties":{"id":"building-1694619","sourceId":"1694619","floors":2,"areaSqm":71.8,"primaryUse":"unclassified","primaryUseBasis":"no_place","placeCount":0,"placeIds":[],"placeNames":[],"hasBookstore":false,"hasCafe":false,"hasRestaurant":false,"bookstoreEra":"unknown","oldestBookstoreYear":null,"mixedUse":false,"source":"東京都 令和3年度区部土地利用現況調査・建物現況","observedAt":"2021年度"},"geometry":{"type":"Polygon","coordinates":[[[139.75833192111557,35.69628334914449],[139.75832640879142,35.69638790455033],[139.75839469461067,35.696390290640174],[139.75840009634763,35.69628573516234],[139.75833192111557,35.69628334914449]]]}},{"type":"Feature","properties":{"id":"building-1694620","sourceId":"1694620","floors":5,"areaSqm":144.5,"primaryUse":"cafe","primaryUseBasis":"confirmed_ground_floor","placeCount":1,"placeIds":["osm-node-3163990965"],"placeNames":["カフェ・ベローチェ"],"hasBookstore":false,"hasCafe":true,"hasRestaurant":false,"bookstoreEra":"unknown","oldestBookstoreYear":null,"mixedUse":false,"source":"東京都 令和3年度区部土地利用現況調査・建物現況","observedAt":"2021年度"},"geometry":{"type":"Polygon","coordinates":[[[139.75892995007723,35.69627037999796],[139.7589272179074,35.69635672949021],[139.75899539405677,35.69635821380219],[139.75899527979405,35.69636226989355],[139.75906588691356,35.69636375566682],[139.75911536253363,35.69627437034432],[139.75892995007723,35.69627037999796]]]}},{"type":"Feature","properties":{"id":"building-1694625","sourceId":"1694625","floors":2,"areaSqm":84.6,"primaryUse":"bookstore","primaryUseBasis":"floor_unverified","placeCount":1,"placeIds":["osm-node-3163997161"],"placeNames":["姉川書店 にゃんこ堂"],"hasBookstore":true,"hasCafe":false,"hasRestaurant":false,"bookstoreEra":"unknown","oldestBookstoreYear":null,"mixedUse":false,"source":"東京都 令和3年度区部土地利用現況調査・建物現況","observedAt":"2021年度"},"geometry":{"type":"Polygon","coordinates":[[[139.7578197137122,35.69609951012518],[139.7578166184085,35.69610095037439],[139.75780313799203,35.69610058136916],[139.75779797637492,35.69618404493127],[139.7578060423976,35.696184410540084],[139.75780523703915,35.69621821138469],[139.7578264514974,35.696219486610474],[139.75782644444513,35.69622696797147],[139.75788179876804,35.69623259116978],[139.7578977528653,35.69618762283909],[139.7578197137122,35.69609951012518]]]}},{"type":"Feature","properties":{"id":"building-1694626","sourceId":"1694626","floors":7,"areaSqm":61.2,"primaryUse":"restaurant","primaryUseBasis":"floor_unverified","placeCount":3,"placeIds":["osm-node-3343070914","osm-node-6934233785","osm-node-7592937686"],"placeNames":["豚ちゃん","どんぶり丸福","豚大学 神保町校舎"],"hasBookstore":false,"hasCafe":false,"hasRestaurant":true,"bookstoreEra":"unknown","oldestBookstoreYear":null,"mixedUse":true,"source":"東京都 令和3年度区部土地利用現況調査・建物現況","observedAt":"2021年度"},"geometry":{"type":"Polygon","coordinates":[[[139.75888770883557,35.69618472379502],[139.75889665901593,35.69618490960369],[139.75889836624162,35.696131369320284],[139.7588463225829,35.69613034562165],[139.75884211319703,35.69626041061246],[139.75888531716578,35.69626133870938],[139.75888770883557,35.69618472379502]]]}},{"type":"Feature","properties":{"id":"building-1694629","sourceId":"1694629","floors":4,"areaSqm":43.9,"primaryUse":"unclassified","primaryUseBasis":"no_place","placeCount":0,"placeIds":[],"placeNames":[],"hasBookstore":false,"hasCafe":false,"hasRestaurant":false,"bookstoreEra":"unknown","oldestBookstoreYear":null,"mixedUse":false,"source":"東京都 令和3年度区部土地利用現況調査・建物現況","observedAt":"2021年度"},"geometry":{"type":"Polygon","coordinates":[[[139.75596364461535,35.6961337553022],[139.755990826525,35.69613440372823],[139.75599388220624,35.69605959203672],[139.7559463693104,35.69605829958437],[139.75594172794527,35.69617313105328],[139.7559619485749,35.69617368487322],[139.75596364461535,35.6961337553022]]]}},{"type":"Feature","properties":{"id":"building-1694630","sourceId":"1694630","floors":2,"areaSqm":62.2,"primaryUse":"unclassified","primaryUseBasis":"no_place","placeCount":0,"placeIds":[],"placeNames":[],"hasBookstore":false,"hasCafe":false,"hasRestaurant":false,"bookstoreEra":"unknown","oldestBookstoreYear":null,"mixedUse":false,"source":"東京都 令和3年度区部土地利用現況調査・建物現況","observedAt":"2021年度"},"geometry":{"type":"Polygon","coordinates":[[[139.75685575240078,35.69607455918366],[139.7568358214258,35.69607502514666],[139.7568152330028,35.69607778827891],[139.7568129115597,35.696101952515285],[139.7567996451833,35.69610192965958],[139.7567796168485,35.696140669496096],[139.75677858621188,35.6961761854964],[139.75685061573964,35.69617830172796],[139.75685575240078,35.69607455918366]]]}},{"type":"Feature","properties":{"id":"building-1694631","sourceId":"1694631","floors":8,"areaSqm":127.8,"primaryUse":"restaurant","primaryUseBasis":"floor_unverified","placeCount":1,"placeIds":["osm-node-4018943525"],"placeNames":["新世界菜館"],"hasBookstore":false,"hasCafe":false,"hasRestaurant":true,"bookstoreEra":"unknown","oldestBookstoreYear":null,"mixedUse":false,"source":"東京都 令和3年度区部土地利用現況調査・建物現況","observedAt":"2021年度"},"geometry":{"type":"Polygon","coordinates":[[[139.75736943923079,35.69609408901662],[139.7573620047926,35.69624335108643],[139.7574471963423,35.696246108929685],[139.7574546305366,35.69609693699137],[139.75736943923079,35.69609408901662]]]}},{"type":"Feature","properties":{"id":"building-1694632","sourceId":"1694632","floors":2,"areaSqm":29.0,"primaryUse":"unclassified","primaryUseBasis":"no_place","placeCount":0,"placeIds":[],"placeNames":[],"hasBookstore":false,"hasCafe":false,"hasRestaurant":false,"bookstoreEra":"unknown","oldestBookstoreYear":null,"mixedUse":false,"source":"東京都 令和3年度区部土地利用現況調査・建物現況","observedAt":"2021年度"},"geometry":{"type":"Polygon","coordinates":[[[139.75831663884782,35.69611500078623],[139.75823990606713,35.69616524935271],[139.75833526592191,35.69616530880219],[139.7583361969981,35.6961150129729],[139.75831663884782,35.69611500078623]]]}},{"type":"Feature","properties":{"id":"building-1694633","sourceId":"1694633","floors":9,"areaSqm":69.0,"primaryUse":"antiquarian_bookstore","primaryUseBasis":"floor_unverified","placeCount":3,"placeIds":["osm-node-3343070906","osm-node-3343070908","osm-node-4018939477"],"placeNames":["壹眞珈琲店","山田書店","蒐堂"],"hasBookstore":true,"hasCafe":true,"hasRestaurant":false,"bookstoreEra":"unknown","oldestBookstoreYear":null,"mixedUse":true,"source":"東京都 令和3年度区部土地利用現況調査・建物現況","observedAt":"2021年度"},"geometry":{"type":"Polygon","coordinates":[[[139.75879085415718,35.6961285986843],[139.75878675551513,35.696258303194014],[139.75883968315816,35.69625941760243],[139.75884378171457,35.696129713090826],[139.75879085415718,35.6961285986843]]]}},{"type":"Feature","properties":{"id":"building-1694634","sourceId":"1694634","floors":10,"areaSqm":47.1,"primaryUse":"retail","primaryUseBasis":"confirmed_ground_floor","placeCount":2,"placeIds":["osm-node-4987355248","osm-node-5254061965"],"placeNames":["ファミリーマート","鳥貴族"],"hasBookstore":false,"hasCafe":false,"hasRestaurant":true,"bookstoreEra":"unknown","oldestBookstoreYear":null,"mixedUse":true,"source":"東京都 令和3年度区部土地利用現況調査・建物現況","observedAt":"2021年度"},"geometry":{"type":"Polygon","coordinates":[[[139.75890804474878,35.69613377204568],[139.7589044512766,35.69624920278703],[139.75894508402536,35.696250044543966],[139.758948676334,35.696134613800666],[139.75890804474878,35.69613377204568]]]}},{"type":"Feature","properties":{"id":"building-1694635","sourceId":"1694635","floors":8,"areaSqm":203.8,"primaryUse":"restaurant","primaryUseBasis":"confirmed_ground_floor","placeCount":5,"placeIds":["osm-node-3343070430","osm-node-3343070433","osm-node-3343070911","osm-node-5214254937","osm-node-13083901701"],"placeNames":["Il Vigore","とめ手羽","極や","ディスクユニオン","Olé Olé"],"hasBookstore":false,"hasCafe":false,"hasRestaurant":true,"bookstoreEra":"unknown","oldestBookstoreYear":null,"mixedUse":true,"source":"東京都 令和3年度区部土地利用現況調査・建物現況","observedAt":"2021年度"},"geometry":{"type":"Polygon","coordinates":[[[139.75975746481726,35.69615776677737],[139.7597069030649,35.696227501850096],[139.75984368038192,35.6962487676093],[139.75984367632975,35.69625318431657],[139.7599216768374,35.696265490533314],[139.75996675962236,35.69626605884012],[139.75996677142828,35.696253169265816],[139.75995450612598,35.69625316178981],[139.7599544778699,35.69616338538592],[139.75975746481726,35.69615776677737]]]}},{"type":"Feature","properties":{"id":"building-1694636","sourceId":"1694636","floors":3,"areaSqm":220.0,"primaryUse":"restaurant","primaryUseBasis":"confirmed_ground_floor","placeCount":4,"placeIds":["osm-node-1969385479","osm-node-10600402270","osm-node-10600402271","osm-node-10600402272"],"placeNames":["マクドナルド","Trek","ヘアラウンジ　セオリー","九州熱中屋"],"hasBookstore":false,"hasCafe":false,"hasRestaurant":true,"bookstoreEra":"unknown","oldestBookstoreYear":null,"mixedUse":true,"source":"東京都 令和3年度区部土地利用現況調査・建物現況","observedAt":"2021年度"},"geometry":{"type":"Polygon","coordinates":[[[139.7601468500305,35.69616900085056],[139.76011841107118,35.69621378161355],[139.76012603256126,35.696216941041506],[139.7601014790585,35.696241984174485],[139.76022571566207,35.696323002656555],[139.7603326778574,35.6962020136675],[139.76031325927082,35.69617009341485],[139.7601468500305,35.69616900085056]]]}},{"type":"Feature","properties":{"id":"building-1694641","sourceId":"1694641","floors":8,"areaSqm":83.5,"primaryUse":"unclassified","primaryUseBasis":"no_place","placeCount":0,"placeIds":[],"placeNames":[],"hasBookstore":false,"hasCafe":false,"hasRestaurant":false,"bookstoreEra":"unknown","oldestBookstoreYear":null,"mixedUse":false,"source":"東京都 令和3年度区部土地利用現況調査・建物現況","observedAt":"2021年度"},"geometry":{"type":"Polygon","coordinates":[[[139.75460144183634,35.696003074885645],[139.75458648022843,35.69616062445752],[139.75465785756,35.69616517797575],[139.75466556151068,35.696084149908664],[139.75462655820635,35.69608160057912],[139.75463381567258,35.696005169204646],[139.75460144183634,35.696003074885645]]]}},{"type":"Feature","properties":{"id":"building-1694642","sourceId":"1694642","floors":5,"areaSqm":38.5,"primaryUse":"cafe","primaryUseBasis":"floor_unverified","placeCount":1,"placeIds":["osm-node-3632301439"],"placeNames":["ドトールコーヒーショップ"],"hasBookstore":false,"hasCafe":true,"hasRestaurant":false,"bookstoreEra":"unknown","oldestBookstoreYear":null,"mixedUse":false,"source":"東京都 令和3年度区部土地利用現況調査・建物現況","observedAt":"2021年度"},"geometry":{"type":"Polygon","coordinates":[[[139.754901983044,35.69601652120664],[139.75489538740828,35.69609439521949],[139.75494433537028,35.696097131212106],[139.75495093095864,35.69601925719656],[139.754901983044,35.69601652120664]]]}},{"type":"Feature","properties":{"id":"building-1694643","sourceId":"1694643","floors":4,"areaSqm":16.4,"primaryUse":"restaurant","primaryUseBasis":"floor_unverified","placeCount":1,"placeIds":["osm-node-13086510101"],"placeNames":["Bar 37°C"],"hasBookstore":false,"hasCafe":false,"hasRestaurant":true,"bookstoreEra":"unknown","oldestBookstoreYear":null,"mixedUse":false,"source":"東京都 令和3年度区部土地利用現況調査・建物現況","observedAt":"2021年度"},"geometry":{"type":"Polygon","coordinates":[[[139.7562145535745,35.69606511118003],[139.75621213966562,35.69613921931892],[139.75623374384833,35.69613964508377],[139.75623692568237,35.69606555366092],[139.7562145535745,35.69606511118003]]]}},{"type":"Feature","properties":{"id":"building-1694646","sourceId":"1694646","floors":3,"areaSqm":35.1,"primaryUse":"antiquarian_bookstore","primaryUseBasis":"confirmed_ground_floor","placeCount":1,"placeIds":["osm-node-1634100115"],"placeNames":["田村書店"],"hasBookstore":true,"hasCafe":false,"hasRestaurant":false,"bookstoreEra":"unknown","oldestBookstoreYear":null,"mixedUse":false,"source":"東京都 令和3年度区部土地利用現況調査・建物現況","observedAt":"2021年度"},"geometry":{"type":"Polygon","coordinates":[[[139.75952825509168,35.695741735532835],[139.75950401166327,35.69574081929701],[139.75950203953215,35.6957717170308],[139.75948715609334,35.69577107694282],[139.75948280234778,35.69583834527309],[139.7595245665042,35.695839064040875],[139.75952825509168,35.695741735532835]]]}},{"type":"Feature","properties":{"id":"building-1694647","sourceId":"1694647","floors":5,"areaSqm":30.8,"primaryUse":"cafe","primaryUseBasis":"confirmed_ground_floor","placeCount":1,"placeIds":["osm-node-12455450511"],"placeNames":["BRITANNIA TEA"],"hasBookstore":false,"hasCafe":true,"hasRestaurant":false,"bookstoreEra":"unknown","oldestBookstoreYear":null,"mixedUse":false,"source":"東京都 令和3年度区部土地利用現況調査・建物現況","observedAt":"2021年度"},"geometry":{"type":"Polygon","coordinates":[[[139.7605595845258,35.695777876489984],[139.76052764794406,35.69578092183462],[139.76055410143397,35.69585349806831],[139.76060449966505,35.69584108963038],[139.7605595845258,35.695777876489984]]]}},{"type":"Feature","properties":{"id":"building-1694648","sourceId":"1694648","floors":4,"areaSqm":40.8,"primaryUse":"bookstore","primaryUseBasis":"floor_unverified","placeCount":1,"placeIds":["osm-node-1634100079"],"placeNames":["大屋書房"],"hasBookstore":true,"hasCafe":false,"hasRestaurant":false,"bookstoreEra":"unknown","oldestBookstoreYear":null,"mixedUse":false,"source":"東京都 令和3年度区部土地利用現況調査・建物現況","observedAt":"2021年度"},"geometry":{"type":"Polygon","coordinates":[[[139.76051912906152,35.69579254434739],[139.76047680758464,35.69579351024682],[139.7604796062477,35.695875176008585],[139.7605433772626,35.69585998144377],[139.76051912906152,35.69579254434739]]]}},{"type":"Feature","properties":{"id":"building-1694653","sourceId":"1694653","floors":9,"areaSqm":76.5,"primaryUse":"bookstore","primaryUseBasis":"floor_unverified","placeCount":1,"placeIds":["osm-node-12051029384"],"placeNames":["PASSAGE SOLIDA"],"hasBookstore":true,"hasCafe":false,"hasRestaurant":false,"bookstoreEra":"unknown","oldestBookstoreYear":null,"mixedUse":false,"source":"東京都 令和3年度区部土地利用現況調査・建物現況","observedAt":"2021年度"},"geometry":{"type":"Polygon","coordinates":[[[139.75864053756652,35.69581509937788],[139.75864937729136,35.69581519499944],[139.75865121819788,35.695736957277596],[139.7586016054915,35.69573620539218],[139.75860194858885,35.69572376670737],[139.75856493218367,35.69572347331077],[139.7585627435461,35.695819017107816],[139.7586404225302,35.69581996670122],[139.75864053756652,35.69581509937788]]]}},{"type":"Feature","properties":{"id":"building-1694654","sourceId":"1694654","floors":5,"areaSqm":137.2,"primaryUse":"antiquarian_bookstore","primaryUseBasis":"floor_unverified","placeCount":1,"placeIds":["isseido-booksellers"],"placeNames":["一誠堂書店"],"hasBookstore":true,"hasCafe":false,"hasRestaurant":false,"bookstoreEra":"prewar","oldestBookstoreYear":1903,"mixedUse":false,"source":"東京都 令和3年度区部土地利用現況調査・建物現況","observedAt":"2021年度"},"geometry":{"type":"Polygon","coordinates":[[[139.758894328287,35.69572034238629],[139.7589443825579,35.69572154510862],[139.75894597129184,35.69567656775663],[139.75881647108164,35.695673513143284],[139.75881136519712,35.695817007991934],[139.75889081130669,35.695818859887154],[139.758894328287,35.69572034238629]]]}},{"type":"Feature","properties":{"id":"building-1694655","sourceId":"1694655","floors":3,"areaSqm":25.9,"primaryUse":"restaurant","primaryUseBasis":"confirmed_ground_floor","placeCount":3,"placeIds":["osm-node-1634100034","osm-node-5214254926","osm-node-13848544782"],"placeNames":["レオ マカラズヤ","馬子禄牛肉面","Jazz INCUS Coffee"],"hasBookstore":false,"hasCafe":true,"hasRestaurant":true,"bookstoreEra":"unknown","oldestBookstoreYear":null,"mixedUse":true,"source":"東京都 令和3年度区部土地利用現況調査・建物現況","observedAt":"2021年度"},"geometry":{"type":"Polygon","coordinates":[[[139.76006565267616,35.695787244960485],[139.7600619034609,35.695854925605566],[139.7601005635155,35.69585590097708],[139.7601031226895,35.6957881646233],[139.76006565267616,35.695787244960485]]]}},{"type":"Feature","properties":{"id":"building-1694656","sourceId":"1694656","floors":3,"areaSqm":35.4,"primaryUse":"bookstore","primaryUseBasis":"floor_unverified","placeCount":1,"placeIds":["osm-node-1634100102"],"placeNames":["村山書店"],"hasBookstore":true,"hasCafe":false,"hasRestaurant":false,"bookstoreEra":"unknown","oldestBookstoreYear":null,"mixedUse":false,"source":"東京都 令和3年度区部土地利用現況調査・建物現況","observedAt":"2021年度"},"geometry":{"type":"Polygon","coordinates":[[[139.7600194905927,35.69577098769891],[139.76001636618753,35.695853776575774],[139.76005850904917,35.695854839712055],[139.76006236384174,35.695772005308825],[139.7600194905927,35.69577098769891]]]}},{"type":"Feature","properties":{"id":"building-1694657","sourceId":"1694657","floors":6,"areaSqm":59.5,"primaryUse":"antiquarian_bookstore","primaryUseBasis":"floor_unverified","placeCount":1,"placeIds":["yukyudo-books"],"placeNames":["悠久堂書店"],"hasBookstore":true,"hasCafe":false,"hasRestaurant":false,"bookstoreEra":"prewar","oldestBookstoreYear":1915,"mixedUse":false,"source":"東京都 令和3年度区部土地利用現況調査・建物現況","observedAt":"2021年度"},"geometry":{"type":"Polygon","coordinates":[[[139.7599329576317,35.695772268091794],[139.7599311171502,35.695851407203165],[139.76000603357684,35.69585253450471],[139.76000787398436,35.6957733953921],[139.7599329576317,35.695772268091794]]]}},{"type":"Feature","properties":{"id":"building-1694658","sourceId":"1694658","floors":5,"areaSqm":102.6,"primaryUse":"antiquarian_bookstore","primaryUseBasis":"confirmed_ground_floor","placeCount":2,"placeIds":["osm-node-1634100106","osm-node-1634100108"],"placeNames":["東陽堂書店","玉英堂書店"],"hasBookstore":true,"hasCafe":false,"hasRestaurant":false,"bookstoreEra":"unknown","oldestBookstoreYear":null,"mixedUse":true,"source":"東京都 令和3年度区部土地利用現況調査・建物現況","observedAt":"2021年度"},"geometry":{"type":"Polygon","coordinates":[[[139.7601970480251,35.69577107677745],[139.7601934284842,35.69586265370979],[139.7603048075171,35.695865605712925],[139.76030842701297,35.695773938640215],[139.7601970480251,35.69577107677745]]]}},{"type":"Feature","properties":{"id":"building-1694659","sourceId":"1694659","floors":4,"areaSqm":121.0,"primaryUse":"bookstore","primaryUseBasis":"confirmed_ground_floor","placeCount":3,"placeIds":["osm-node-1634100059","osm-node-13108052161","osm-node-13108052167"],"placeNames":["八木書店","笠岡ラーメン","慶文堂書店"],"hasBookstore":true,"hasCafe":false,"hasRestaurant":true,"bookstoreEra":"unknown","oldestBookstoreYear":null,"mixedUse":true,"source":"東京都 令和3年度区部土地利用現況調査・建物現況","observedAt":"2021年度"},"geometry":{"type":"Polygon","coordinates":[[[139.76031095522745,35.6957884522214],[139.76030690984925,35.69586245219542],[139.76046944660882,35.69586840958895],[139.76047349183722,35.695794409609384],[139.76031095522745,35.6957884522214]]]}},{"type":"Feature","properties":{"id":"building-1694660","sourceId":"1694660","floors":8,"areaSqm":981.2,"primaryUse":"bookstore","primaryUseBasis":"confirmed_ground_floor","placeCount":1,"placeIds":["osm-node-13744773825"],"placeNames":["三省堂書店"],"hasBookstore":true,"hasCafe":false,"hasRestaurant":false,"bookstoreEra":"unknown","oldestBookstoreYear":null,"mixedUse":false,"source":"東京都 令和3年度区部土地利用現況調査・建物現況","observedAt":"2021年度"},"geometry":{"type":"Polygon","coordinates":[[[139.76067767670145,35.69568889252548],[139.7607282396767,35.695738408214204],[139.76093256462303,35.6955996302489],[139.76086091522725,35.695529550728324],[139.7607152852807,35.69552351392669],[139.76071685538815,35.69561987126745],[139.76023675552167,35.69560741220811],[139.7602366828099,35.69568709322158],[139.76021412726274,35.695702492940256],[139.7602144305336,35.69573341009554],[139.7602317630946,35.695750456504285],[139.7603533103737,35.695750530254806],[139.7603532798242,35.69578406117843],[139.76049206477606,35.695784145238136],[139.76052555635536,35.695772267423216],[139.76055638607463,35.69577129455962],[139.76067767670145,35.69568889252548]]]}},{"type":"Feature","properties":{"id":"building-1694661","sourceId":"1694661","floors":3,"areaSqm":27.6,"primaryUse":"unclassified","primaryUseBasis":"no_place","placeCount":0,"placeIds":[],"placeNames":[],"hasBookstore":false,"hasCafe":false,"hasRestaurant":false,"bookstoreEra":"unknown","oldestBookstoreYear":null,"mixedUse":false,"source":"東京都 令和3年度区部土地利用現況調査・建物現況","observedAt":"2021年度"},"geometry":{"type":"Polygon","coordinates":[[[139.76059098523382,35.69575653301392],[139.76056665899014,35.695774996384486],[139.76060915095943,35.695829645049045],[139.76065005438704,35.69580839743525],[139.76059098523382,35.69575653301392]]]}},{"type":"Feature","properties":{"id":"building-1694662","sourceId":"1694662","floors":3,"areaSqm":63.5,"primaryUse":"unclassified","primaryUseBasis":"no_place","placeCount":0,"placeIds":[],"placeNames":[],"hasBookstore":false,"hasCafe":false,"hasRestaurant":false,"bookstoreEra":"unknown","oldestBookstoreYear":null,"mixedUse":false,"source":"東京都 令和3年度区部土地利用現況調査・建物現況","observedAt":"2021年度"},"geometry":{"type":"Polygon","coordinates":[[[139.7606618641187,35.695701502152495],[139.76059817060195,35.695753202288884],[139.76065856720064,35.69580344504319],[139.76072226071844,35.695751744875274],[139.7606618641187,35.695701502152495]]]}},{"type":"Feature","properties":{"id":"building-1694667","sourceId":"1694667","floors":2,"areaSqm":35.6,"primaryUse":"restaurant","primaryUseBasis":"floor_unverified","placeCount":1,"placeIds":["osm-node-3342922521"],"placeNames":["シディーク"],"hasBookstore":false,"hasCafe":false,"hasRestaurant":true,"bookstoreEra":"unknown","oldestBookstoreYear":null,"mixedUse":false,"source":"東京都 令和3年度区部土地利用現況調査・建物現況","observedAt":"2021年度"},"geometry":{"type":"Polygon","coordinates":[[[139.75601045792547,35.695662473762596],[139.7560068334028,35.69575196930279],[139.7560468836121,35.69575274225824],[139.75604962081252,35.69566322902116],[139.75601045792547,35.695662473762596]]]}},{"type":"Feature","properties":{"id":"building-1694668","sourceId":"1694668","floors":3,"areaSqm":61.1,"primaryUse":"unclassified","primaryUseBasis":"no_place","placeCount":0,"placeIds":[],"placeNames":[],"hasBookstore":false,"hasCafe":false,"hasRestaurant":false,"bookstoreEra":"unknown","oldestBookstoreYear":null,"mixedUse":false,"source":"東京都 令和3年度区部土地利用現況調査・建物現況","observedAt":"2021年度"},"geometry":{"type":"Polygon","coordinates":[[[139.7559384624361,35.69566108445542],[139.75593572511158,35.69575059768986],[139.75600390416585,35.69575191333894],[139.7560062767798,35.69566239265771],[139.7559384624361,35.69566108445542]]]}},{"type":"Feature","properties":{"id":"building-1694669","sourceId":"1694669","floors":9,"areaSqm":223.7,"primaryUse":"antiquarian_bookstore","primaryUseBasis":"confirmed_ground_floor","placeCount":10,"placeIds":["osm-node-1276856510","osm-node-3343046270","osm-node-3343046273","osm-node-3343046277","osm-node-3343046280","osm-node-4027548389","osm-node-6817614530","osm-node-12350277701","takayama-honten","bondy-jimbocho"],"placeNames":["みわ書房","ブックパワー R.B.S","夢野書店","芳賀書店","鳥海書房","らくごカフェ","すごろくや","神房","書肆 髙山本店","欧風カレー ボンディ 神保町本店"],"hasBookstore":true,"hasCafe":true,"hasRestaurant":true,"bookstoreEra":"prewar","oldestBookstoreYear":1875,"mixedUse":true,"source":"東京都 令和3年度区部土地利用現況調査・建物現況","observedAt":"2021年度"},"geometry":{"type":"Polygon","coordinates":[[[139.7573964309464,35.695596009326366],[139.75743897129905,35.69559720793447],[139.75744123308212,35.695542496236435],[139.7573089712316,35.695538897438674],[139.75730648169076,35.69560063967183],[139.75732449223946,35.69560119186702],[139.75732415202344,35.69561038562026],[139.75734503550498,35.695610939626384],[139.7573382379709,35.69578769387524],[139.75742983823613,35.695790095228624],[139.75743414800237,35.69567310019805],[139.75739337548262,35.695671992840445],[139.7573964309464,35.695596009326366]]]}},{"type":"Feature","properties":{"id":"building-1694670","sourceId":"1694670","floors":2,"areaSqm":49.2,"primaryUse":"unclassified","primaryUseBasis":"no_place","placeCount":0,"placeIds":[],"placeNames":[],"hasBookstore":false,"hasCafe":false,"hasRestaurant":false,"bookstoreEra":"unknown","oldestBookstoreYear":null,"mixedUse":false,"source":"東京都 令和3年度区部土地利用現況調査・建物現況","observedAt":"2021年度"},"geometry":{"type":"Polygon","coordinates":[[[139.758658518379,35.69572552613273],[139.75865594312813,35.695821051664275],[139.7587062961016,35.695821932882055],[139.75871076519587,35.69572643376176],[139.758658518379,35.69572552613273]]]}},{"type":"Feature","properties":{"id":"building-1694671","sourceId":"1694671","floors":6,"areaSqm":88.4,"primaryUse":"bookstore","primaryUseBasis":"confirmed_ground_floor","placeCount":3,"placeIds":["osm-node-5594891737","osm-node-5594891738","osm-node-5594891739"],"placeNames":["嵯峨谷","チェッコリ","Cafe Klein Blue"],"hasBookstore":true,"hasCafe":true,"hasRestaurant":true,"bookstoreEra":"unknown","oldestBookstoreYear":null,"mixedUse":true,"source":"東京都 令和3年度区部土地利用現況調査・建物現況","observedAt":"2021年度"},"geometry":{"type":"Polygon","coordinates":[[[139.75894837577852,35.69567650163974],[139.75894404396502,35.6958208082049],[139.7590051492503,35.695821927593684],[139.7590092599589,35.695677620889796],[139.75894837577852,35.69567650163974]]]}},{"type":"Feature","properties":{"id":"building-1694672","sourceId":"1694672","floors":2,"areaSqm":31.0,"primaryUse":"antiquarian_bookstore","primaryUseBasis":"floor_unverified","placeCount":1,"placeIds":["osm-node-1634100075"],"placeNames":["大久保書店"],"hasBookstore":true,"hasCafe":false,"hasRestaurant":false,"bookstoreEra":"unknown","oldestBookstoreYear":null,"mixedUse":false,"source":"東京都 令和3年度区部土地利用現況調査・建物現況","observedAt":"2021年度"},"geometry":{"type":"Polygon","coordinates":[[[139.75941707998146,35.69573355409252],[139.75941256666928,35.69583477510518],[139.75944306318664,35.69583569519786],[139.7594475764603,35.69573447418401],[139.75941707998146,35.69573355409252]]]}},{"type":"Feature","properties":{"id":"building-1694673","sourceId":"1694673","floors":3,"areaSqm":33.9,"primaryUse":"restaurant","primaryUseBasis":"floor_unverified","placeCount":1,"placeIds":["osm-node-1634100120"],"placeNames":["L'EPIQUE"],"hasBookstore":false,"hasCafe":false,"hasRestaurant":true,"bookstoreEra":"unknown","oldestBookstoreYear":null,"mixedUse":false,"source":"東京都 令和3年度区部土地利用現況調査・建物現況","observedAt":"2021年度"},"geometry":{"type":"Polygon","coordinates":[[[139.7594504493954,35.695734475947326],[139.75944593604217,35.69583578709818],[139.75947919491827,35.69583679901413],[139.75948370822945,35.69573548786201],[139.7594504493954,35.695734475947326]]]}},{"type":"Feature","properties":{"id":"building-1694674","sourceId":"1694674","floors":7,"areaSqm":276.7,"primaryUse":"bookstore","primaryUseBasis":"floor_unverified","placeCount":1,"placeIds":["osm-node-5875272070"],"placeNames":["書泉"],"hasBookstore":true,"hasCafe":false,"hasRestaurant":false,"bookstoreEra":"unknown","oldestBookstoreYear":null,"mixedUse":false,"source":"東京都 令和3年度区部土地利用現況調査・建物現況","observedAt":"2021年度"},"geometry":{"type":"Polygon","coordinates":[[[139.7596635261334,35.69569377450203],[139.75965863712267,35.695843398831656],[139.75984261207682,35.69584747731473],[139.75984761124164,35.69569785304478],[139.7596635261334,35.69569377450203]]]}},{"type":"Feature","properties":{"id":"building-1694675","sourceId":"1694675","floors":2,"areaSqm":19.0,"primaryUse":"restaurant","primaryUseBasis":"floor_unverified","placeCount":1,"placeIds":["osm-node-4018935293"],"placeNames":["兵六"],"hasBookstore":false,"hasCafe":false,"hasRestaurant":true,"bookstoreEra":"unknown","oldestBookstoreYear":null,"mixedUse":false,"source":"東京都 令和3年度区部土地利用現況調査・建物現況","observedAt":"2021年度"},"geometry":{"type":"Polygon","coordinates":[[[139.7601018486594,35.69570596797136],[139.76010123029948,35.69574176097477],[139.760153982193,35.695742586260074],[139.76015504730094,35.69571244511424],[139.7601486550725,35.69570633895722],[139.7601018486594,35.69570596797136]]]}},{"type":"Feature","properties":{"id":"building-1694679","sourceId":"1694679","floors":3,"areaSqm":66.3,"primaryUse":"unclassified","primaryUseBasis":"no_place","placeCount":0,"placeIds":[],"placeNames":[],"hasBookstore":false,"hasCafe":false,"hasRestaurant":false,"bookstoreEra":"unknown","oldestBookstoreYear":null,"mixedUse":false,"source":"東京都 令和3年度区部土地利用現況調査・建物現況","observedAt":"2021年度"},"geometry":{"type":"Polygon","coordinates":[[[139.75743772542535,35.69562929590022],[139.75743226892655,35.69579036717207],[139.7574731521754,35.695791294312436],[139.7574787190894,35.69563022310829],[139.75743772542535,35.69562929590022]]]}},{"type":"Feature","properties":{"id":"building-1694680","sourceId":"1694680","floors":6,"areaSqm":151.8,"primaryUse":"antiquarian_bookstore","primaryUseBasis":"confirmed_ground_floor","placeCount":2,"placeIds":["osm-node-1634100056","osm-node-12051018761"],"placeNames":["鳥元","大雲堂書店"],"hasBookstore":true,"hasCafe":false,"hasRestaurant":true,"bookstoreEra":"unknown","oldestBookstoreYear":null,"mixedUse":true,"source":"東京都 令和3年度区部土地利用現況調査・建物現況","observedAt":"2021年度"},"geometry":{"type":"Polygon","coordinates":[[[139.7584883342661,35.695629953702],[139.7584778826401,35.6958176123138],[139.75855788080955,35.695819915456696],[139.75856943654898,35.69563297861921],[139.7584883342661,35.695629953702]]]}},{"type":"Feature","properties":{"id":"building-1694681","sourceId":"1694681","floors":2,"areaSqm":17.7,"primaryUse":"unclassified","primaryUseBasis":"no_place","placeCount":0,"placeIds":[],"placeNames":[],"hasBookstore":false,"hasCafe":false,"hasRestaurant":false,"bookstoreEra":"unknown","oldestBookstoreYear":null,"mixedUse":false,"source":"東京都 令和3年度区部土地利用現況調査・建物現況","observedAt":"2021年度"},"geometry":{"type":"Polygon","coordinates":[[[139.75885245088023,35.69560025407626],[139.7588267049219,35.69560032828076],[139.75881310385716,35.695610956020985],[139.75881163401692,35.695646829614134],[139.75885085983245,35.69564766512356],[139.75885245088023,35.69560025407626]]]}},{"type":"Feature","properties":{"id":"building-1694682","sourceId":"1694682","floors":8,"areaSqm":108.8,"primaryUse":"antiquarian_bookstore","primaryUseBasis":"floor_unverified","placeCount":2,"placeIds":["osm-node-6299113696","komiyama-bookstore"],"placeNames":["神田伯剌西爾","小宮山書店"],"hasBookstore":true,"hasCafe":true,"hasRestaurant":false,"bookstoreEra":"prewar","oldestBookstoreYear":1939,"mixedUse":true,"source":"東京都 令和3年度区部土地利用現況調査・建物現況","observedAt":"2021年度"},"geometry":{"type":"Polygon","coordinates":[[[139.75951190032922,35.69562305300927],[139.75950674169007,35.695736423190006],[139.7595311701621,35.69573678159103],[139.75952760886736,35.69583867200782],[139.75956523108616,35.695839916424354],[139.75957296763406,35.6956244641302],[139.75951190032922,35.69562305300927]]]}},{"type":"Feature","properties":{"id":"building-1694684","sourceId":"1694684","floors":1,"areaSqm":27.7,"primaryUse":"unclassified","primaryUseBasis":"no_place","placeCount":0,"placeIds":[],"placeNames":[],"hasBookstore":false,"hasCafe":false,"hasRestaurant":false,"bookstoreEra":"unknown","oldestBookstoreYear":null,"mixedUse":false,"source":"東京都 令和3年度区部土地利用現況調査・建物現況","observedAt":"2021年度"},"geometry":{"type":"Polygon","coordinates":[[[139.7548992315627,35.69554602983889],[139.75490564022556,35.69554621428828],[139.75490913460342,35.69547464783331],[139.75487399757486,35.6954735432937],[139.75487005323052,35.69555322177902],[139.75489878163043,35.6955541418704],[139.7548992315627,35.69554602983889]]]}},{"type":"Feature","properties":{"id":"building-1694685","sourceId":"1694685","floors":2,"areaSqm":40.0,"primaryUse":"cafe","primaryUseBasis":"floor_unverified","placeCount":1,"placeIds":["osm-node-1634099739"],"placeNames":["さぼうる2"],"hasBookstore":false,"hasCafe":true,"hasRestaurant":false,"bookstoreEra":"unknown","oldestBookstoreYear":null,"mixedUse":false,"source":"東京都 令和3年度区部土地利用現況調査・建物現況","observedAt":"2021年度"},"geometry":{"type":"Polygon","coordinates":[[[139.75849966489665,35.695548101079005],[139.75849775116947,35.695597684221646],[139.75857761234212,35.6955997312773],[139.75858036798957,35.695550169387694],[139.75849966489665,35.695548101079005]]]}},{"type":"Feature","properties":{"id":"building-1694686","sourceId":"1694686","floors":2,"areaSqm":101.6,"primaryUse":"cafe","primaryUseBasis":"floor_unverified","placeCount":1,"placeIds":["sabouru"],"placeNames":["さぼうる"],"hasBookstore":false,"hasCafe":true,"hasRestaurant":false,"bookstoreEra":"unknown","oldestBookstoreYear":null,"mixedUse":false,"source":"東京都 令和3年度区部土地利用現況調査・建物現況","observedAt":"2021年度"},"geometry":{"type":"Polygon","coordinates":[[[139.7585848661884,35.695527828134004],[139.75858058244012,35.6955998079354],[139.7587218908488,35.695603429872314],[139.75872466401614,35.6955314031598],[139.7585848661884,35.695527828134004]]]}},{"type":"Feature","properties":{"id":"building-1694687","sourceId":"1694687","floors":3,"areaSqm":33.6,"primaryUse":"restaurant","primaryUseBasis":"floor_unverified","placeCount":1,"placeIds":["osm-node-1634100061"],"placeNames":["六浜"],"hasBookstore":false,"hasCafe":false,"hasRestaurant":true,"bookstoreEra":"unknown","oldestBookstoreYear":null,"mixedUse":false,"source":"東京都 令和3年度区部土地利用現況調査・建物現況","observedAt":"2021年度"},"geometry":{"type":"Polygon","coordinates":[[[139.75872665891322,35.695530951007356],[139.7587253801429,35.69559891347002],[139.75876173333944,35.695599386680286],[139.75877887250383,35.69558641757665],[139.75878013025562,35.695540989336195],[139.75876156697208,35.695540707427206],[139.75876179652565,35.69553151360114],[139.75872665891322,35.695530951007356]]]}},{"type":"Feature","properties":{"id":"building-1694688","sourceId":"1694688","floors":4,"areaSqm":70.5,"primaryUse":"restaurant","primaryUseBasis":"floor_unverified","placeCount":1,"placeIds":["osm-node-13080670799"],"placeNames":["ゴーバル"],"hasBookstore":false,"hasCafe":false,"hasRestaurant":true,"bookstoreEra":"unknown","oldestBookstoreYear":null,"mixedUse":false,"source":"東京都 令和3年度区部土地利用現況調査・建物現況","observedAt":"2021年度"},"geometry":{"type":"Polygon","coordinates":[[[139.75898294028462,35.69548982684974],[139.75897932798685,35.695572119648375],[139.75906717098235,35.69557469770888],[139.75907055751605,35.695497452437195],[139.7590274647887,35.69549616392777],[139.75902769046536,35.69549111639817],[139.75898294028462,35.69548982684974]]]}},{"type":"Feature","properties":{"id":"building-1694689","sourceId":"1694689","floors":5,"areaSqm":25.4,"primaryUse":"bookstore","primaryUseBasis":"floor_unverified","placeCount":1,"placeIds":["osm-node-1634100053"],"placeNames":["三茶書房"],"hasBookstore":true,"hasCafe":false,"hasRestaurant":false,"bookstoreEra":"unknown","oldestBookstoreYear":null,"mixedUse":false,"source":"東京都 令和3年度区部土地利用現況調査・建物現況","observedAt":"2021年度"},"geometry":{"type":"Polygon","coordinates":[[[139.76088576968394,35.695537768151176],[139.76093622309156,35.695586292181474],[139.76099593021735,35.69554360316367],[139.76088576968394,35.695537768151176]]]}},{"type":"Feature","properties":{"id":"building-1694693","sourceId":"1694693","floors":2,"areaSqm":49.6,"primaryUse":"unclassified","primaryUseBasis":"no_place","placeCount":0,"placeIds":[],"placeNames":[],"hasBookstore":false,"hasCafe":false,"hasRestaurant":false,"bookstoreEra":"unknown","oldestBookstoreYear":null,"mixedUse":false,"source":"東京都 令和3年度区部土地利用現況調査・建物現況","observedAt":"2021年度"},"geometry":{"type":"Polygon","coordinates":[[[139.75875077696418,35.695380437254585],[139.75874655000746,35.69552925073169],[139.75877969858544,35.69552990222477],[139.7587839254806,35.69538108874644],[139.75875077696418,35.695380437254585]]]}},{"type":"Feature","properties":{"id":"building-1694694","sourceId":"1694694","floors":2,"areaSqm":88.9,"primaryUse":"restaurant","primaryUseBasis":"floor_unverified","placeCount":2,"placeIds":["osm-node-3786123335","osm-node-9065501742"],"placeNames":["おにぎりの小林","小諸そば"],"hasBookstore":false,"hasCafe":false,"hasRestaurant":true,"bookstoreEra":"unknown","oldestBookstoreYear":null,"mixedUse":true,"source":"東京都 令和3年度区部土地利用現況調査・建物現況","observedAt":"2021年度"},"geometry":{"type":"Polygon","coordinates":[[[139.75903629112884,35.69539152038223],[139.75903221867534,35.695493462753774],[139.75911895678166,35.69549585982062],[139.75912302912488,35.69539391744604],[139.75903629112884,35.69539152038223]]]}},{"type":"Feature","properties":{"id":"building-1694698","sourceId":"1694698","floors":5,"areaSqm":79.6,"primaryUse":"bookstore","primaryUseBasis":"floor_unverified","placeCount":2,"placeIds":["osm-node-5456398077","osm-node-10753765356"],"placeNames":["なかや","㈱書肆秦川堂"],"hasBookstore":true,"hasCafe":false,"hasRestaurant":true,"bookstoreEra":"unknown","oldestBookstoreYear":null,"mixedUse":true,"source":"東京都 令和3年度区部土地利用現況調査・建物現況","observedAt":"2021年度"},"geometry":{"type":"Polygon","coordinates":[[[139.75731966288936,35.69533402291622],[139.757312767316,35.695497617116125],[139.75736116379426,35.69549899972368],[139.75736805926888,35.6953354055209],[139.75731966288936,35.69533402291622]]]}},{"type":"Feature","properties":{"id":"building-1694699","sourceId":"1694699","floors":4,"areaSqm":75.5,"primaryUse":"unclassified","primaryUseBasis":"upper_or_basement_only","placeCount":1,"placeIds":["osm-node-5456398075"],"placeNames":["神保町マカン"],"hasBookstore":false,"hasCafe":false,"hasRestaurant":true,"bookstoreEra":"unknown","oldestBookstoreYear":null,"mixedUse":false,"source":"東京都 令和3年度区部土地利用現況調査・建物現況","observedAt":"2021年度"},"geometry":{"type":"Polygon","coordinates":[[[139.75767943311405,35.69534370852922],[139.75766983817357,35.695464711347334],[139.75773159297447,35.69546808521436],[139.7577413414809,35.69534701037822],[139.75767943311405,35.69534370852922]]]}},{"type":"Feature","properties":{"id":"building-1694700","sourceId":"1694700","floors":5,"areaSqm":75.4,"primaryUse":"unclassified","primaryUseBasis":"upper_or_basement_only","placeCount":2,"placeIds":["osm-node-3786118923","osm-node-9295007356"],"placeNames":["荒魂書店","永森書店"],"hasBookstore":true,"hasCafe":false,"hasRestaurant":false,"bookstoreEra":"unknown","oldestBookstoreYear":null,"mixedUse":true,"source":"東京都 令和3年度区部土地利用現況調査・建物現況","observedAt":"2021年度"},"geometry":{"type":"Polygon","coordinates":[[[139.75853984237676,35.69537579953393],[139.75853029710547,35.69553966256841],[139.75857593077956,35.69554149365548],[139.75858558653886,35.69537754054905],[139.75853984237676,35.69537579953393]]]}},{"type":"Feature","properties":{"id":"building-1694701","sourceId":"1694701","floors":5,"areaSqm":67.8,"primaryUse":"restaurant","primaryUseBasis":"floor_unverified","placeCount":1,"placeIds":["osm-node-3777997914"],"placeNames":["揚子江菜館"],"hasBookstore":false,"hasCafe":false,"hasRestaurant":true,"bookstoreEra":"unknown","oldestBookstoreYear":null,"mixedUse":false,"source":"東京都 令和3年度区部土地利用現況調査・建物現況","observedAt":"2021年度"},"geometry":{"type":"Polygon","coordinates":[[[139.75858812847466,35.695377001305744],[139.7585824658457,35.69552464210526],[139.75862821068222,35.695525752146004],[139.75863376264587,35.69537820141256],[139.75858812847466,35.695377001305744]]]}},{"type":"Feature","properties":{"id":"building-1694702","sourceId":"1694702","floors":5,"areaSqm":110.0,"primaryUse":"retail","primaryUseBasis":"floor_unverified","placeCount":1,"placeIds":["osm-node-4964039144"],"placeNames":["ABC MART"],"hasBookstore":false,"hasCafe":false,"hasRestaurant":false,"bookstoreEra":"unknown","oldestBookstoreYear":null,"mixedUse":false,"source":"東京都 令和3年度区部土地利用現況調査・建物現況","observedAt":"2021年度"},"geometry":{"type":"Polygon","coordinates":[[[139.76115131866334,35.6952573259495],[139.76106528524164,35.69525791250042],[139.76105603306002,35.69537088279416],[139.76113771930378,35.69537558287893],[139.76116086401632,35.69535596493028],[139.76115131866334,35.6952573259495]]]}},{"type":"Feature","properties":{"id":"building-1694710","sourceId":"1694710","floors":2,"areaSqm":62.5,"primaryUse":"cafe","primaryUseBasis":"floor_unverified","placeCount":1,"placeIds":["osm-node-2511109252"],"placeNames":["ドトールコーヒーショップ"],"hasBookstore":false,"hasCafe":true,"hasRestaurant":false,"bookstoreEra":"unknown","oldestBookstoreYear":null,"mixedUse":false,"source":"東京都 令和3年度区部土地利用現況調査・建物現況","observedAt":"2021年度"},"geometry":{"type":"Polygon","coordinates":[[[139.7600975532433,35.69522777984795],[139.7600933832724,35.69531701289],[139.76016310596296,35.6953192185769],[139.76016716425454,35.69522998546455],[139.7600975532433,35.69522777984795]]]}},{"type":"Feature","properties":{"id":"building-1694711","sourceId":"1694711","floors":5,"areaSqm":29.1,"primaryUse":"restaurant","primaryUseBasis":"confirmed_ground_floor","placeCount":2,"placeIds":["osm-node-5340711631","osm-node-5340711633"],"placeNames":["スタイリッシュバー ダブルオー","エーヤナディーキッチン"],"hasBookstore":false,"hasCafe":false,"hasRestaurant":true,"bookstoreEra":"unknown","oldestBookstoreYear":null,"mixedUse":true,"source":"東京都 令和3年度区部土地利用現況調査・建物現況","observedAt":"2021年度"},"geometry":{"type":"Polygon","coordinates":[[[139.7606426816759,35.69528758171659],[139.76063986673904,35.69534544793753],[139.7606925723218,35.69534710221866],[139.76069008345158,35.69528914265904],[139.7606426816759,35.69528758171659]]]}},{"type":"Feature","properties":{"id":"building-1694712","sourceId":"1694712","floors":5,"areaSqm":31.0,"primaryUse":"restaurant","primaryUseBasis":"confirmed_ground_floor","placeCount":2,"placeIds":["osm-node-4018933612","osm-node-7230407722"],"placeNames":["ロックオンキング","新潟カツ丼 タレカツ"],"hasBookstore":true,"hasCafe":false,"hasRestaurant":true,"bookstoreEra":"unknown","oldestBookstoreYear":null,"mixedUse":true,"source":"東京都 令和3年度区部土地利用現況調査・建物現況","observedAt":"2021年度"},"geometry":{"type":"Polygon","coordinates":[[[139.76058566732783,35.69528529385114],[139.7605828523499,35.69534316007071],[139.76063611033294,35.69534490484736],[139.76063903576934,35.69528703869325],[139.76058566732783,35.69528529385114]]]}},{"type":"Feature","properties":{"id":"building-1694717","sourceId":"1694717","floors":3,"areaSqm":59.6,"primaryUse":"unclassified","primaryUseBasis":"no_place","placeCount":0,"placeIds":[],"placeNames":[],"hasBookstore":false,"hasCafe":false,"hasRestaurant":false,"bookstoreEra":"unknown","oldestBookstoreYear":null,"mixedUse":false,"source":"東京都 令和3年度区部土地利用現況調査・建物現況","observedAt":"2021年度"},"geometry":{"type":"Polygon","coordinates":[[[139.75852896769626,35.695070048248276],[139.7584388049283,35.69506737821496],[139.75843459265786,35.6950817073693],[139.75843757513903,35.6950827007314],[139.75842991640118,35.69511956197867],[139.75842638050833,35.695119559778476],[139.75842393828697,35.69513163661001],[139.75852437942171,35.69513205961866],[139.75852896769626,35.695070048248276]]]}},{"type":"Feature","properties":{"id":"building-1694718","sourceId":"1694718","floors":2,"areaSqm":52.3,"primaryUse":"restaurant","primaryUseBasis":"floor_unverified","placeCount":2,"placeIds":["osm-node-6299113686","osm-node-6299235585"],"placeNames":["スヰートポーヅ (餃子)","ろしあ亭"],"hasBookstore":false,"hasCafe":false,"hasRestaurant":true,"bookstoreEra":"unknown","oldestBookstoreYear":null,"mixedUse":true,"source":"東京都 令和3年度区部土地利用現況調査・建物現況","observedAt":"2021年度"},"geometry":{"type":"Polygon","coordinates":[[[139.75877305314208,35.69519053250581],[139.7587729740254,35.69527553159904],[139.7588342997869,35.695275569567606],[139.75883437883851,35.69519057047426],[139.75877305314208,35.69519053250581]]]}},{"type":"Feature","properties":{"id":"building-1694719","sourceId":"1694719","floors":5,"areaSqm":61.6,"primaryUse":"bookstore","primaryUseBasis":"floor_unverified","placeCount":2,"placeIds":["osm-node-12051018762","osm-node-12051018767"],"placeNames":["PASSAGE bis!","PASSAGE by ALL REVIEWS"],"hasBookstore":true,"hasCafe":true,"hasRestaurant":false,"bookstoreEra":"unknown","oldestBookstoreYear":null,"mixedUse":true,"source":"東京都 令和3年度区部土地利用現況調査・建物現況","observedAt":"2021年度"},"geometry":{"type":"Polygon","coordinates":[[[139.75915475224014,35.69514398724167],[139.75915262982863,35.69528811491489],[139.75919517079603,35.69528850167018],[139.75919729313097,35.69514437399615],[139.75915475224014,35.69514398724167]]]}},{"type":"Feature","properties":{"id":"building-1694720","sourceId":"1694720","floors":5,"areaSqm":66.9,"primaryUse":"antiquarian_bookstore","primaryUseBasis":"floor_unverified","placeCount":1,"placeIds":["osm-node-9295076534"],"placeNames":["虔十書林"],"hasBookstore":true,"hasCafe":false,"hasRestaurant":false,"bookstoreEra":"unknown","oldestBookstoreYear":null,"mixedUse":false,"source":"東京都 令和3年度区部土地利用現況調査・建物現況","observedAt":"2021年度"},"geometry":{"type":"Polygon","coordinates":[[[139.75910658217424,35.695141723955466],[139.75910456985804,35.695287384023835],[139.75915031523442,35.69528777277088],[139.75915232746746,35.69514211270167],[139.75910658217424,35.695141723955466]]]}},{"type":"Feature","properties":{"id":"building-1694721","sourceId":"1694721","floors":3,"areaSqm":55.9,"primaryUse":"unclassified","primaryUseBasis":"no_place","placeCount":0,"placeIds":[],"placeNames":[],"hasBookstore":false,"hasCafe":false,"hasRestaurant":false,"bookstoreEra":"unknown","oldestBookstoreYear":null,"mixedUse":false,"source":"東京都 令和3年度区部土地利用現況調査・建物現況","observedAt":"2021年度"},"geometry":{"type":"Polygon","coordinates":[[[139.7593427284378,35.69517364351054],[139.75934099357133,35.69529573203972],[139.75938673887057,35.69529621083384],[139.75938846501896,35.6951751120023],[139.7593427284378,35.69517364351054]]]}},{"type":"Feature","properties":{"id":"building-1694722","sourceId":"1694722","floors":7,"areaSqm":104.7,"primaryUse":"bookstore","primaryUseBasis":"floor_unverified","placeCount":1,"placeIds":["uchiyama-shoten"],"placeNames":["内山書店"],"hasBookstore":true,"hasCafe":false,"hasRestaurant":false,"bookstoreEra":"prewar","oldestBookstoreYear":1917,"mixedUse":false,"source":"東京都 令和3年度区部土地利用現況調査・建物現況","observedAt":"2021年度"},"geometry":{"type":"Polygon","coordinates":[[[139.7593932678447,35.6952007598159],[139.75939097131777,35.69529576274894],[139.7594997765614,35.69529816858722],[139.75950281296448,35.69520231791714],[139.7593932678447,35.6952007598159]]]}},{"type":"Feature","properties":{"id":"building-1694723","sourceId":"1694723","floors":6,"areaSqm":412.0,"primaryUse":"bookstore","primaryUseBasis":"floor_unverified","placeCount":2,"placeIds":["osm-node-2511109303","osm-node-2511109406"],"placeNames":["PaperBackCafe","東京堂書店"],"hasBookstore":true,"hasCafe":true,"hasRestaurant":false,"bookstoreEra":"unknown","oldestBookstoreYear":null,"mixedUse":true,"source":"東京都 令和3年度区部土地利用現況調査・建物現況","observedAt":"2021年度"},"geometry":{"type":"Polygon","coordinates":[[[139.75987321542848,35.69512946508914],[139.75986597607175,35.695312168267115],[139.76009027938213,35.69531825399001],[139.76009751831026,35.69513546066121],[139.75987321542848,35.69512946508914]]]}},{"type":"Feature","properties":{"id":"building-1694724","sourceId":"1694724","floors":7,"areaSqm":182.6,"primaryUse":"retail","primaryUseBasis":"floor_unverified","placeCount":1,"placeIds":["osm-node-4018933613"],"placeNames":["文房堂"],"hasBookstore":false,"hasCafe":false,"hasRestaurant":false,"bookstoreEra":"unknown","oldestBookstoreYear":null,"mixedUse":false,"source":"東京都 令和3年度区部土地利用現況調査・建物現況","observedAt":"2021年度"},"geometry":{"type":"Polygon","coordinates":[[[139.76089273726058,35.69517652148496],[139.76087213233555,35.695357954762265],[139.76097665666916,35.69536567927552],[139.7609896870157,35.69525130331932],[139.76097587580637,35.69525030351197],[139.76098333966485,35.695183246107376],[139.76089273726058,35.69517652148496]]]}},{"type":"Feature","properties":{"id":"building-1694725","sourceId":"1694725","floors":5,"areaSqm":59.0,"primaryUse":"bookstore","primaryUseBasis":"floor_unverified","placeCount":1,"placeIds":["osm-node-3881341809"],"placeNames":["南洋堂書店"],"hasBookstore":true,"hasCafe":false,"hasRestaurant":false,"bookstoreEra":"unknown","oldestBookstoreYear":null,"mixedUse":false,"source":"東京都 令和3年度区部土地利用現況調査・建物現況","observedAt":"2021年度"},"geometry":{"type":"Polygon","coordinates":[[[139.76107185251828,35.69517780091897],[139.76106553105078,35.695254902073884],[139.76115097489938,35.69525377885441],[139.7611440033956,35.69518172009741],[139.76107185251828,35.69517780091897]]]}},{"type":"Feature","properties":{"id":"building-1694728","sourceId":"1694728","floors":6,"areaSqm":57.8,"primaryUse":"restaurant","primaryUseBasis":"confirmed_ground_floor","placeCount":1,"placeIds":["osm-node-7899862080"],"placeNames":["吉野鮨"],"hasBookstore":false,"hasCafe":false,"hasRestaurant":true,"bookstoreEra":"unknown","oldestBookstoreYear":null,"mixedUse":false,"source":"東京都 令和3年度区部土地利用現況調査・建物現況","observedAt":"2021年度"},"geometry":{"type":"Polygon","coordinates":[[[139.756372637421,35.695057782400355],[139.75636687547842,35.69518955893489],[139.75641052048005,35.69519084874959],[139.75641628235093,35.695059072212906],[139.756372637421,35.695057782400355]]]}},{"type":"Feature","properties":{"id":"building-1694729","sourceId":"1694729","floors":7,"areaSqm":217.5,"primaryUse":"bookstore","primaryUseBasis":"floor_unverified","placeCount":2,"placeIds":["osm-node-5463561339","osm-node-5463561340"],"placeNames":["小学館ギャラリー","上海庭"],"hasBookstore":true,"hasCafe":false,"hasRestaurant":true,"bookstoreEra":"unknown","oldestBookstoreYear":null,"mixedUse":true,"source":"東京都 令和3年度区部土地利用現況調査・建物現況","observedAt":"2021年度"},"geometry":{"type":"Polygon","coordinates":[[[139.75921412065398,35.69510977176948],[139.7592066720645,35.69527814300402],[139.75923672646334,35.69527897273973],[139.75923627363673,35.69529069026419],[139.75932831513092,35.69529336085529],[139.75933621619401,35.695113362225044],[139.75921412065398,35.69510977176948]]]}},{"type":"Feature","properties":{"id":"building-1694734","sourceId":"1694734","floors":1,"areaSqm":22.3,"primaryUse":"unclassified","primaryUseBasis":"no_place","placeCount":0,"placeIds":[],"placeNames":[],"hasBookstore":false,"hasCafe":false,"hasRestaurant":false,"bookstoreEra":"unknown","oldestBookstoreYear":null,"mixedUse":false,"source":"東京都 令和3年度区部土地利用現況調査・建物現況","observedAt":"2021年度"},"geometry":{"type":"Polygon","coordinates":[[[139.7580802265175,35.694967643394364],[139.75807842978332,35.69499828883469],[139.75815069203014,35.69500094795944],[139.75815237824028,35.69497030244902],[139.7580802265175,35.694967643394364]]]}},{"type":"Feature","properties":{"id":"building-1694747","sourceId":"1694747","floors":2,"areaSqm":40.7,"primaryUse":"restaurant","primaryUseBasis":"floor_unverified","placeCount":1,"placeIds":["osm-node-11047689858"],"placeNames":["Muang Thai"],"hasBookstore":false,"hasCafe":false,"hasRestaurant":true,"bookstoreEra":"unknown","oldestBookstoreYear":null,"mixedUse":false,"source":"東京都 令和3年度区部土地利用現況調査・建物現況","observedAt":"2021年度"},"geometry":{"type":"Polygon","coordinates":[[[139.75918342611976,35.694726220130235],[139.75918046494246,35.69482158320505],[139.75922289474903,35.69482242056672],[139.75922585587583,35.69472705749084],[139.75918342611976,35.694726220130235]]]}},{"type":"Feature","properties":{"id":"building-1694748","sourceId":"1694748","floors":2,"areaSqm":36.0,"primaryUse":"unclassified","primaryUseBasis":"no_place","placeCount":0,"placeIds":[],"placeNames":[],"hasBookstore":false,"hasCafe":false,"hasRestaurant":false,"bookstoreEra":"unknown","oldestBookstoreYear":null,"mixedUse":false,"source":"東京都 令和3年度区部土地利用現況調査・建物現況","observedAt":"2021年度"},"geometry":{"type":"Polygon","coordinates":[[[139.7592296129938,35.69472678939286],[139.75922797782638,35.69482215328513],[139.75926554621572,35.694822536954206],[139.75926729183456,35.694727173129365],[139.7592296129938,35.69472678939286]]]}},{"type":"Feature","properties":{"id":"building-1694749","sourceId":"1694749","floors":5,"areaSqm":61.0,"primaryUse":"unclassified","primaryUseBasis":"no_place","placeCount":0,"placeIds":[],"placeNames":[],"hasBookstore":false,"hasCafe":false,"hasRestaurant":false,"bookstoreEra":"unknown","oldestBookstoreYear":null,"mixedUse":false,"source":"東京都 令和3年度区部土地利用現況調査・建物現況","observedAt":"2021年度"},"geometry":{"type":"Polygon","coordinates":[[[139.75932450783503,35.694749922832194],[139.7593244362168,35.69482744056972],[139.7594027780587,35.69482748870877],[139.75940284960112,35.69474997097111],[139.75932450783503,35.694749922832194]]]}},{"type":"Feature","properties":{"id":"building-1694750","sourceId":"1694750","floors":4,"areaSqm":143.9,"primaryUse":"unclassified","primaryUseBasis":"no_place","placeCount":0,"placeIds":[],"placeNames":[],"hasBookstore":false,"hasCafe":false,"hasRestaurant":false,"bookstoreEra":"unknown","oldestBookstoreYear":null,"mixedUse":false,"source":"東京都 令和3年度区部土地利用現況調査・建物現況","observedAt":"2021年度"},"geometry":{"type":"Polygon","coordinates":[[[139.75999317389665,35.69469147263721],[139.75998761648125,35.69484776673299],[139.76007921600203,35.69484989565885],[139.76008477323887,35.694693601558676],[139.75999317389665,35.69469147263721]]]}},{"type":"Feature","properties":{"id":"building-1695575","sourceId":"1695575","floors":6,"areaSqm":56.2,"primaryUse":"restaurant","primaryUseBasis":"floor_unverified","placeCount":1,"placeIds":["osm-node-6920741085"],"placeNames":["仙臺 (せんだい)"],"hasBookstore":false,"hasCafe":false,"hasRestaurant":true,"bookstoreEra":"unknown","oldestBookstoreYear":null,"mixedUse":false,"source":"東京都 令和3年度区部土地利用現況調査・建物現況","observedAt":"2021年度"},"geometry":{"type":"Polygon","coordinates":[[[139.7582226946615,35.698697778557076],[139.7582063383129,35.698700021772325],[139.75818786509666,35.698720741727506],[139.758348146828,35.6987807827151],[139.75836486042684,35.69875104795014],[139.7582226946615,35.698697778557076]]]}},{"type":"Feature","properties":{"id":"building-1695609","sourceId":"1695609","floors":2,"areaSqm":35.5,"primaryUse":"unclassified","primaryUseBasis":"no_place","placeCount":0,"placeIds":[],"placeNames":[],"hasBookstore":false,"hasCafe":false,"hasRestaurant":false,"bookstoreEra":"unknown","oldestBookstoreYear":null,"mixedUse":false,"source":"東京都 令和3年度区部土地利用現況調査・建物現況","observedAt":"2021年度"},"geometry":{"type":"Polygon","coordinates":[[[139.75661248573348,35.698329635465164],[139.75659665748154,35.698357387541186],[139.75670126400425,35.69839720455367],[139.75671709222786,35.69836945246406],[139.75661248573348,35.698329635465164]]]}},{"type":"Feature","properties":{"id":"building-1695610","sourceId":"1695610","floors":2,"areaSqm":36.7,"primaryUse":"unclassified","primaryUseBasis":"no_place","placeCount":0,"placeIds":[],"placeNames":[],"hasBookstore":false,"hasCafe":false,"hasRestaurant":false,"bookstoreEra":"unknown","oldestBookstoreYear":null,"mixedUse":false,"source":"東京都 令和3年度区部土地利用現況調査・建物現況","observedAt":"2021年度"},"geometry":{"type":"Polygon","coordinates":[[[139.75662931107337,35.698299179915296],[139.7566131503804,35.69832792328768],[139.75671775730396,35.69836728960176],[139.75673402855472,35.69833845614896],[139.75662931107337,35.698299179915296]]]}},{"type":"Feature","properties":{"id":"building-1695611","sourceId":"1695611","floors":5,"areaSqm":157.5,"primaryUse":"unclassified","primaryUseBasis":"no_place","placeCount":0,"placeIds":[],"placeNames":[],"hasBookstore":false,"hasCafe":false,"hasRestaurant":false,"bookstoreEra":"unknown","oldestBookstoreYear":null,"mixedUse":false,"source":"東京都 令和3年度区部土地利用現況調査・建物現況","observedAt":"2021年度"},"geometry":{"type":"Polygon","coordinates":[[[139.75827420508412,35.69832626639091],[139.7581963957387,35.698461693609204],[139.7582913928744,35.6984979879021],[139.75836920201033,35.698362650759954],[139.75827420508412,35.69832626639091]]]}},{"type":"Feature","properties":{"id":"building-1695620","sourceId":"1695620","floors":2,"areaSqm":44.4,"primaryUse":"unclassified","primaryUseBasis":"no_place","placeCount":0,"placeIds":[],"placeNames":[],"hasBookstore":false,"hasCafe":false,"hasRestaurant":false,"bookstoreEra":"unknown","oldestBookstoreYear":null,"mixedUse":false,"source":"東京都 令和3年度区部土地利用現況調査・建物現況","observedAt":"2021年度"},"geometry":{"type":"Polygon","coordinates":[[[139.75653628674795,35.698280822812045],[139.75651138079445,35.698325875370145],[139.75659290191186,35.69835585281969],[139.75661780782886,35.698310800244904],[139.75653628674795,35.698280822812045]]]}},{"type":"Feature","properties":{"id":"building-1695621","sourceId":"1695621","floors":2,"areaSqm":31.4,"primaryUse":"unclassified","primaryUseBasis":"no_place","placeCount":0,"placeIds":[],"placeNames":[],"hasBookstore":false,"hasCafe":false,"hasRestaurant":false,"bookstoreEra":"unknown","oldestBookstoreYear":null,"mixedUse":false,"source":"東京都 令和3年度区部土地利用現況調査・建物現況","observedAt":"2021年度"},"geometry":{"type":"Polygon","coordinates":[[[139.7566455800119,35.698272780168985],[139.75663152247515,35.69829773913399],[139.75673491428745,35.698336653974586],[139.75674897179888,35.69831169499763],[139.7566455800119,35.698272780168985]]]}},{"type":"Feature","properties":{"id":"building-1695622","sourceId":"1695622","floors":3,"areaSqm":26.7,"primaryUse":"unclassified","primaryUseBasis":"no_place","placeCount":0,"placeIds":[],"placeNames":[],"hasBookstore":false,"hasCafe":false,"hasRestaurant":false,"bookstoreEra":"unknown","oldestBookstoreYear":null,"mixedUse":false,"source":"東京都 令和3年度区部土地利用現況調査・建物現況","observedAt":"2021年度"},"geometry":{"type":"Polygon","coordinates":[[[139.75752546857873,35.698305967069835],[139.7574904896488,35.698369942235686],[139.75752506455964,35.69838258318104],[139.75756015396854,35.69831860807482],[139.75752546857873,35.698305967069835]]]}},{"type":"Feature","properties":{"id":"building-1695623","sourceId":"1695623","floors":2,"areaSqm":39.6,"primaryUse":"unclassified","primaryUseBasis":"no_place","placeCount":0,"placeIds":[],"placeNames":[],"hasBookstore":false,"hasCafe":false,"hasRestaurant":false,"bookstoreEra":"unknown","oldestBookstoreYear":null,"mixedUse":false,"source":"東京都 令和3年度区部土地利用現況調査・建物現況","observedAt":"2021年度"},"geometry":{"type":"Polygon","coordinates":[[[139.7575370278179,35.698235036607166],[139.75750592218193,35.69829297504472],[139.75756292127025,35.69831356215027],[139.75759402687305,35.698255623698145],[139.7575370278179,35.698235036607166]]]}},{"type":"Feature","properties":{"id":"building-1695624","sourceId":"1695624","floors":3,"areaSqm":30.7,"primaryUse":"unclassified","primaryUseBasis":"no_place","placeCount":0,"placeIds":[],"placeNames":[],"hasBookstore":false,"hasCafe":false,"hasRestaurant":false,"bookstoreEra":"unknown","oldestBookstoreYear":null,"mixedUse":false,"source":"東京都 令和3年度区部土地利用現況調査・建物現況","observedAt":"2021年度"},"geometry":{"type":"Polygon","coordinates":[[[139.758555477699,35.698275694373805],[139.75852293719535,35.69833264067692],[139.75856701147788,35.69834943352394],[139.75859955195705,35.698292487209045],[139.758555477699,35.698275694373805]]]}},{"type":"Feature","properties":{"id":"building-1695625","sourceId":"1695625","floors":6,"areaSqm":87.8,"primaryUse":"unclassified","primaryUseBasis":"no_place","placeCount":0,"placeIds":[],"placeNames":[],"hasBookstore":false,"hasCafe":false,"hasRestaurant":false,"bookstoreEra":"unknown","oldestBookstoreYear":null,"mixedUse":false,"source":"東京都 令和3年度区部土地利用現況調査・建物現況","observedAt":"2021年度"},"geometry":{"type":"Polygon","coordinates":[[[139.75867285967874,35.69824367849831],[139.758636003006,35.698307833107414],[139.75874270865899,35.69834909183974],[139.75878641683192,35.69828440062025],[139.75867285967874,35.69824367849831]]]}},{"type":"Feature","properties":{"id":"building-1695629","sourceId":"1695629","floors":3,"areaSqm":34.8,"primaryUse":"unclassified","primaryUseBasis":"no_place","placeCount":0,"placeIds":[],"placeNames":[],"hasBookstore":false,"hasCafe":false,"hasRestaurant":false,"bookstoreEra":"unknown","oldestBookstoreYear":null,"mixedUse":false,"source":"東京都 令和3年度区部土地利用現況調査・建物現況","observedAt":"2021年度"},"geometry":{"type":"Polygon","coordinates":[[[139.75669624777038,35.6982118798921],[139.75667787416694,35.69824368651939],[139.75676723678438,35.698277905278914],[139.75678561036023,35.698246098638144],[139.75669624777038,35.6982118798921]]]}},{"type":"Feature","properties":{"id":"building-1695630","sourceId":"1695630","floors":3,"areaSqm":40.1,"primaryUse":"unclassified","primaryUseBasis":"no_place","placeCount":0,"placeIds":[],"placeNames":[],"hasBookstore":false,"hasCafe":false,"hasRestaurant":false,"bookstoreEra":"unknown","oldestBookstoreYear":null,"mixedUse":false,"source":"東京都 令和3年度区部土地利用現況調査・建物現況","observedAt":"2021年度"},"geometry":{"type":"Polygon","coordinates":[[[139.75747881362346,35.69821408817581],[139.75744449821502,35.69827752292597],[139.75749718927239,35.69829648488242],[139.7575315046473,35.69823305011738],[139.75747881362346,35.69821408817581]]]}},{"type":"Feature","properties":{"id":"building-1695631","sourceId":"1695631","floors":3,"areaSqm":38.4,"primaryUse":"unclassified","primaryUseBasis":"no_place","placeCount":0,"placeIds":[],"placeNames":[],"hasBookstore":false,"hasCafe":false,"hasRestaurant":false,"bookstoreEra":"unknown","oldestBookstoreYear":null,"mixedUse":false,"source":"東京都 令和3年度区部土地利用現況調査・建物現況","observedAt":"2021年度"},"geometry":{"type":"Polygon","coordinates":[[[139.7576214125493,35.69815838320786],[139.75758842652797,35.69821839363358],[139.75764155915854,35.69823780648938],[139.75767454514812,35.698177796049265],[139.7576214125493,35.69815838320786]]]}},{"type":"Feature","properties":{"id":"building-1695632","sourceId":"1695632","floors":5,"areaSqm":38.3,"primaryUse":"unclassified","primaryUseBasis":"no_place","placeCount":0,"placeIds":[],"placeNames":[],"hasBookstore":false,"hasCafe":false,"hasRestaurant":false,"bookstoreEra":"unknown","oldestBookstoreYear":null,"mixedUse":false,"source":"東京都 令和3年度区部土地利用現況調査・建物現況","observedAt":"2021年度"},"geometry":{"type":"Polygon","coordinates":[[[139.75846071030307,35.69823020646682],[139.75842462613096,35.698295262860746],[139.75847322982034,35.69831323034049],[139.75850942446212,35.69824817400083],[139.75846071030307,35.69823020646682]]]}},{"type":"Feature","properties":{"id":"building-1695633","sourceId":"1695633","floors":2,"areaSqm":86.2,"primaryUse":"unclassified","primaryUseBasis":"no_place","placeCount":0,"placeIds":[],"placeNames":[],"hasBookstore":false,"hasCafe":false,"hasRestaurant":false,"bookstoreEra":"unknown","oldestBookstoreYear":null,"mixedUse":false,"source":"東京都 令和3年度区部土地利用現況調査・建物現況","observedAt":"2021年度"},"geometry":{"type":"Polygon","coordinates":[[[139.75856309248823,35.69816780523072],[139.75851749044338,35.698248809972654],[139.75860508718426,35.69828158408026],[139.7586506891593,35.6982005793055],[139.75856309248823,35.69816780523072]]]}},{"type":"Feature","properties":{"id":"building-1695634","sourceId":"1695634","floors":3,"areaSqm":57.5,"primaryUse":"unclassified","primaryUseBasis":"no_place","placeCount":0,"placeIds":[],"placeNames":[],"hasBookstore":false,"hasCafe":false,"hasRestaurant":false,"bookstoreEra":"unknown","oldestBookstoreYear":null,"mixedUse":false,"source":"東京都 令和3年度区部土地利用現況調査・建物現況","observedAt":"2021年度"},"geometry":{"type":"Polygon","coordinates":[[[139.75886593171788,35.69815667266404],[139.75874713978519,35.69811410858],[139.75872321902133,35.6981563201916],[139.7587830099057,35.6981777440195],[139.75878551929944,35.698173083692915],[139.75884551788596,35.6981945815306],[139.75886593171788,35.69815667266404]]]}},{"type":"Feature","properties":{"id":"building-1695649","sourceId":"1695649","floors":4,"areaSqm":72.3,"primaryUse":"unclassified","primaryUseBasis":"no_place","placeCount":0,"placeIds":[],"placeNames":[],"hasBookstore":false,"hasCafe":false,"hasRestaurant":false,"bookstoreEra":"unknown","oldestBookstoreYear":null,"mixedUse":false,"source":"東京都 令和3年度区部土地利用現況調査・建物現況","observedAt":"2021年度"},"geometry":{"type":"Polygon","coordinates":[[[139.75719326874702,35.698108718133106],[139.75715862336978,35.69817034985601],[139.75725516678673,35.69820655580957],[139.75728981210545,35.698144924059164],[139.75719326874702,35.698108718133106]]]}},{"type":"Feature","properties":{"id":"building-1695650","sourceId":"1695650","floors":5,"areaSqm":39.9,"primaryUse":"restaurant","primaryUseBasis":"floor_unverified","placeCount":1,"placeIds":["osm-node-3606906669"],"placeNames":["酉たけ"],"hasBookstore":false,"hasCafe":false,"hasRestaurant":true,"bookstoreEra":"unknown","oldestBookstoreYear":null,"mixedUse":false,"source":"東京都 令和3年度区部土地利用現況調査・建物現況","observedAt":"2021年度"},"geometry":{"type":"Polygon","coordinates":[[[139.75817682175432,35.69812465951315],[139.75815235640616,35.69817223652092],[139.75815984804632,35.698196127479115],[139.75819685400825,35.69820876975007],[139.75823050789967,35.698143080948995],[139.75817682175432,35.69812465951315]]]}},{"type":"Feature","properties":{"id":"building-1695651","sourceId":"1695651","floors":2,"areaSqm":194.8,"primaryUse":"unclassified","primaryUseBasis":"no_place","placeCount":0,"placeIds":[],"placeNames":[],"hasBookstore":false,"hasCafe":false,"hasRestaurant":false,"bookstoreEra":"unknown","oldestBookstoreYear":null,"mixedUse":false,"source":"東京都 令和3年度区部土地利用現況調査・建物現況","observedAt":"2021年度"},"geometry":{"type":"Polygon","coordinates":[[[139.75858206458227,35.69816760068514],[139.75871767370498,35.697924241262214],[139.7586518779142,35.6978998121167],[139.75857012543014,35.69804516121372],[139.75854366861154,35.69808972739364],[139.7585527048504,35.69809264893649],[139.75853838629462,35.69811853186642],[139.75852619826574,35.69811475206327],[139.75851124793616,35.698141492700586],[139.75858206458227,35.69816760068514]]]}},{"type":"Feature","properties":{"id":"building-1695652","sourceId":"1695652","floors":6,"areaSqm":120.8,"primaryUse":"unclassified","primaryUseBasis":"no_place","placeCount":0,"placeIds":[],"placeNames":[],"hasBookstore":false,"hasCafe":false,"hasRestaurant":false,"bookstoreEra":"unknown","oldestBookstoreYear":null,"mixedUse":false,"source":"東京都 令和3年度区部土地利用現況調査・建物現況","observedAt":"2021年度"},"geometry":{"type":"Polygon","coordinates":[[[139.75890194273063,35.69810924596816],[139.75890680308967,35.69811105171148],[139.7589205275454,35.69808699364269],[139.75889600500795,35.69807769437963],[139.75890032157275,35.69807012554875],[139.7587917376145,35.69802895592815],[139.7587605254863,35.69808364969794],[139.75876792643464,35.69808644852672],[139.75875420193324,35.69811050657806],[139.75887504721808,35.69815637093601],[139.75890194273063,35.69810924596816]]]}},{"type":"Feature","properties":{"id":"building-1695659","sourceId":"1695659","floors":3,"areaSqm":75.3,"primaryUse":"unclassified","primaryUseBasis":"no_place","placeCount":0,"placeIds":[],"placeNames":[],"hasBookstore":false,"hasCafe":false,"hasRestaurant":false,"bookstoreEra":"unknown","oldestBookstoreYear":null,"mixedUse":false,"source":"東京都 令和3年度区部土地利用現況調査・建物現況","observedAt":"2021年度"},"geometry":{"type":"Polygon","coordinates":[[[139.75672256971663,35.697957079619336],[139.75670364238573,35.697990237953135],[139.75688943713428,35.69806084314543],[139.75690836449107,35.69802759464589],[139.75672256971663,35.697957079619336]]]}},{"type":"Feature","properties":{"id":"building-1695660","sourceId":"1695660","floors":4,"areaSqm":42.9,"primaryUse":"unclassified","primaryUseBasis":"no_place","placeCount":0,"placeIds":[],"placeNames":[],"hasBookstore":false,"hasCafe":false,"hasRestaurant":false,"bookstoreEra":"unknown","oldestBookstoreYear":null,"mixedUse":false,"source":"東京都 令和3年度区部土地利用現況調査・建物現況","observedAt":"2021年度"},"geometry":{"type":"Polygon","coordinates":[[[139.75889619475413,35.697992424983575],[139.75886797075538,35.69804225323645],[139.75893866649577,35.69806888733639],[139.75896689046,35.698019059067136],[139.75889619475413,35.697992424983575]]]}},{"type":"Feature","properties":{"id":"building-1695667","sourceId":"1695667","floors":4,"areaSqm":77.9,"primaryUse":"unclassified","primaryUseBasis":"no_place","placeCount":0,"placeIds":[],"placeNames":[],"hasBookstore":false,"hasCafe":false,"hasRestaurant":false,"bookstoreEra":"unknown","oldestBookstoreYear":null,"mixedUse":false,"source":"東京都 令和3年度区部土地利用現況調査・建物現況","observedAt":"2021年度"},"geometry":{"type":"Polygon","coordinates":[[[139.75674050580258,35.69792049544924],[139.7567219095584,35.69795410468129],[139.7569136713607,35.698024623497204],[139.75693226754095,35.69799101423582],[139.75674050580258,35.69792049544924]]]}},{"type":"Feature","properties":{"id":"building-1695668","sourceId":"1695668","floors":3,"areaSqm":70.0,"primaryUse":"unclassified","primaryUseBasis":"no_place","placeCount":0,"placeIds":[],"placeNames":[],"hasBookstore":false,"hasCafe":false,"hasRestaurant":false,"bookstoreEra":"unknown","oldestBookstoreYear":null,"mixedUse":false,"source":"東京都 令和3年度区部土地利用現況調査・建物現況","observedAt":"2021年度"},"geometry":{"type":"Polygon","coordinates":[[[139.75871901297967,35.697926605482095],[139.7586732993012,35.698009142544706],[139.75874377461759,35.698035055527235],[139.7587861676846,35.69795846541769],[139.75878175588383,35.69794962926849],[139.75871901297967,35.697926605482095]]]}},{"type":"Feature","properties":{"id":"building-1695675","sourceId":"1695675","floors":5,"areaSqm":139.6,"primaryUse":"unclassified","primaryUseBasis":"no_place","placeCount":0,"placeIds":[],"placeNames":[],"hasBookstore":false,"hasCafe":false,"hasRestaurant":false,"bookstoreEra":"unknown","oldestBookstoreYear":null,"mixedUse":false,"source":"東京都 令和3年度区部土地利用現況調査・建物現況","observedAt":"2021年度"},"geometry":{"type":"Polygon","coordinates":[[[139.7565456478815,35.69786066011187],[139.75651835467312,35.697907468821455],[139.7565767969626,35.69793089752983],[139.75654619963754,35.697985921919944],[139.75661545880502,35.69801291701529],[139.75663734535414,35.698005179188335],[139.75668991838515,35.697914985630646],[139.75660593002505,35.6978840404046],[139.7565456478815,35.69786066011187]]]}},{"type":"Feature","properties":{"id":"building-1695676","sourceId":"1695676","floors":5,"areaSqm":132.7,"primaryUse":"retail","primaryUseBasis":"floor_unverified","placeCount":1,"placeIds":["osm-node-3888636657"],"placeNames":["奥野かるた店"],"hasBookstore":false,"hasCafe":false,"hasRestaurant":false,"bookstoreEra":"unknown","oldestBookstoreYear":null,"mixedUse":false,"source":"東京都 令和3年度区部土地利用現況調査・建物現況","observedAt":"2021年度"},"geometry":{"type":"Polygon","coordinates":[[[139.75679706699668,35.697820659731754],[139.75676706995534,35.69787445238928],[139.7568194286549,35.69789386511656],[139.7568159973708,35.69789990210824],[139.75695197550175,35.69795028486125],[139.7569852933043,35.69789036495482],[139.75679706699668,35.697820659731754]]]}},{"type":"Feature","properties":{"id":"building-1695677","sourceId":"1695677","floors":4,"areaSqm":48.1,"primaryUse":"bookstore","primaryUseBasis":"floor_unverified","placeCount":1,"placeIds":["osm-node-6768292067"],"placeNames":["友愛書房"],"hasBookstore":true,"hasCafe":false,"hasRestaurant":false,"bookstoreEra":"unknown","oldestBookstoreYear":null,"mixedUse":false,"source":"東京都 令和3年度区部土地利用現況調査・建物現況","observedAt":"2021年度"},"geometry":{"type":"Polygon","coordinates":[[[139.75735918240147,35.697821015821795],[139.75734268945405,35.69785093086472],[139.75747546468605,35.69789986881443],[139.75749206817983,35.697869863686265],[139.75735918240147,35.697821015821795]]]}},{"type":"Feature","properties":{"id":"building-1695678","sourceId":"1695678","floors":4,"areaSqm":63.3,"primaryUse":"unclassified","primaryUseBasis":"no_place","placeCount":0,"placeIds":[],"placeNames":[],"hasBookstore":false,"hasCafe":false,"hasRestaurant":false,"bookstoreEra":"unknown","oldestBookstoreYear":null,"mixedUse":false,"source":"東京都 令和3年度区部土地利用現況調査・建物現況","observedAt":"2021年度"},"geometry":{"type":"Polygon","coordinates":[[[139.75768737800377,35.69783223904709],[139.75763745731015,35.69792333607938],[139.75769511874722,35.697944374224484],[139.75774503938842,35.697853277168555],[139.75768737800377,35.69783223904709]]]}},{"type":"Feature","properties":{"id":"building-1695684","sourceId":"1695684","floors":2,"areaSqm":26.5,"primaryUse":"unclassified","primaryUseBasis":"no_place","placeCount":0,"placeIds":[],"placeNames":[],"hasBookstore":false,"hasCafe":false,"hasRestaurant":false,"bookstoreEra":"unknown","oldestBookstoreYear":null,"mixedUse":false,"source":"東京都 令和3年度区部土地利用現況調査・建物現況","observedAt":"2021年度"},"geometry":{"type":"Polygon","coordinates":[[[139.7565914663924,35.697778164484916],[139.75657408735043,35.69780997173276],[139.75664345775567,35.69783489373475],[139.75666083686184,35.69780299634014],[139.7565914663924,35.697778164484916]]]}},{"type":"Feature","properties":{"id":"building-1695685","sourceId":"1695685","floors":4,"areaSqm":54.4,"primaryUse":"antiquarian_bookstore","primaryUseBasis":"floor_unverified","placeCount":1,"placeIds":["osm-node-3606429155"],"placeNames":["りぶる・りべろ"],"hasBookstore":true,"hasCafe":false,"hasRestaurant":false,"bookstoreEra":"unknown","oldestBookstoreYear":null,"mixedUse":false,"source":"東京都 令和3年度区部土地利用現況調査・建物現況","observedAt":"2021年度"},"geometry":{"type":"Polygon","coordinates":[[[139.7581664560868,35.697748601863545],[139.75814055535872,35.69779509633273],[139.7582373201923,35.69783085095461],[139.7582631103755,35.697784356395914],[139.7581664560868,35.697748601863545]]]}},{"type":"Feature","properties":{"id":"building-1695686","sourceId":"1695686","floors":4,"areaSqm":40.6,"primaryUse":"unclassified","primaryUseBasis":"no_place","placeCount":0,"placeIds":[],"placeNames":[],"hasBookstore":false,"hasCafe":false,"hasRestaurant":false,"bookstoreEra":"unknown","oldestBookstoreYear":null,"mixedUse":false,"source":"東京都 令和3年度区部土地利用現況調査・建物現況","observedAt":"2021年度"},"geometry":{"type":"Polygon","coordinates":[[[139.75876522252324,35.697786110675295],[139.7587217241875,35.697863060642256],[139.75876502517,35.69787940225412],[139.75880863397342,35.69780245234009],[139.75876522252324,35.697786110675295]]]}},{"type":"Feature","properties":{"id":"building-1695687","sourceId":"1695687","floors":5,"areaSqm":59.7,"primaryUse":"unclassified","primaryUseBasis":"no_place","placeCount":0,"placeIds":[],"placeNames":[],"hasBookstore":false,"hasCafe":false,"hasRestaurant":false,"bookstoreEra":"unknown","oldestBookstoreYear":null,"mixedUse":false,"source":"東京都 令和3年度区部土地利用現況調査・建物現況","observedAt":"2021年度"},"geometry":{"type":"Polygon","coordinates":[[[139.75881272106085,35.69780398719784],[139.75876911226047,35.69788093711331],[139.75881970377867,35.69789998732851],[139.75884114766362,35.697892699511115],[139.75887756214655,35.69782836428725],[139.75881272106085,35.69780398719784]]]}},{"type":"Feature","properties":{"id":"building-1695694","sourceId":"1695694","floors":7,"areaSqm":64.2,"primaryUse":"unclassified","primaryUseBasis":"no_place","placeCount":0,"placeIds":[],"placeNames":[],"hasBookstore":false,"hasCafe":false,"hasRestaurant":false,"bookstoreEra":"unknown","oldestBookstoreYear":null,"mixedUse":false,"source":"東京都 令和3年度区部土地利用現況調査・建物現況","observedAt":"2021年度"},"geometry":{"type":"Polygon","coordinates":[[[139.75503870860106,35.697671704365995],[139.75499820524362,35.69773333166038],[139.75507883608006,35.69776853749884],[139.75511933930534,35.69770700031448],[139.75503870860106,35.697671704365995]]]}},{"type":"Feature","properties":{"id":"building-1695695","sourceId":"1695695","floors":4,"areaSqm":71.9,"primaryUse":"unclassified","primaryUseBasis":"no_place","placeCount":0,"placeIds":[],"placeNames":[],"hasBookstore":false,"hasCafe":false,"hasRestaurant":false,"bookstoreEra":"unknown","oldestBookstoreYear":null,"mixedUse":false,"source":"東京都 令和3年度区部土地利用現況調査・建物現況","observedAt":"2021年度"},"geometry":{"type":"Polygon","coordinates":[[[139.75801975638404,35.69770100801716],[139.7579806808684,35.69777426487086],[139.75806275524062,35.69780343044187],[139.75810194119578,35.69773017363087],[139.75801975638404,35.69770100801716]]]}},{"type":"Feature","properties":{"id":"building-1695696","sourceId":"1695696","floors":4,"areaSqm":46.5,"primaryUse":"unclassified","primaryUseBasis":"no_place","placeCount":0,"placeIds":[],"placeNames":[],"hasBookstore":false,"hasCafe":false,"hasRestaurant":false,"bookstoreEra":"unknown","oldestBookstoreYear":null,"mixedUse":false,"source":"東京都 令和3年度区部土地利用現況調査・建物現況","observedAt":"2021年度"},"geometry":{"type":"Polygon","coordinates":[[[139.75810580675747,35.697732249195624],[139.7580665077634,35.69780821004446],[139.7581183157573,35.69782599939843],[139.758157614711,35.69775003853287],[139.75810580675747,35.697732249195624]]]}},{"type":"Feature","properties":{"id":"building-1695697","sourceId":"1695697","floors":6,"areaSqm":109.8,"primaryUse":"unclassified","primaryUseBasis":"no_place","placeCount":0,"placeIds":[],"placeNames":[],"hasBookstore":false,"hasCafe":false,"hasRestaurant":false,"bookstoreEra":"unknown","oldestBookstoreYear":null,"mixedUse":false,"source":"東京都 令和3年度区部土地利用現況調査・建物現況","observedAt":"2021年度"},"geometry":{"type":"Polygon","coordinates":[[[139.75874530036137,35.69770191045804],[139.75871264913835,35.697759487707884],[139.75886917325104,35.697818534175006],[139.75890182430197,35.69776104702004],[139.75874530036137,35.69770191045804]]]}},{"type":"Feature","properties":{"id":"building-1695710","sourceId":"1695710","floors":2,"areaSqm":37.0,"primaryUse":"restaurant","primaryUseBasis":"floor_unverified","placeCount":1,"placeIds":["osm-node-6299113885"],"placeNames":["焼きそば専門 みかさ"],"hasBookstore":false,"hasCafe":false,"hasRestaurant":true,"bookstoreEra":"unknown","oldestBookstoreYear":null,"mixedUse":false,"source":"東京都 令和3年度区部土地利用現況調査・建物現況","observedAt":"2021年度"},"geometry":{"type":"Polygon","coordinates":[[[139.75708198180286,35.697557841775485],[139.75707866113885,35.69756378870817],[139.7570595513305,35.69755674592192],[139.7570556772206,35.697563684009324],[139.75701403348552,35.697548154064975],[139.75700628525794,35.69756203023673],[139.75714480451393,35.697613496028666],[139.7571597473995,35.69758682495962],[139.75708198180286,35.697557841775485]]]}},{"type":"Feature","properties":{"id":"building-1695711","sourceId":"1695711","floors":3,"areaSqm":44.0,"primaryUse":"unclassified","primaryUseBasis":"no_place","placeCount":0,"placeIds":[],"placeNames":[],"hasBookstore":false,"hasCafe":false,"hasRestaurant":false,"bookstoreEra":"unknown","oldestBookstoreYear":null,"mixedUse":false,"source":"東京都 令和3年度区部土地利用現況調査・建物現況","observedAt":"2021年度"},"geometry":{"type":"Polygon","coordinates":[[[139.75864832414211,35.69753726032749],[139.75864423043143,35.697542846276164],[139.75860865977629,35.697531737360016],[139.75858342254355,35.69757805206443],[139.75865455969588,35.69760477674401],[139.75868532710504,35.69755287696579],[139.75864832414211,35.69753726032749]]]}},{"type":"Feature","properties":{"id":"building-1695714","sourceId":"1695714","floors":3,"areaSqm":54.6,"primaryUse":"unclassified","primaryUseBasis":"no_place","placeCount":0,"placeIds":[],"placeNames":[],"hasBookstore":false,"hasCafe":false,"hasRestaurant":false,"bookstoreEra":"unknown","oldestBookstoreYear":null,"mixedUse":false,"source":"東京都 令和3年度区部土地利用現況調査・建物現況","observedAt":"2021年度"},"geometry":{"type":"Polygon","coordinates":[[[139.7553598038611,35.69746360638436],[139.75532958665733,35.69751568594245],[139.7554149711129,35.69754864121448],[139.75544518827374,35.697496561635184],[139.7553598038611,35.69746360638436]]]}},{"type":"Feature","properties":{"id":"building-1695715","sourceId":"1695715","floors":4,"areaSqm":74.0,"primaryUse":"restaurant","primaryUseBasis":"floor_unverified","placeCount":1,"placeIds":["osm-node-6299113691"],"placeNames":["キッチン グラン"],"hasBookstore":false,"hasCafe":false,"hasRestaurant":true,"bookstoreEra":"unknown","oldestBookstoreYear":null,"mixedUse":false,"source":"東京都 令和3年度区部土地利用現況調査・建物現況","observedAt":"2021年度"},"geometry":{"type":"Polygon","coordinates":[[[139.7570570473136,35.69738510292036],[139.75703767679778,35.69741979335672],[139.75721684557809,35.69748507577203],[139.75723621474765,35.697451737360055],[139.7570570473136,35.69738510292036]]]}},{"type":"Feature","properties":{"id":"building-1695716","sourceId":"1695716","floors":2,"areaSqm":69.8,"primaryUse":"retail","primaryUseBasis":"floor_unverified","placeCount":1,"placeIds":["osm-node-6768292061"],"placeNames":["ポニー"],"hasBookstore":false,"hasCafe":false,"hasRestaurant":false,"bookstoreEra":"unknown","oldestBookstoreYear":null,"mixedUse":false,"source":"東京都 令和3年度区部土地利用現況調査・建物現況","observedAt":"2021年度"},"geometry":{"type":"Polygon","coordinates":[[[139.75758719181596,35.69742077135179],[139.75756250917084,35.697464291947306],[139.7576939571316,35.69751404005563],[139.75771875013555,35.69747060963971],[139.75758719181596,35.69742077135179]]]}},{"type":"Feature","properties":{"id":"building-1695728","sourceId":"1695728","floors":2,"areaSqm":79.6,"primaryUse":"unclassified","primaryUseBasis":"no_place","placeCount":0,"placeIds":[],"placeNames":[],"hasBookstore":false,"hasCafe":false,"hasRestaurant":false,"bookstoreEra":"unknown","oldestBookstoreYear":null,"mixedUse":false,"source":"東京都 令和3年度区部土地利用現況調査・建物現況","observedAt":"2021年度"},"geometry":{"type":"Polygon","coordinates":[[[139.75472984033397,35.697354401420604],[139.7547060438725,35.69739413625829],[139.75486720035755,35.69745823862339],[139.75489099675826,35.69741850375419],[139.75472984033397,35.697354401420604]]]}},{"type":"Feature","properties":{"id":"building-1695729","sourceId":"1695729","floors":2,"areaSqm":55.7,"primaryUse":"unclassified","primaryUseBasis":"no_place","placeCount":0,"placeIds":[],"placeNames":[],"hasBookstore":false,"hasCafe":false,"hasRestaurant":false,"bookstoreEra":"unknown","oldestBookstoreYear":null,"mixedUse":false,"source":"東京都 令和3年度区部土地利用現況調査・建物現況","observedAt":"2021年度"},"geometry":{"type":"Polygon","coordinates":[[[139.7561452210914,35.69736595348024],[139.75611577454464,35.69742154907065],[139.75619994693764,35.697451167943214],[139.7562293934369,35.697395572332425],[139.7561452210914,35.69736595348024]]]}},{"type":"Feature","properties":{"id":"building-1695730","sourceId":"1695730","floors":2,"areaSqm":29.1,"primaryUse":"restaurant","primaryUseBasis":"floor_unverified","placeCount":1,"placeIds":["osm-node-13108052166"],"placeNames":["鰹が昇るまで"],"hasBookstore":false,"hasCafe":false,"hasRestaurant":true,"bookstoreEra":"unknown","oldestBookstoreYear":null,"mixedUse":false,"source":"東京都 令和3年度区部土地利用現況調査・建物現況","observedAt":"2021年度"},"geometry":{"type":"Polygon","coordinates":[[[139.7572192831655,35.69736186015141],[139.75719493423733,35.69740285704928],[139.75725226222838,35.69742542752471],[139.75727650063433,35.69738443054556],[139.7572192831655,35.69736186015141]]]}},{"type":"Feature","properties":{"id":"building-1695731","sourceId":"1695731","floors":4,"areaSqm":28.8,"primaryUse":"unclassified","primaryUseBasis":"no_place","placeCount":0,"placeIds":[],"placeNames":[],"hasBookstore":false,"hasCafe":false,"hasRestaurant":false,"bookstoreEra":"unknown","oldestBookstoreYear":null,"mixedUse":false,"source":"東京都 令和3年度区部土地利用現況調査・建物現況","observedAt":"2021年度"},"geometry":{"type":"Polygon","coordinates":[[[139.75802509762065,35.697426364185525],[139.75799000677057,35.697492682996106],[139.75802634921163,35.697505505179265],[139.75806155053718,35.69743918642731],[139.75802509762065,35.697426364185525]]]}},{"type":"Feature","properties":{"id":"building-1695732","sourceId":"1695732","floors":6,"areaSqm":61.2,"primaryUse":"retail","primaryUseBasis":"floor_unverified","placeCount":1,"placeIds":["osm-node-10743318079"],"placeNames":["Kinonedo"],"hasBookstore":false,"hasCafe":false,"hasRestaurant":false,"bookstoreEra":"unknown","oldestBookstoreYear":null,"mixedUse":false,"source":"東京都 令和3年度区部土地利用現況調査・建物現況","observedAt":"2021年度"},"geometry":{"type":"Polygon","coordinates":[[[139.75836901557227,35.69732925081456],[139.75834617375972,35.69736745464005],[139.7584730231791,35.69741587582399],[139.75849587079668,35.697374957054436],[139.75836901557227,35.69732925081456]]]}},{"type":"Feature","properties":{"id":"building-1695733","sourceId":"1695733","floors":4,"areaSqm":33.9,"primaryUse":"unclassified","primaryUseBasis":"no_place","placeCount":0,"placeIds":[],"placeNames":[],"hasBookstore":false,"hasCafe":false,"hasRestaurant":false,"bookstoreEra":"unknown","oldestBookstoreYear":null,"mixedUse":false,"source":"東京都 令和3年度区部土地利用現況調査・建物現況","observedAt":"2021年度"},"geometry":{"type":"Polygon","coordinates":[[[139.75860571865994,35.69736786662295],[139.75858457846647,35.69740508004375],[139.758659250032,35.69743333924349],[139.7586803901983,35.69739612580974],[139.75860571865994,35.69736786662295]]]}},{"type":"Feature","properties":{"id":"building-1695739","sourceId":"1695739","floors":4,"areaSqm":85.1,"primaryUse":"unclassified","primaryUseBasis":"no_place","placeCount":0,"placeIds":[],"placeNames":[],"hasBookstore":false,"hasCafe":false,"hasRestaurant":false,"bookstoreEra":"unknown","oldestBookstoreYear":null,"mixedUse":false,"source":"東京都 令和3年度区部土地利用現況調査・建物現況","observedAt":"2021年度"},"geometry":{"type":"Polygon","coordinates":[[[139.7562158395155,35.69724179007253],[139.7561932570631,35.69728386954297],[139.75636215305224,35.69734427925438],[139.75638484593273,35.69730219982322],[139.7562158395155,35.69724179007253]]]}},{"type":"Feature","properties":{"id":"building-1695740","sourceId":"1695740","floors":2,"areaSqm":61.6,"primaryUse":"unclassified","primaryUseBasis":"no_place","placeCount":0,"placeIds":[],"placeNames":[],"hasBookstore":false,"hasCafe":false,"hasRestaurant":false,"bookstoreEra":"unknown","oldestBookstoreYear":null,"mixedUse":false,"source":"東京都 令和3年度区部土地利用現況調査・建物現況","observedAt":"2021年度"},"geometry":{"type":"Polygon","coordinates":[[[139.75709346883113,35.697314638925675],[139.75707088621812,35.69735734951882],[139.75719206407018,35.697399880715665],[139.75721453613093,35.69735717003014],[139.75709346883113,35.697314638925675]]]}},{"type":"Feature","properties":{"id":"building-1695741","sourceId":"1695741","floors":3,"areaSqm":21.3,"primaryUse":"unclassified","primaryUseBasis":"no_place","placeCount":0,"placeIds":[],"placeNames":[],"hasBookstore":false,"hasCafe":false,"hasRestaurant":false,"bookstoreEra":"unknown","oldestBookstoreYear":null,"mixedUse":false,"source":"東京都 令和3年度区部土地利用現況調査・建物現況","observedAt":"2021年度"},"geometry":{"type":"Polygon","coordinates":[[[139.7581238595298,35.697318831298084],[139.75808803418406,35.697390819291584],[139.7581125144422,35.697398926182345],[139.758149947041,35.69732747099333],[139.7581238595298,35.697318831298084]]]}},{"type":"Feature","properties":{"id":"building-1695742","sourceId":"1695742","floors":2,"areaSqm":25.5,"primaryUse":"unclassified","primaryUseBasis":"no_place","placeCount":0,"placeIds":[],"placeNames":[],"hasBookstore":false,"hasCafe":false,"hasRestaurant":false,"bookstoreEra":"unknown","oldestBookstoreYear":null,"mixedUse":false,"source":"東京都 令和3年度区部土地利用現況調査・建物現況","observedAt":"2021年度"},"geometry":{"type":"Polygon","coordinates":[[[139.7588516218502,35.69732367166267],[139.75881398914393,35.69739116092214],[139.75884513935412,35.69740271772712],[139.75888277203958,35.69733522845806],[139.7588516218502,35.69732367166267]]]}},{"type":"Feature","properties":{"id":"building-1695746","sourceId":"1695746","floors":3,"areaSqm":61.9,"primaryUse":"unclassified","primaryUseBasis":"no_place","placeCount":0,"placeIds":[],"placeNames":[],"hasBookstore":false,"hasCafe":false,"hasRestaurant":false,"bookstoreEra":"unknown","oldestBookstoreYear":null,"mixedUse":false,"source":"東京都 令和3年度区部土地利用現況調査・建物現況","observedAt":"2021年度"},"geometry":{"type":"Polygon","coordinates":[[[139.75650129761203,35.697202672914486],[139.75645303451668,35.69729151709962],[139.7565110267725,35.697312465888075],[139.75655928981624,35.69722362167994],[139.75650129761203,35.697202672914486]]]}},{"type":"Feature","properties":{"id":"building-1695747","sourceId":"1695747","floors":4,"areaSqm":78.6,"primaryUse":"restaurant","primaryUseBasis":"confirmed_ground_floor","placeCount":1,"placeIds":["osm-node-5614976941"],"placeNames":["中華料理 謝謝"],"hasBookstore":false,"hasCafe":false,"hasRestaurant":true,"bookstoreEra":"unknown","oldestBookstoreYear":null,"mixedUse":false,"source":"東京都 令和3年度区部土地利用現況調査・建物現況","observedAt":"2021年度"},"geometry":{"type":"Polygon","coordinates":[[[139.7584345433936,35.69716224986832],[139.758391264536,35.69714636784798],[139.7583506643073,35.69722008357792],[139.758307418585,35.69720420154819],[139.75828755024918,35.69724012675256],[139.758390236525,35.697277849930714],[139.7583974190313,35.697264829617595],[139.7583812363883,35.69725888853335],[139.7584345433936,35.69716224986832]]]}},{"type":"Feature","properties":{"id":"building-1695748","sourceId":"1695748","floors":3,"areaSqm":27.5,"primaryUse":"cafe","primaryUseBasis":"floor_unverified","placeCount":1,"placeIds":["osm-node-3606951990"],"placeNames":["珈琲エリカ"],"hasBookstore":false,"hasCafe":true,"hasRestaurant":false,"bookstoreEra":"unknown","oldestBookstoreYear":null,"mixedUse":false,"source":"東京都 令和3年度区部土地利用現況調査・建物現況","observedAt":"2021年度"},"geometry":{"type":"Polygon","coordinates":[[[139.75852168188314,35.69719337154699],[139.75850097626554,35.697234989314076],[139.7585613307631,35.69725672728178],[139.75857348500696,35.697235003721296],[139.75856400526666,35.69721012004403],[139.75852168188314,35.69719337154699]]]}},{"type":"Feature","properties":{"id":"building-1695749","sourceId":"1695749","floors":3,"areaSqm":46.5,"primaryUse":"unclassified","primaryUseBasis":"upper_or_basement_only","placeCount":1,"placeIds":["osm-node-5613596239"],"placeNames":["ギャラリー内田"],"hasBookstore":false,"hasCafe":false,"hasRestaurant":false,"bookstoreEra":"unknown","oldestBookstoreYear":null,"mixedUse":false,"source":"東京都 令和3年度区部土地利用現況調査・建物現況","observedAt":"2021年度"},"geometry":{"type":"Polygon","coordinates":[[[139.75868913492985,35.697261196268194],[139.75866139179783,35.69726947165807],[139.7586410248177,35.69730704611672],[139.75871713356383,35.69733449494049],[139.75874580225857,35.69728160233737],[139.75868913492985,35.697261196268194]]]}},{"type":"Feature","properties":{"id":"building-1695750","sourceId":"1695750","floors":4,"areaSqm":55.8,"primaryUse":"unclassified","primaryUseBasis":"no_place","placeCount":0,"placeIds":[],"placeNames":[],"hasBookstore":false,"hasCafe":false,"hasRestaurant":false,"bookstoreEra":"unknown","oldestBookstoreYear":null,"mixedUse":false,"source":"東京都 令和3年度区部土地利用現況調査・建物現況","observedAt":"2021年度"},"geometry":{"type":"Polygon","coordinates":[[[139.75904522736298,35.697193813863656],[139.7589858014422,35.69728824066548],[139.75903241423174,35.69730773902009],[139.7590918401121,35.69721331219552],[139.75904522736298,35.697193813863656]]]}},{"type":"Feature","properties":{"id":"building-1695755","sourceId":"1695755","floors":8,"areaSqm":159.4,"primaryUse":"unclassified","primaryUseBasis":"no_place","placeCount":0,"placeIds":[],"placeNames":[],"hasBookstore":false,"hasCafe":false,"hasRestaurant":false,"bookstoreEra":"unknown","oldestBookstoreYear":null,"mixedUse":false,"source":"東京都 令和3年度区部土地利用現況調査・建物現況","observedAt":"2021年度"},"geometry":{"type":"Polygon","coordinates":[[[139.7545833218036,35.697012957155266],[139.75446921636643,35.69697196029207],[139.7544336813095,35.697037736956744],[139.75440496170916,35.6970273523836],[139.75438304287306,35.69706789962292],[139.7545258680441,35.697119281118354],[139.7545833218036,35.697012957155266]]]}},{"type":"Feature","properties":{"id":"building-1695756","sourceId":"1695756","floors":2,"areaSqm":33.2,"primaryUse":"restaurant","primaryUseBasis":"floor_unverified","placeCount":1,"placeIds":["osm-node-11337843168"],"placeNames":["力也商店"],"hasBookstore":false,"hasCafe":false,"hasRestaurant":true,"bookstoreEra":"unknown","oldestBookstoreYear":null,"mixedUse":false,"source":"東京都 令和3年度区部土地利用現況調査・建物現況","observedAt":"2021年度"},"geometry":{"type":"Polygon","coordinates":[[[139.75718164070392,35.69716152777794],[139.75715156590138,35.69721628495332],[139.7572023405154,35.69723483931136],[139.75723177190315,35.6971803764644],[139.75718164070392,35.69716152777794]]]}},{"type":"Feature","properties":{"id":"building-1695757","sourceId":"1695757","floors":3,"areaSqm":48.6,"primaryUse":"retail","primaryUseBasis":"floor_unverified","placeCount":1,"placeIds":["osm-node-6784918732"],"placeNames":["こころ整骨院"],"hasBookstore":false,"hasCafe":false,"hasRestaurant":false,"bookstoreEra":"unknown","oldestBookstoreYear":null,"mixedUse":false,"source":"東京都 令和3年度区部土地利用現況調査・建物現況","observedAt":"2021年度"},"geometry":{"type":"Polygon","coordinates":[[[139.75732415924912,35.69711657373088],[139.75729803638293,35.697163969252436],[139.7573830914872,35.69719512018421],[139.7574092142279,35.69714781478127],[139.75732415924912,35.69711657373088]]]}},{"type":"Feature","properties":{"id":"building-1695758","sourceId":"1695758","floors":4,"areaSqm":36.6,"primaryUse":"restaurant","primaryUseBasis":"confirmed_ground_floor","placeCount":1,"placeIds":["osm-node-5614976936"],"placeNames":["魚玉"],"hasBookstore":false,"hasCafe":false,"hasRestaurant":true,"bookstoreEra":"unknown","oldestBookstoreYear":null,"mixedUse":false,"source":"東京都 令和3年度区部土地利用現況調査・建物現況","observedAt":"2021年度"},"geometry":{"type":"Polygon","coordinates":[[[139.75835381476634,35.69712434571054],[139.75831056868265,35.69720328411493],[139.7583484677543,35.69721753133486],[139.75839261815028,35.69713928663292],[139.75835381476634,35.69712434571054]]]}},{"type":"Feature","properties":{"id":"building-1695759","sourceId":"1695759","floors":4,"areaSqm":50.6,"primaryUse":"bookstore","primaryUseBasis":"confirmed_ground_floor","placeCount":1,"placeIds":["osm-node-5614974721"],"placeNames":["沙羅書房"],"hasBookstore":true,"hasCafe":false,"hasRestaurant":false,"bookstoreEra":"unknown","oldestBookstoreYear":null,"mixedUse":false,"source":"東京都 令和3年度区部土地利用現況調査・建物現況","observedAt":"2021年度"},"geometry":{"type":"Polygon","coordinates":[[[139.7584416138258,35.697163894759335],[139.75838947943095,35.697259137035296],[139.7584335548744,35.69727520883922],[139.75848568812236,35.69717996654368],[139.7584416138258,35.697163894759335]]]}},{"type":"Feature","properties":{"id":"building-1695760","sourceId":"1695760","floors":3,"areaSqm":51.1,"primaryUse":"unclassified","primaryUseBasis":"no_place","placeCount":0,"placeIds":[],"placeNames":[],"hasBookstore":false,"hasCafe":false,"hasRestaurant":false,"bookstoreEra":"unknown","oldestBookstoreYear":null,"mixedUse":false,"source":"東京都 令和3年度区部土地利用現況調査・建物現況","observedAt":"2021年度"},"geometry":{"type":"Polygon","coordinates":[[[139.75930517178898,35.69714034253691],[139.75931433991082,35.69714395365154],[139.75934012658283,35.69710034323557],[139.7593348352697,35.69708663917102],[139.75929374441915,35.697070479395414],[139.7592739616194,35.69707416283972],[139.75924053853743,35.697130658121196],[139.7592975354969,35.69715313728315],[139.75930517178898,35.69714034253691]]]}},{"type":"Feature","properties":{"id":"building-1695763","sourceId":"1695763","floors":4,"areaSqm":54.1,"primaryUse":"unclassified","primaryUseBasis":"no_place","placeCount":0,"placeIds":[],"placeNames":[],"hasBookstore":false,"hasCafe":false,"hasRestaurant":false,"bookstoreEra":"unknown","oldestBookstoreYear":null,"mixedUse":false,"source":"東京都 令和3年度区部土地利用現況調査・建物現況","observedAt":"2021年度"},"geometry":{"type":"Polygon","coordinates":[[[139.75544345037048,35.69701108308267],[139.75540759257754,35.697068657366515],[139.7554820391657,35.697099532362856],[139.75551789691903,35.697041958057085],[139.75544345037048,35.69701108308267]]]}},{"type":"Feature","properties":{"id":"building-1695764","sourceId":"1695764","floors":4,"areaSqm":84.1,"primaryUse":"retail","primaryUseBasis":"floor_unverified","placeCount":1,"placeIds":["osm-node-5615071227"],"placeNames":["RimShot"],"hasBookstore":false,"hasCafe":false,"hasRestaurant":false,"bookstoreEra":"unknown","oldestBookstoreYear":null,"mixedUse":false,"source":"東京都 令和3年度区部土地利用現況調査・建物現況","observedAt":"2021年度"},"geometry":{"type":"Polygon","coordinates":[[[139.75817550451558,35.69705545463451],[139.75812182753808,35.69714573830244],[139.75819704984278,35.69717544032466],[139.7582506161717,35.69708524669151],[139.75817550451558,35.69705545463451]]]}},{"type":"Feature","properties":{"id":"building-1695765","sourceId":"1695765","floors":3,"areaSqm":19.5,"primaryUse":"retail","primaryUseBasis":"floor_unverified","placeCount":1,"placeIds":["osm-node-6823038528"],"placeNames":["埼玉や"],"hasBookstore":false,"hasCafe":false,"hasRestaurant":false,"bookstoreEra":"unknown","oldestBookstoreYear":null,"mixedUse":false,"source":"東京都 令和3年度区部土地利用現況調査・建物現況","observedAt":"2021年度"},"geometry":{"type":"Polygon","coordinates":[[[139.75862269610735,35.69707142314624],[139.7585879078245,35.69712918201995],[139.75859808771648,35.697133191321164],[139.75862611744213,35.697125628205214],[139.75865303236083,35.69708354735891],[139.75862269610735,35.69707142314624]]]}},{"type":"Feature","properties":{"id":"building-1695766","sourceId":"1695766","floors":3,"areaSqm":51.6,"primaryUse":"unclassified","primaryUseBasis":"no_place","placeCount":0,"placeIds":[],"placeNames":[],"hasBookstore":false,"hasCafe":false,"hasRestaurant":false,"bookstoreEra":"unknown","oldestBookstoreYear":null,"mixedUse":false,"source":"東京都 令和3年度区部土地利用現況調査・建物現況","observedAt":"2021年度"},"geometry":{"type":"Polygon","coordinates":[[[139.75949651304418,35.697068080107854],[139.75947216977553,35.69710430021579],[139.75958118777518,35.69715313113255],[139.75960553100944,35.697116911002816],[139.75949651304418,35.697068080107854]]]}},{"type":"Feature","properties":{"id":"building-1695770","sourceId":"1695770","floors":5,"areaSqm":64.2,"primaryUse":"unclassified","primaryUseBasis":"no_place","placeCount":0,"placeIds":[],"placeNames":[],"hasBookstore":false,"hasCafe":false,"hasRestaurant":false,"bookstoreEra":"unknown","oldestBookstoreYear":null,"mixedUse":false,"source":"東京都 令和3年度区部土地利用現況調査・建物現況","observedAt":"2021年度"},"geometry":{"type":"Polygon","coordinates":[[[139.75861413929255,35.69698230396801],[139.75857456184934,35.69704732760585],[139.75865603458678,35.69707885308787],[139.75869452789127,35.69701866910402],[139.75861413929255,35.69698230396801]]]}},{"type":"Feature","properties":{"id":"building-1695771","sourceId":"1695771","floors":2,"areaSqm":79.0,"primaryUse":"antiquarian_bookstore","primaryUseBasis":"floor_unverified","placeCount":1,"placeIds":["osm-node-3606951989"],"placeNames":["書肆ひぐらし"],"hasBookstore":true,"hasCafe":false,"hasRestaurant":false,"bookstoreEra":"unknown","oldestBookstoreYear":null,"mixedUse":false,"source":"東京都 令和3年度区部土地利用現況調査・建物現況","observedAt":"2021年度"},"geometry":{"type":"Polygon","coordinates":[[[139.7592311213016,35.696918560147665],[139.75918641890746,35.69698415230079],[139.75927809493024,35.69702567171892],[139.75932279718933,35.69696016966901],[139.7592311213016,35.696918560147665]]]}},{"type":"Feature","properties":{"id":"building-1695775","sourceId":"1695775","floors":2,"areaSqm":44.4,"primaryUse":"unclassified","primaryUseBasis":"no_place","placeCount":0,"placeIds":[],"placeNames":[],"hasBookstore":false,"hasCafe":false,"hasRestaurant":false,"bookstoreEra":"unknown","oldestBookstoreYear":null,"mixedUse":false,"source":"東京都 令和3年度区部土地利用現況調査・建物現況","observedAt":"2021年度"},"geometry":{"type":"Polygon","coordinates":[[[139.75739672743205,35.69691507337647],[139.75737945999504,35.696946249857405],[139.75749732190113,35.69698931947882],[139.75751458930162,35.69695814298117],[139.75739672743205,35.69691507337647]]]}},{"type":"Feature","properties":{"id":"building-1695776","sourceId":"1695776","floors":2,"areaSqm":86.0,"primaryUse":"unclassified","primaryUseBasis":"no_place","placeCount":0,"placeIds":[],"placeNames":[],"hasBookstore":false,"hasCafe":false,"hasRestaurant":false,"bookstoreEra":"unknown","oldestBookstoreYear":null,"mixedUse":false,"source":"東京都 令和3年度区部土地利用現況調査・建物現況","observedAt":"2021年度"},"geometry":{"type":"Polygon","coordinates":[[[139.7581824061627,35.69688365797044],[139.75820593435162,35.69689232580142],[139.75824356817975,35.69682393535808],[139.75818104730993,35.6968009114261],[139.7581031233763,35.69694210731074],[139.75814222662703,35.69695646351299],[139.7581824061627,35.69688365797044]]]}},{"type":"Feature","properties":{"id":"building-1695777","sourceId":"1695777","floors":3,"areaSqm":27.9,"primaryUse":"unclassified","primaryUseBasis":"no_place","placeCount":0,"placeIds":[],"placeNames":[],"hasBookstore":false,"hasCafe":false,"hasRestaurant":false,"bookstoreEra":"unknown","oldestBookstoreYear":null,"mixedUse":false,"source":"東京都 令和3年度区部土地利用現況調査・建物現況","observedAt":"2021年度"},"geometry":{"type":"Polygon","coordinates":[[[139.75825452556626,35.69692264212376],[139.75821811150348,35.69698643634753],[139.75825390049505,35.6970000693499],[139.75829042511913,35.696936185047434],[139.75825452556626,35.69692264212376]]]}},{"type":"Feature","properties":{"id":"building-1695778","sourceId":"1695778","floors":2,"areaSqm":38.6,"primaryUse":"unclassified","primaryUseBasis":"no_place","placeCount":0,"placeIds":[],"placeNames":[],"hasBookstore":false,"hasCafe":false,"hasRestaurant":false,"bookstoreEra":"unknown","oldestBookstoreYear":null,"mixedUse":false,"source":"東京都 令和3年度区部土地利用現況調査・建物現況","observedAt":"2021年度"},"geometry":{"type":"Polygon","coordinates":[[[139.7582249680035,35.69686268263119],[139.7582048230199,35.69689908537705],[139.75829252899425,35.69693149923902],[139.7583126738618,35.69689518661549],[139.7582249680035,35.69686268263119]]]}},{"type":"Feature","properties":{"id":"building-1695779","sourceId":"1695779","floors":2,"areaSqm":43.0,"primaryUse":"unclassified","primaryUseBasis":"no_place","placeCount":0,"placeIds":[],"placeNames":[],"hasBookstore":false,"hasCafe":false,"hasRestaurant":false,"bookstoreEra":"unknown","oldestBookstoreYear":null,"mixedUse":false,"source":"東京都 令和3年度区部土地利用現況調査・建物現況","observedAt":"2021年度"},"geometry":{"type":"Polygon","coordinates":[[[139.7591101900651,35.69684799856852],[139.75908451894531,35.69688611065596],[139.75917100401367,35.69692474257276],[139.75919656468906,35.69688654026216],[139.7591101900651,35.69684799856852]]]}},{"type":"Feature","properties":{"id":"building-1695780","sourceId":"1695780","floors":2,"areaSqm":51.5,"primaryUse":"restaurant","primaryUseBasis":"floor_unverified","placeCount":1,"placeIds":["osm-node-3606951975"],"placeNames":["Ceppo"],"hasBookstore":false,"hasCafe":false,"hasRestaurant":true,"bookstoreEra":"unknown","oldestBookstoreYear":null,"mixedUse":false,"source":"東京都 令和3年度区部土地利用現況調査・建物現況","observedAt":"2021年度"},"geometry":{"type":"Polygon","coordinates":[[[139.75908263745276,35.69688935442468],[139.75905397530673,35.69693557698342],[139.7591425619859,35.69697195679411],[139.7591711135948,35.696925734146426],[139.75908263745276,35.69688935442468]]]}},{"type":"Feature","properties":{"id":"building-1695781","sourceId":"1695781","floors":3,"areaSqm":31.2,"primaryUse":"unclassified","primaryUseBasis":"no_place","placeCount":0,"placeIds":[],"placeNames":[],"hasBookstore":false,"hasCafe":false,"hasRestaurant":false,"bookstoreEra":"unknown","oldestBookstoreYear":null,"mixedUse":false,"source":"東京都 令和3年度区部土地利用現況調査・建物現況","observedAt":"2021年度"},"geometry":{"type":"Polygon","coordinates":[[[139.75925535437355,35.696882069608804],[139.75923444344676,35.69691081041728],[139.75931418799783,35.69694961835556],[139.75933520932205,35.69692096773819],[139.75925535437355,35.696882069608804]]]}},{"type":"Feature","properties":{"id":"building-1695784","sourceId":"1695784","floors":4,"areaSqm":36.1,"primaryUse":"unclassified","primaryUseBasis":"no_place","placeCount":0,"placeIds":[],"placeNames":[],"hasBookstore":false,"hasCafe":false,"hasRestaurant":false,"bookstoreEra":"unknown","oldestBookstoreYear":null,"mixedUse":false,"source":"東京都 令和3年度区部土地利用現況調査・建物現況","observedAt":"2021年度"},"geometry":{"type":"Polygon","coordinates":[[[139.75715254331462,35.69677881233677],[139.75713162625868,35.69681323140234],[139.7572155733659,35.69684708586035],[139.75723637989563,35.6968126667105],[139.75715254331462,35.69677881233677]]]}},{"type":"Feature","properties":{"id":"building-1695785","sourceId":"1695785","floors":4,"areaSqm":43.8,"primaryUse":"unclassified","primaryUseBasis":"no_place","placeCount":0,"placeIds":[],"placeNames":[],"hasBookstore":false,"hasCafe":false,"hasRestaurant":false,"bookstoreEra":"unknown","oldestBookstoreYear":null,"mixedUse":false,"source":"東京都 令和3年度区部土地利用現況調査・建物現況","observedAt":"2021年度"},"geometry":{"type":"Polygon","coordinates":[[[139.7587193766345,35.696824501634495],[139.75868938344152,35.69687595122334],[139.75875864143737,35.69690276481585],[139.75878852418077,35.69685122500462],[139.7587193766345,35.696824501634495]]]}},{"type":"Feature","properties":{"id":"building-1695786","sourceId":"1695786","floors":4,"areaSqm":84.5,"primaryUse":"unclassified","primaryUseBasis":"no_place","placeCount":0,"placeIds":[],"placeNames":[],"hasBookstore":false,"hasCafe":false,"hasRestaurant":false,"bookstoreEra":"unknown","oldestBookstoreYear":null,"mixedUse":false,"source":"東京都 令和3年度区部土地利用現況調査・建物現況","observedAt":"2021年度"},"geometry":{"type":"Polygon","coordinates":[[[139.75931533758754,35.696800912066614],[139.75926065564207,35.696879004610146],[139.75933983574348,35.6969175742228],[139.75939608024407,35.69683692632037],[139.75931533758754,35.696800912066614]]]}},{"type":"Feature","properties":{"id":"building-1695787","sourceId":"1695787","floors":2,"areaSqm":45.0,"primaryUse":"retail","primaryUseBasis":"confirmed_ground_floor","placeCount":1,"placeIds":["osm-node-5252152097"],"placeNames":["QBハウス"],"hasBookstore":false,"hasCafe":false,"hasRestaurant":false,"bookstoreEra":"unknown","oldestBookstoreYear":null,"mixedUse":false,"source":"東京都 令和3年度区部土地利用現況調査・建物現況","observedAt":"2021年度"},"geometry":{"type":"Polygon","coordinates":[[[139.75961079725,35.69679773938402],[139.75960382643945,35.696807920587204],[139.759774256673,35.696883920144465],[139.7597951685578,35.69685391732562],[139.75961079725,35.69679773938402]]]}},{"type":"Feature","properties":{"id":"building-1695792","sourceId":"1695792","floors":3,"areaSqm":69.5,"primaryUse":"unclassified","primaryUseBasis":"no_place","placeCount":0,"placeIds":[],"placeNames":[],"hasBookstore":false,"hasCafe":false,"hasRestaurant":false,"bookstoreEra":"unknown","oldestBookstoreYear":null,"mixedUse":false,"source":"東京都 令和3年度区部土地利用現況調査・建物現況","observedAt":"2021年度"},"geometry":{"type":"Polygon","coordinates":[[[139.75609521985396,35.69673577420549],[139.75604121377415,35.69682136961805],[139.7561050562941,35.69684827139657],[139.75615917282286,35.69676267602654],[139.75609521985396,35.69673577420549]]]}},{"type":"Feature","properties":{"id":"building-1695793","sourceId":"1695793","floors":4,"areaSqm":46.2,"primaryUse":"unclassified","primaryUseBasis":"no_place","placeCount":0,"placeIds":[],"placeNames":[],"hasBookstore":false,"hasCafe":false,"hasRestaurant":false,"bookstoreEra":"unknown","oldestBookstoreYear":null,"mixedUse":false,"source":"東京都 令和3年度区部土地利用現況調査・建物現況","observedAt":"2021年度"},"geometry":{"type":"Polygon","coordinates":[[[139.7572737823033,35.69675608436073],[139.75722563640016,35.69683907003696],[139.75727092439328,35.696856585224815],[139.7573190702601,35.696773599530665],[139.7572737823033,35.69675608436073]]]}},{"type":"Feature","properties":{"id":"building-1695794","sourceId":"1695794","floors":2,"areaSqm":24.8,"primaryUse":"unclassified","primaryUseBasis":"no_place","placeCount":0,"placeIds":[],"placeNames":[],"hasBookstore":false,"hasCafe":false,"hasRestaurant":false,"bookstoreEra":"unknown","oldestBookstoreYear":null,"mixedUse":false,"source":"東京都 令和3年度区部土地利用現況調査・建物現況","observedAt":"2021年度"},"geometry":{"type":"Polygon","coordinates":[[[139.7592390554346,35.69670322791798],[139.75921847629562,35.69673169851801],[139.75928286855904,35.696762655112266],[139.75930344768312,35.69673418450135],[139.7592390554346,35.69670322791798]]]}},{"type":"Feature","properties":{"id":"building-1695795","sourceId":"1695795","floors":4,"areaSqm":57.1,"primaryUse":"unclassified","primaryUseBasis":"no_place","placeCount":0,"placeIds":[],"placeNames":[],"hasBookstore":false,"hasCafe":false,"hasRestaurant":false,"bookstoreEra":"unknown","oldestBookstoreYear":null,"mixedUse":false,"source":"東京都 令和3年度区部土地利用現況調査・建物現況","observedAt":"2021年度"},"geometry":{"type":"Polygon","coordinates":[[[139.75920035764977,35.69672826215791],[139.75916240679115,35.696781960387845],[139.75924182101608,35.69681932598046],[139.7592797718393,35.696765627725796],[139.75920035764977,35.69672826215791]]]}},{"type":"Feature","properties":{"id":"building-1695796","sourceId":"1695796","floors":4,"areaSqm":46.6,"primaryUse":"unclassified","primaryUseBasis":"no_place","placeCount":0,"placeIds":[],"placeNames":[],"hasBookstore":false,"hasCafe":false,"hasRestaurant":false,"bookstoreEra":"unknown","oldestBookstoreYear":null,"mixedUse":false,"source":"東京都 令和3年度区部土地利用現況調査・建物現況","observedAt":"2021年度"},"geometry":{"type":"Polygon","coordinates":[[[139.75949526917108,35.696739259847305],[139.75945986089533,35.696791968224424],[139.7595275688522,35.69682229576382],[139.75956297717988,35.696769497230164],[139.75949526917108,35.696739259847305]]]}},{"type":"Feature","properties":{"id":"building-1695797","sourceId":"1695797","floors":2,"areaSqm":30.2,"primaryUse":"retail","primaryUseBasis":"floor_unverified","placeCount":1,"placeIds":["osm-node-7215839959"],"placeNames":["Kandahar"],"hasBookstore":false,"hasCafe":false,"hasRestaurant":false,"bookstoreEra":"unknown","oldestBookstoreYear":null,"mixedUse":false,"source":"東京都 令和3年度区部土地利用現況調査・建物現況","observedAt":"2021年度"},"geometry":{"type":"Polygon","coordinates":[[[139.7598114146174,35.69675227082484],[139.75977324514534,35.69680380582762],[139.7598238424273,35.69681609535808],[139.7598598018115,35.696764649127324],[139.7598114146174,35.69675227082484]]]}},{"type":"Feature","properties":{"id":"building-1695802","sourceId":"1695802","floors":2,"areaSqm":57.9,"primaryUse":"unclassified","primaryUseBasis":"no_place","placeCount":0,"placeIds":[],"placeNames":[],"hasBookstore":false,"hasCafe":false,"hasRestaurant":false,"bookstoreEra":"unknown","oldestBookstoreYear":null,"mixedUse":false,"source":"東京都 令和3年度区部土地利用現況調査・建物現況","observedAt":"2021年度"},"geometry":{"type":"Polygon","coordinates":[[[139.7575365401315,35.696648536471315],[139.7575160618571,35.696686561357865],[139.75764309247637,35.69673216044657],[139.75766357070222,35.69669413553864],[139.7575365401315,35.696648536471315]]]}},{"type":"Feature","properties":{"id":"building-1695803","sourceId":"1695803","floors":2,"areaSqm":42.8,"primaryUse":"restaurant","primaryUseBasis":"floor_unverified","placeCount":1,"placeIds":["osm-node-12364432301"],"placeNames":["蔵や"],"hasBookstore":false,"hasCafe":false,"hasRestaurant":true,"bookstoreEra":"unknown","oldestBookstoreYear":null,"mixedUse":false,"source":"東京都 令和3年度区部土地利用現況調査・建物現況","observedAt":"2021年度"},"geometry":{"type":"Polygon","coordinates":[[[139.7585045085114,35.69664995330791],[139.75847805499936,35.696697348884186],[139.7585535006222,35.69672425657987],[139.7585790702764,35.6966766801645],[139.7585045085114,35.69664995330791]]]}},{"type":"Feature","properties":{"id":"building-1695804","sourceId":"1695804","floors":4,"areaSqm":65.3,"primaryUse":"unclassified","primaryUseBasis":"no_place","placeCount":0,"placeIds":[],"placeNames":[],"hasBookstore":false,"hasCafe":false,"hasRestaurant":false,"bookstoreEra":"unknown","oldestBookstoreYear":null,"mixedUse":false,"source":"東京都 令和3年度区部土地利用現況調査・建物現況","observedAt":"2021年度"},"geometry":{"type":"Polygon","coordinates":[[[139.75883548424798,35.69661581642607],[139.75879486487102,35.6966870895902],[139.7588698671711,35.69671552914095],[139.75891048641205,35.696644346088675],[139.75883548424798,35.69661581642607]]]}},{"type":"Feature","properties":{"id":"building-1695805","sourceId":"1695805","floors":2,"areaSqm":75.2,"primaryUse":"unclassified","primaryUseBasis":"no_place","placeCount":0,"placeIds":[],"placeNames":[],"hasBookstore":false,"hasCafe":false,"hasRestaurant":false,"bookstoreEra":"unknown","oldestBookstoreYear":null,"mixedUse":false,"source":"東京都 令和3年度区部土地利用現況調査・建物現況","observedAt":"2021年度"},"geometry":{"type":"Polygon","coordinates":[[[139.7592983600423,35.696619707475186],[139.759241822658,35.696698091816415],[139.75930754039013,35.69672959003501],[139.75937315020002,35.69663868220489],[139.7592983600423,35.696619707475186]]]}},{"type":"Feature","properties":{"id":"building-1695806","sourceId":"1695806","floors":4,"areaSqm":46.5,"primaryUse":"restaurant","primaryUseBasis":"confirmed_ground_floor","placeCount":2,"placeIds":["osm-node-5252152112","osm-node-5252152113"],"placeNames":["ユニーク","篝記"],"hasBookstore":false,"hasCafe":false,"hasRestaurant":true,"bookstoreEra":"unknown","oldestBookstoreYear":null,"mixedUse":true,"source":"東京都 令和3年度区部土地利用現況調査・建物現況","observedAt":"2021年度"},"geometry":{"type":"Polygon","coordinates":[[[139.7598259380464,35.69663728390426],[139.75979143511472,35.69668507416069],[139.7598944362376,35.69671203029701],[139.75991578570057,35.69668554306341],[139.7598259380464,35.69663728390426]]]}},{"type":"Feature","properties":{"id":"building-1695811","sourceId":"1695811","floors":6,"areaSqm":65.4,"primaryUse":"unclassified","primaryUseBasis":"no_place","placeCount":0,"placeIds":[],"placeNames":[],"hasBookstore":false,"hasCafe":false,"hasRestaurant":false,"bookstoreEra":"unknown","oldestBookstoreYear":null,"mixedUse":false,"source":"東京都 令和3年度区部土地利用現況調査・建物現況","observedAt":"2021年度"},"geometry":{"type":"Polygon","coordinates":[[[139.75334530876717,35.69654892724057],[139.75333706858586,35.696612288022656],[139.7534080915467,35.6966400973726],[139.75345291041285,35.69657306525079],[139.75334530876717,35.69654892724057]]]}},{"type":"Feature","properties":{"id":"building-1695812","sourceId":"1695812","floors":4,"areaSqm":31.7,"primaryUse":"unclassified","primaryUseBasis":"no_place","placeCount":0,"placeIds":[],"placeNames":[],"hasBookstore":false,"hasCafe":false,"hasRestaurant":false,"bookstoreEra":"unknown","oldestBookstoreYear":null,"mixedUse":false,"source":"東京都 令和3年度区部土地利用現況調査・建物現況","observedAt":"2021年度"},"geometry":{"type":"Polygon","coordinates":[[[139.75447886380323,35.69660069263024],[139.75445827465697,35.69663763528031],[139.754528968042,35.69666391142542],[139.75454955725115,35.696626878626525],[139.75447886380323,35.69660069263024]]]}},{"type":"Feature","properties":{"id":"building-1695813","sourceId":"1695813","floors":2,"areaSqm":27.3,"primaryUse":"unclassified","primaryUseBasis":"no_place","placeCount":0,"placeIds":[],"placeNames":[],"hasBookstore":false,"hasCafe":false,"hasRestaurant":false,"bookstoreEra":"unknown","oldestBookstoreYear":null,"mixedUse":false,"source":"東京都 令和3年度区部土地利用現況調査・建物現況","observedAt":"2021年度"},"geometry":{"type":"Polygon","coordinates":[[[139.75514894806827,35.696580398221705],[139.75513001865275,35.6966153590526],[139.7551951900279,35.69663883697447],[139.7552141194206,35.696603876133416],[139.75514894806827,35.696580398221705]]]}},{"type":"Feature","properties":{"id":"building-1695814","sourceId":"1695814","floors":2,"areaSqm":45.5,"primaryUse":"unclassified","primaryUseBasis":"no_place","placeCount":0,"placeIds":[],"placeNames":[],"hasBookstore":false,"hasCafe":false,"hasRestaurant":false,"bookstoreEra":"unknown","oldestBookstoreYear":null,"mixedUse":false,"source":"東京都 令和3年度区部土地利用現況調査・建物現況","observedAt":"2021年度"},"geometry":{"type":"Polygon","coordinates":[[[139.75630000705914,35.696583466764295],[139.75630725129588,35.69658582757919],[139.75634931004396,35.696504599650076],[139.75630357738348,35.696502919986976],[139.7562542939392,35.69660162533105],[139.75628613120227,35.6966127379629],[139.75630000705914,35.696583466764295]]]}},{"type":"Feature","properties":{"id":"building-1695815","sourceId":"1695815","floors":5,"areaSqm":34.6,"primaryUse":"unclassified","primaryUseBasis":"no_place","placeCount":0,"placeIds":[],"placeNames":[],"hasBookstore":false,"hasCafe":false,"hasRestaurant":false,"bookstoreEra":"unknown","oldestBookstoreYear":null,"mixedUse":false,"source":"東京都 令和3年度区部土地利用現況調査・建物現況","observedAt":"2021年度"},"geometry":{"type":"Polygon","coordinates":[[[139.75657054279378,35.696550576460005],[139.75655017536255,35.696587790020935],[139.75662727650462,35.69661596189689],[139.75664764390723,35.69657874832305],[139.75657054279378,35.696550576460005]]]}},{"type":"Feature","properties":{"id":"building-1695816","sourceId":"1695816","floors":4,"areaSqm":66.2,"primaryUse":"unclassified","primaryUseBasis":"no_place","placeCount":0,"placeIds":[],"placeNames":[],"hasBookstore":false,"hasCafe":false,"hasRestaurant":false,"bookstoreEra":"unknown","oldestBookstoreYear":null,"mixedUse":false,"source":"東京都 令和3年度区部土地利用現況調査・建物現況","observedAt":"2021年度"},"geometry":{"type":"Polygon","coordinates":[[[139.75887034723405,35.696555716665834],[139.75883714340534,35.69661401471431],[139.75891313972213,35.696642905538226],[139.75896128476418,35.69655883753958],[139.75887034723405,35.696555716665834]]]}},{"type":"Feature","properties":{"id":"building-1695817","sourceId":"1695817","floors":6,"areaSqm":175.4,"primaryUse":"restaurant","primaryUseBasis":"floor_unverified","placeCount":2,"placeIds":["osm-node-3164004261","osm-node-6384667704"],"placeNames":["こんごう庵","浅草割烹 天とよ 神保町店"],"hasBookstore":false,"hasCafe":false,"hasRestaurant":true,"bookstoreEra":"unknown","oldestBookstoreYear":null,"mixedUse":true,"source":"東京都 令和3年度区部土地利用現況調査・建物現況","observedAt":"2021年度"},"geometry":{"type":"Polygon","coordinates":[[[139.75906128143512,35.69656385680993],[139.75901822704805,35.69663972553104],[139.75916655976735,35.69671228710301],[139.75923229106183,35.696609661623704],[139.75906128143512,35.69656385680993]]]}},{"type":"Feature","properties":{"id":"building-1695827","sourceId":"1695827","floors":7,"areaSqm":111.7,"primaryUse":"restaurant","primaryUseBasis":"floor_unverified","placeCount":1,"placeIds":["osm-node-7899845177"],"placeNames":["Spicy bistro Taprobane"],"hasBookstore":false,"hasCafe":false,"hasRestaurant":true,"bookstoreEra":"unknown","oldestBookstoreYear":null,"mixedUse":false,"source":"東京都 令和3年度区部土地利用現況調査・建物現況","observedAt":"2021年度"},"geometry":{"type":"Polygon","coordinates":[[[139.75560783016343,35.696486231891484],[139.75560275608902,35.69659096772375],[139.75563855661022,35.696592072479],[139.75570351349572,35.69660896999181],[139.75570937516756,35.69648954234426],[139.75560783016343,35.696486231891484]]]}},{"type":"Feature","properties":{"id":"building-1695828","sourceId":"1695828","floors":6,"areaSqm":74.7,"primaryUse":"restaurant","primaryUseBasis":"floor_unverified","placeCount":1,"placeIds":["osm-node-7899845541"],"placeNames":["Chaton"],"hasBookstore":false,"hasCafe":false,"hasRestaurant":true,"bookstoreEra":"unknown","oldestBookstoreYear":null,"mixedUse":false,"source":"東京都 令和3年度区部土地利用現況調査・建物現況","observedAt":"2021年度"},"geometry":{"type":"Polygon","coordinates":[[[139.7567713539397,35.69651392848124],[139.7567691600378,35.69661271715781],[139.75683521278384,35.69663943968198],[139.7568379837171,35.69651487221001],[139.7567713539397,35.69651392848124]]]}},{"type":"Feature","properties":{"id":"building-1695829","sourceId":"1695829","floors":7,"areaSqm":84.9,"primaryUse":"restaurant","primaryUseBasis":"floor_unverified","placeCount":1,"placeIds":["osm-node-7899845544"],"placeNames":["蘭奢待"],"hasBookstore":false,"hasCafe":false,"hasRestaurant":true,"bookstoreEra":"unknown","oldestBookstoreYear":null,"mixedUse":false,"source":"東京都 令和3年度区部土地利用現況調査・建物現況","observedAt":"2021年度"},"geometry":{"type":"Polygon","coordinates":[[[139.75666008498533,35.69651061273105],[139.756658255575,35.69657478905796],[139.75676209087788,35.6966098282797],[139.7567648358165,35.696512572281485],[139.75666008498533,35.69651061273105]]]}},{"type":"Feature","properties":{"id":"building-1695830","sourceId":"1695830","floors":4,"areaSqm":26.1,"primaryUse":"unclassified","primaryUseBasis":"no_place","placeCount":0,"placeIds":[],"placeNames":[],"hasBookstore":false,"hasCafe":false,"hasRestaurant":false,"bookstoreEra":"unknown","oldestBookstoreYear":null,"mixedUse":false,"source":"東京都 令和3年度区部土地利用現況調査・建物現況","observedAt":"2021年度"},"geometry":{"type":"Polygon","coordinates":[[[139.7588164323485,35.69655491713896],[139.758786794458,35.696607083562995],[139.7588229079442,35.6966210383868],[139.7588600415025,35.69655519831267],[139.7588164323485,35.69655491713896]]]}},{"type":"Feature","properties":{"id":"building-1695831","sourceId":"1695831","floors":2,"areaSqm":72.9,"primaryUse":"unclassified","primaryUseBasis":"no_place","placeCount":0,"placeIds":[],"placeNames":[],"hasBookstore":false,"hasCafe":false,"hasRestaurant":false,"bookstoreEra":"unknown","oldestBookstoreYear":null,"mixedUse":false,"source":"東京都 令和3年度区部土地利用現況調査・建物現況","observedAt":"2021年度"},"geometry":{"type":"Polygon","coordinates":[[[139.7587757975428,35.696553746337486],[139.75872001670206,35.69665812999804],[139.75878890341863,35.696685942962404],[139.75882701668652,35.696624174990916],[139.75878501960807,35.69660734115684],[139.75881380662005,35.696555217472245],[139.7587757975428,35.696553746337486]]]}},{"type":"Feature","properties":{"id":"building-1695832","sourceId":"1695832","floors":2,"areaSqm":49.9,"primaryUse":"unclassified","primaryUseBasis":"no_place","placeCount":0,"placeIds":[],"placeNames":[],"hasBookstore":false,"hasCafe":false,"hasRestaurant":false,"bookstoreEra":"unknown","oldestBookstoreYear":null,"mixedUse":false,"source":"東京都 令和3年度区部土地利用現況調査・建物現況","observedAt":"2021年度"},"geometry":{"type":"Polygon","coordinates":[[[139.75967781173452,35.69650077923089],[139.75964628548186,35.69653789635156],[139.75973673688634,35.69658905932505],[139.75976826303454,35.69655203231784],[139.75967781173452,35.69650077923089]]]}},{"type":"Feature","properties":{"id":"building-1695833","sourceId":"1695833","floors":2,"areaSqm":57.4,"primaryUse":"restaurant","primaryUseBasis":"floor_unverified","placeCount":1,"placeIds":["osm-node-6299114285"],"placeNames":["神田餃子屋 本店"],"hasBookstore":false,"hasCafe":false,"hasRestaurant":true,"bookstoreEra":"unknown","oldestBookstoreYear":null,"mixedUse":false,"source":"東京都 令和3年度区部土地利用現況調査・建物現況","observedAt":"2021年度"},"geometry":{"type":"Polygon","coordinates":[[[139.75971652897653,35.696454292258814],[139.75968046742966,35.696496724693965],[139.7597714709716,35.696548248527236],[139.75980753249354,35.696505816065155],[139.75971652897653,35.696454292258814]]]}},{"type":"Feature","properties":{"id":"building-1695846","sourceId":"1695846","floors":5,"areaSqm":33.8,"primaryUse":"restaurant","primaryUseBasis":"confirmed_ground_floor","placeCount":2,"placeIds":["osm-node-7922860938","osm-node-7922860939"],"placeNames":["用心棒","神田神保町エステサロン"],"hasBookstore":false,"hasCafe":false,"hasRestaurant":true,"bookstoreEra":"unknown","oldestBookstoreYear":null,"mixedUse":true,"source":"東京都 令和3年度区部土地利用現況調査・建物現況","observedAt":"2021年度"},"geometry":{"type":"Polygon","coordinates":[[[139.756653232385,35.69639694569923],[139.7566407251797,35.69641875086834],[139.75667043735476,35.69643120869067],[139.7567487786059,35.69643351198069],[139.75675024740292,35.69639971156671],[139.756653232385,35.69639694569923]]]}},{"type":"Feature","properties":{"id":"building-1695847","sourceId":"1695847","floors":2,"areaSqm":38.4,"primaryUse":"unclassified","primaryUseBasis":"no_place","placeCount":0,"placeIds":[],"placeNames":[],"hasBookstore":false,"hasCafe":false,"hasRestaurant":false,"bookstoreEra":"unknown","oldestBookstoreYear":null,"mixedUse":false,"source":"東京都 令和3年度区部土地利用現況調査・建物現況","observedAt":"2021年度"},"geometry":{"type":"Polygon","coordinates":[[[139.7585331403576,35.69639975098858],[139.7585317320543,35.696487904030974],[139.75857515755968,35.69648838169225],[139.7585765658152,35.69640022864931],[139.7585331403576,35.69639975098858]]]}},{"type":"Feature","properties":{"id":"building-1695848","sourceId":"1695848","floors":4,"areaSqm":55.5,"primaryUse":"unclassified","primaryUseBasis":"no_place","placeCount":0,"placeIds":[],"placeNames":[],"hasBookstore":false,"hasCafe":false,"hasRestaurant":false,"bookstoreEra":"unknown","oldestBookstoreYear":null,"mixedUse":false,"source":"東京都 令和3年度区部土地利用現況調査・建物現況","observedAt":"2021年度"},"geometry":{"type":"Polygon","coordinates":[[[139.75858275027784,35.696403928104004],[139.7585812375029,35.69648568136009],[139.75864875135233,35.69648653449863],[139.75865037455677,35.69640478131019],[139.75858275027784,35.696403928104004]]]}},{"type":"Feature","properties":{"id":"building-1695849","sourceId":"1695849","floors":4,"areaSqm":55.9,"primaryUse":"unclassified","primaryUseBasis":"no_place","placeCount":0,"placeIds":[],"placeNames":[],"hasBookstore":false,"hasCafe":false,"hasRestaurant":false,"bookstoreEra":"unknown","oldestBookstoreYear":null,"mixedUse":false,"source":"東京都 令和3年度区部土地利用現況調査・建物現況","observedAt":"2021年度"},"geometry":{"type":"Polygon","coordinates":[[[139.7586560059428,35.6964091113765],[139.75865383310855,35.696487799568395],[139.7587245509985,35.69648910533675],[139.7587267237633,35.69641041714352],[139.7586560059428,35.6964091113765]]]}},{"type":"Feature","properties":{"id":"building-1695850","sourceId":"1695850","floors":3,"areaSqm":120.2,"primaryUse":"restaurant","primaryUseBasis":"floor_unverified","placeCount":1,"placeIds":["osm-node-3164005861"],"placeNames":["ボヌール"],"hasBookstore":false,"hasCafe":false,"hasRestaurant":true,"bookstoreEra":"unknown","oldestBookstoreYear":null,"mixedUse":false,"source":"東京都 令和3年度区部土地利用現況調査・建物現況","observedAt":"2021年度"},"geometry":{"type":"Polygon","coordinates":[[[139.7595969068166,35.696402390308705],[139.75953936883099,35.69648789499734],[139.75964683963332,35.6965360939522],[139.75970448812035,35.6964504991435],[139.7595969068166,35.696402390308705]]]}},{"type":"Feature","properties":{"id":"building-1695851","sourceId":"1695851","floors":2,"areaSqm":47.8,"primaryUse":"unclassified","primaryUseBasis":"no_place","placeCount":0,"placeIds":[],"placeNames":[],"hasBookstore":false,"hasCafe":false,"hasRestaurant":false,"bookstoreEra":"unknown","oldestBookstoreYear":null,"mixedUse":false,"source":"東京都 令和3年度区部土地利用現況調査・建物現況","observedAt":"2021年度"},"geometry":{"type":"Polygon","coordinates":[[[139.75974849848237,35.69641573319924],[139.75971863167865,35.696450778204415],[139.75981029793618,35.69650257282477],[139.7598401647192,35.69646752779713],[139.75974849848237,35.69641573319924]]]}},{"type":"Feature","properties":{"id":"building-1695862","sourceId":"1695862","floors":5,"areaSqm":87.8,"primaryUse":"unclassified","primaryUseBasis":"no_place","placeCount":0,"placeIds":[],"placeNames":[],"hasBookstore":false,"hasCafe":false,"hasRestaurant":false,"bookstoreEra":"unknown","oldestBookstoreYear":null,"mixedUse":false,"source":"東京都 令和3年度区部土地利用現況調査・建物現況","observedAt":"2021年度"},"geometry":{"type":"Polygon","coordinates":[[[139.75295268801062,35.69634757022876],[139.75294530809794,35.69643427702432],[139.75304574558822,35.69643993254444],[139.75305312530242,35.696353315879506],[139.75295268801062,35.69634757022876]]]}},{"type":"Feature","properties":{"id":"building-1695863","sourceId":"1695863","floors":4,"areaSqm":58.5,"primaryUse":"restaurant","primaryUseBasis":"floor_unverified","placeCount":1,"placeIds":["osm-node-6299235885"],"placeNames":["三好弥"],"hasBookstore":false,"hasCafe":false,"hasRestaurant":true,"bookstoreEra":"unknown","oldestBookstoreYear":null,"mixedUse":false,"source":"東京都 令和3年度区部土地利用現況調査・建物現況","observedAt":"2021年度"},"geometry":{"type":"Polygon","coordinates":[[[139.7541046330935,35.696197560074744],[139.75408256777683,35.69619637376984],[139.75408144852656,35.696210794941855],[139.75405526180427,35.696209425644646],[139.7540459772365,35.69632380329325],[139.75409373759578,35.69632639372902],[139.7541046330935,35.696197560074744]]]}},{"type":"Feature","properties":{"id":"building-1695864","sourceId":"1695864","floors":7,"areaSqm":74.1,"primaryUse":"unclassified","primaryUseBasis":"no_place","placeCount":0,"placeIds":[],"placeNames":[],"hasBookstore":false,"hasCafe":false,"hasRestaurant":false,"bookstoreEra":"unknown","oldestBookstoreYear":null,"mixedUse":false,"source":"東京都 令和3年度区部土地利用現況調査・建物現況","observedAt":"2021年度"},"geometry":{"type":"Polygon","coordinates":[[[139.7581986016262,35.696345730898905],[139.75816982706004,35.69639366578265],[139.75818275072263,35.69639863138268],[139.75831965294145,35.696404395398844],[139.7583230179486,35.69635094629578],[139.7581986016262,35.696345730898905]]]}},{"type":"Feature","properties":{"id":"building-1695865","sourceId":"1695865","floors":3,"areaSqm":67.4,"primaryUse":"unclassified","primaryUseBasis":"no_place","placeCount":0,"placeIds":[],"placeNames":[],"hasBookstore":false,"hasCafe":false,"hasRestaurant":false,"bookstoreEra":"unknown","oldestBookstoreYear":null,"mixedUse":false,"source":"東京都 令和3年度区部土地利用現況調査・建物現況","observedAt":"2021年度"},"geometry":{"type":"Polygon","coordinates":[[[139.75980261695065,35.6963234660508],[139.75978137156048,35.696355812230145],[139.7598846348784,35.69641329250675],[139.75993186933624,35.6963569857356],[139.75980261695065,35.6963234660508]]]}},{"type":"Feature","properties":{"id":"building-1695875","sourceId":"1695875","floors":2,"areaSqm":15.7,"primaryUse":"restaurant","primaryUseBasis":"floor_unverified","placeCount":1,"placeIds":["osm-node-6403201415"],"placeNames":["鶴八"],"hasBookstore":false,"hasCafe":false,"hasRestaurant":true,"bookstoreEra":"unknown","oldestBookstoreYear":null,"mixedUse":false,"source":"東京都 令和3年度区部土地利用現況調査・建物現況","observedAt":"2021年度"},"geometry":{"type":"Polygon","coordinates":[[[139.75640240691598,35.69629858237794],[139.7563994023377,35.69634588522014],[139.7564272106456,35.6963444436726],[139.75644248603874,35.69629945256827],[139.75640240691598,35.69629858237794]]]}},{"type":"Feature","properties":{"id":"building-1695876","sourceId":"1695876","floors":5,"areaSqm":104.0,"primaryUse":"retail","primaryUseBasis":"floor_unverified","placeCount":1,"placeIds":["osm-node-3343070905"],"placeNames":["亀澤堂"],"hasBookstore":false,"hasCafe":false,"hasRestaurant":false,"bookstoreEra":"unknown","oldestBookstoreYear":null,"mixedUse":false,"source":"東京都 令和3年度区部土地利用現況調査・建物現況","observedAt":"2021年度"},"geometry":{"type":"Polygon","coordinates":[[[139.75818120597603,35.696278477888875],[139.7581602682603,35.69633552149329],[139.75816799519248,35.69634399918993],[139.75832589352225,35.69634815384271],[139.75832849659807,35.69628235550451],[139.75818120597603,35.696278477888875]]]}},{"type":"Feature","properties":{"id":"building-1695877","sourceId":"1695877","floors":3,"areaSqm":21.8,"primaryUse":"unclassified","primaryUseBasis":"no_place","placeCount":0,"placeIds":[],"placeNames":[],"hasBookstore":false,"hasCafe":false,"hasRestaurant":false,"bookstoreEra":"unknown","oldestBookstoreYear":null,"mixedUse":false,"source":"東京都 令和3年度区部土地利用現況調査・建物現況","observedAt":"2021年度"},"geometry":{"type":"Polygon","coordinates":[[[139.75878648317985,35.69631346682803],[139.7587859008243,35.696345555215125],[139.758853414558,35.69634640823877],[139.7588541073848,35.6963143199197],[139.75878648317985,35.69631346682803]]]}},{"type":"Feature","properties":{"id":"building-1695878","sourceId":"1695878","floors":3,"areaSqm":64.7,"primaryUse":"retail","primaryUseBasis":"floor_unverified","placeCount":1,"placeIds":["osm-node-3343070912"],"placeNames":["清美堂"],"hasBookstore":false,"hasCafe":false,"hasRestaurant":false,"bookstoreEra":"unknown","oldestBookstoreYear":null,"mixedUse":false,"source":"東京都 令和3年度区部土地利用現況調査・建物現況","observedAt":"2021年度"},"geometry":{"type":"Polygon","coordinates":[[[139.75878829686997,35.69626434332303],[139.7587864842704,35.69631229504861],[139.75892084718618,35.69631562311132],[139.7589226597054,35.69626767138366],[139.75878829686997,35.69626434332303]]]}},{"type":"Feature","properties":{"id":"building-1695894","sourceId":"1695894","floors":6,"areaSqm":238.5,"primaryUse":"unclassified","primaryUseBasis":"no_place","placeCount":0,"placeIds":[],"placeNames":[],"hasBookstore":false,"hasCafe":false,"hasRestaurant":false,"bookstoreEra":"unknown","oldestBookstoreYear":null,"mixedUse":false,"source":"東京都 令和3年度区部土地利用現況調査・建物現況","observedAt":"2021年度"},"geometry":{"type":"Polygon","coordinates":[[[139.7537980539903,35.69618273048159],[139.75373740259252,35.69628175087869],[139.75376069112755,35.69630853694325],[139.75396211788058,35.69632038772455],[139.75397260349067,35.69622070319387],[139.7537980539903,35.69618273048159]]]}},{"type":"Feature","properties":{"id":"building-1695895","sourceId":"1695895","floors":4,"areaSqm":51.3,"primaryUse":"unclassified","primaryUseBasis":"no_place","placeCount":0,"placeIds":[],"placeNames":[],"hasBookstore":false,"hasCafe":false,"hasRestaurant":false,"bookstoreEra":"unknown","oldestBookstoreYear":null,"mixedUse":false,"source":"東京都 令和3年度区部土地利用現況調査・建物現況","observedAt":"2021年度"},"geometry":{"type":"Polygon","coordinates":[[[139.7541829001027,35.69620200303367],[139.75417338910952,35.69632205916998],[139.7542158182307,35.69632434048719],[139.7542252186624,35.69620428427486],[139.7541829001027,35.69620200303367]]]}},{"type":"Feature","properties":{"id":"building-1695912","sourceId":"1695912","floors":7,"areaSqm":66.1,"primaryUse":"restaurant","primaryUseBasis":"floor_unverified","placeCount":2,"placeIds":["osm-node-3343070429","osm-node-3343070909"],"placeNames":["Taco Bell","東京油組総本店"],"hasBookstore":false,"hasCafe":false,"hasRestaurant":true,"bookstoreEra":"unknown","oldestBookstoreYear":null,"mixedUse":true,"source":"東京都 令和3年度区部土地利用現況調査・建物現況","observedAt":"2021年度"},"geometry":{"type":"Polygon","coordinates":[[[139.75912012956218,35.696138266513145],[139.75909273002563,35.69625317420893],[139.75913040791363,35.696255360726695],[139.75919537573674,35.696141557809],[139.75912012956218,35.696138266513145]]]}},{"type":"Feature","properties":{"id":"building-1695920","sourceId":"1695920","floors":4,"areaSqm":35.2,"primaryUse":"unclassified","primaryUseBasis":"no_place","placeCount":0,"placeIds":[],"placeNames":[],"hasBookstore":false,"hasCafe":false,"hasRestaurant":false,"bookstoreEra":"unknown","oldestBookstoreYear":null,"mixedUse":false,"source":"東京都 令和3年度区部土地利用現況調査・建物現況","observedAt":"2021年度"},"geometry":{"type":"Polygon","coordinates":[[[139.754830605654,35.69601214810699],[139.7548235703427,35.696087588131974],[139.7548698662582,35.696090412562114],[139.7548767910283,35.69601497246237],[139.754830605654,35.69601214810699]]]}},{"type":"Feature","properties":{"id":"building-1695921","sourceId":"1695921","floors":4,"areaSqm":36.7,"primaryUse":"restaurant","primaryUseBasis":"floor_unverified","placeCount":1,"placeIds":["osm-node-13086509501"],"placeNames":["Bánh Mì Sandwich Tokyo"],"hasBookstore":false,"hasCafe":false,"hasRestaurant":true,"bookstoreEra":"unknown","oldestBookstoreYear":null,"mixedUse":false,"source":"東京都 令和3年度区部土地利用現況調査・建物現況","observedAt":"2021年度"},"geometry":{"type":"Polygon","coordinates":[[[139.75624308803947,35.69606567568687],[139.75623918798766,35.69613975222801],[139.75628916754982,35.69614073787524],[139.75629158027473,35.69606663784634],[139.75624308803947,35.69606567568687]]]}},{"type":"Feature","properties":{"id":"building-1695922","sourceId":"1695922","floors":4,"areaSqm":51.4,"primaryUse":"restaurant","primaryUseBasis":"floor_unverified","placeCount":2,"placeIds":["osm-node-5463561352","osm-node-6299113287"],"placeNames":["Restaurant boys","ボーイズカレー"],"hasBookstore":false,"hasCafe":false,"hasRestaurant":true,"bookstoreEra":"unknown","oldestBookstoreYear":null,"mixedUse":true,"source":"東京都 令和3年度区部土地利用現況調査・建物現況","observedAt":"2021年度"},"geometry":{"type":"Polygon","coordinates":[[[139.7563003950903,35.69606853185631],[139.75629623618812,35.69614181052178],[139.75636562645576,35.696144468880185],[139.75636978607406,35.696070378980366],[139.7563003950903,35.69606853185631]]]}},{"type":"Feature","properties":{"id":"building-1695954","sourceId":"1695954","floors":5,"areaSqm":43.1,"primaryUse":"bookstore","primaryUseBasis":"floor_unverified","placeCount":1,"placeIds":["osm-node-1634100040"],"placeNames":["一心堂"],"hasBookstore":true,"hasCafe":false,"hasRestaurant":false,"bookstoreEra":"unknown","oldestBookstoreYear":null,"mixedUse":false,"source":"東京都 令和3年度区部土地利用現況調査・建物現況","observedAt":"2021年度"},"geometry":{"type":"Polygon","coordinates":[[[139.75987993730686,35.695765314135215],[139.75987842338938,35.69584977152454],[139.75992925292346,35.695850343351886],[139.75993076568238,35.695765885961166],[139.75987993730686,35.695765314135215]]]}},{"type":"Feature","properties":{"id":"building-1695960","sourceId":"1695960","floors":2,"areaSqm":101.2,"primaryUse":"unclassified","primaryUseBasis":"no_place","placeCount":0,"placeIds":[],"placeNames":[],"hasBookstore":false,"hasCafe":false,"hasRestaurant":false,"bookstoreEra":"unknown","oldestBookstoreYear":null,"mixedUse":false,"source":"東京都 令和3年度区部土地利用現況調査・建物現況","observedAt":"2021年度"},"geometry":{"type":"Polygon","coordinates":[[[139.75469952393087,35.695593646890686],[139.75469279064657,35.695699012574195],[139.75478825663532,35.695702950790896],[139.75479498970597,35.69559767523884],[139.75469952393087,35.695593646890686]]]}},{"type":"Feature","properties":{"id":"building-1695961","sourceId":"1695961","floors":2,"areaSqm":72.8,"primaryUse":"unclassified","primaryUseBasis":"no_place","placeCount":0,"placeIds":[],"placeNames":[],"hasBookstore":false,"hasCafe":false,"hasRestaurant":false,"bookstoreEra":"unknown","oldestBookstoreYear":null,"mixedUse":false,"source":"東京都 令和3年度区部土地利用現況調査・建物現況","observedAt":"2021年度"},"geometry":{"type":"Polygon","coordinates":[[[139.75489243535887,35.69560308209387],[139.75489453877964,35.69559902730219],[139.75489755848207,35.69556198298729],[139.75484662198653,35.69555915554216],[139.75484360226065,35.69559619985577],[139.75485055838,35.69560152247062],[139.75484954818418,35.69561756618732],[139.75484236612274,35.69561729109371],[139.75483719540327,35.69570805561984],[139.7548862544191,35.695709980476074],[139.75489243535887,35.69560308209387]]]}},{"type":"Feature","properties":{"id":"building-1695962","sourceId":"1695962","floors":6,"areaSqm":66.9,"primaryUse":"antiquarian_bookstore","primaryUseBasis":"floor_unverified","placeCount":3,"placeIds":["osm-node-3342922518","osm-node-3342922548","osm-node-3342922552"],"placeNames":["COCO","小川図書","波多野書店"],"hasBookstore":true,"hasCafe":false,"hasRestaurant":false,"bookstoreEra":"unknown","oldestBookstoreYear":null,"mixedUse":true,"source":"東京都 令和3年度区部土地利用現況調査・建物現況","observedAt":"2021年度"},"geometry":{"type":"Polygon","coordinates":[[[139.75605834787916,35.695668979952266],[139.75605649661574,35.695755329951666],[139.756133622844,35.69575646108167],[139.75613547402432,35.69567011108101],[139.75605834787916,35.695668979952266]]]}},{"type":"Feature","properties":{"id":"building-1695963","sourceId":"1695963","floors":3,"areaSqm":73.7,"primaryUse":"antiquarian_bookstore","primaryUseBasis":"floor_unverified","placeCount":2,"placeIds":["osm-node-3163977862","yaguchi-shoten"],"placeNames":["古賀書店","矢口書店"],"hasBookstore":true,"hasCafe":false,"hasRestaurant":false,"bookstoreEra":"prewar","oldestBookstoreYear":1918,"mixedUse":true,"source":"東京都 令和3年度区部土地利用現況調査・建物現況","observedAt":"2021年度"},"geometry":{"type":"Polygon","coordinates":[[[139.75695234602514,35.69570767844939],[139.75694819212234,35.69577636016145],[139.75705481848516,35.695780393798906],[139.7570588617993,35.69571171201311],[139.75695234602514,35.69570767844939]]]}},{"type":"Feature","properties":{"id":"building-1695964","sourceId":"1695964","floors":2,"areaSqm":159.3,"primaryUse":"cafe","primaryUseBasis":"floor_unverified","placeCount":1,"placeIds":["osm-node-1634099726"],"placeNames":["TAM TAM"],"hasBookstore":false,"hasCafe":true,"hasRestaurant":false,"bookstoreEra":"unknown","oldestBookstoreYear":null,"mixedUse":false,"source":"東京都 令和3年度区部土地利用現況調査・建物現況","observedAt":"2021年度"},"geometry":{"type":"Polygon","coordinates":[[[139.75878070397866,35.695636895398806],[139.75868678314964,35.695634764045224],[139.75868655577113,35.69564161431183],[139.7586633518271,35.69564105909906],[139.75866255859972,35.69566224078837],[139.75863382986395,35.695661592005806],[139.75863417102266,35.6956512264692],[139.7585753875914,35.69564992806021],[139.75857300228571,35.695719422160636],[139.75877774983687,35.695724146128626],[139.75878070397866,35.695636895398806]]]}},{"type":"Feature","properties":{"id":"building-1695965","sourceId":"1695965","floors":3,"areaSqm":33.1,"primaryUse":"bookstore","primaryUseBasis":"confirmed_ground_floor","placeCount":1,"placeIds":["osm-node-12051018756"],"placeNames":["十字屋書店"],"hasBookstore":true,"hasCafe":false,"hasRestaurant":false,"bookstoreEra":"unknown","oldestBookstoreYear":null,"mixedUse":false,"source":"東京都 令和3年度区部土地利用現況調査・建物現況","observedAt":"2021年度"},"geometry":{"type":"Polygon","coordinates":[[[139.75938227426727,35.695732451072196],[139.75937776082796,35.69583376222043],[139.75941024621883,35.69583477368023],[139.75941475961713,35.69573346253076],[139.75938227426727,35.695732451072196]]]}},{"type":"Feature","properties":{"id":"building-1695966","sourceId":"1695966","floors":2,"areaSqm":68.4,"primaryUse":"cafe","primaryUseBasis":"floor_unverified","placeCount":1,"placeIds":["osm-node-13937740701"],"placeNames":["襤褸"],"hasBookstore":false,"hasCafe":true,"hasRestaurant":false,"bookstoreEra":"unknown","oldestBookstoreYear":null,"mixedUse":false,"source":"東京都 令和3年度区部土地利用現況調査・建物現況","observedAt":"2021年度"},"geometry":{"type":"Polygon","coordinates":[[[139.75988518740073,35.69569021433757],[139.7598813754407,35.69575024321482],[139.7599945206152,35.695754999321466],[139.7599982220758,35.69569488023639],[139.75988518740073,35.69569021433757]]]}},{"type":"Feature","properties":{"id":"building-1695974","sourceId":"1695974","floors":2,"areaSqm":59.5,"primaryUse":"unclassified","primaryUseBasis":"no_place","placeCount":0,"placeIds":[],"placeNames":[],"hasBookstore":false,"hasCafe":false,"hasRestaurant":false,"bookstoreEra":"unknown","oldestBookstoreYear":null,"mixedUse":false,"source":"東京都 令和3年度区部土地利用現況調査・建物現況","observedAt":"2021年度"},"geometry":{"type":"Polygon","coordinates":[[[139.75489975156256,35.695587107384306],[139.7548910119347,35.695710499159624],[139.75493885512844,35.69571278374988],[139.75494759468287,35.69558939197105],[139.75489975156256,35.695587107384306]]]}},{"type":"Feature","properties":{"id":"building-1695975","sourceId":"1695975","floors":5,"areaSqm":40.2,"primaryUse":"retail","primaryUseBasis":"floor_unverified","placeCount":1,"placeIds":["osm-node-3824414773"],"placeNames":["Corso"],"hasBookstore":false,"hasCafe":false,"hasRestaurant":false,"bookstoreEra":"unknown","oldestBookstoreYear":null,"mixedUse":false,"source":"東京都 令和3年度区部土地利用現況調査・建物現況","observedAt":"2021年度"},"geometry":{"type":"Polygon","coordinates":[[[139.75494855608216,35.69562319394961],[139.75494106551872,35.695712334504655],[139.75498581460974,35.69571479733517],[139.7549933051236,35.695625656777295],[139.75494855608216,35.69562319394961]]]}},{"type":"Feature","properties":{"id":"building-1695976","sourceId":"1695976","floors":3,"areaSqm":92.3,"primaryUse":"unclassified","primaryUseBasis":"no_place","placeCount":0,"placeIds":[],"placeNames":[],"hasBookstore":false,"hasCafe":false,"hasRestaurant":false,"bookstoreEra":"unknown","oldestBookstoreYear":null,"mixedUse":false,"source":"東京都 令和3年度区部土地利用現況調査・建物現況","observedAt":"2021年度"},"geometry":{"type":"Polygon","coordinates":[[[139.7550034962961,35.6954866722463],[139.75493101369534,35.695483019582426],[139.75492630911447,35.69554809538997],[139.7549012273898,35.695546907270355],[139.754898766619,35.69557737195299],[139.75495467550556,35.6955802026137],[139.7549520994939,35.695615534616955],[139.75499364446125,35.695617634810475],[139.7550034962961,35.6954866722463]]]}},{"type":"Feature","properties":{"id":"building-1695977","sourceId":"1695977","floors":11,"areaSqm":132.0,"primaryUse":"cafe","primaryUseBasis":"floor_unverified","placeCount":1,"placeIds":["osm-node-3244179961"],"placeNames":["珈琲館"],"hasBookstore":false,"hasCafe":true,"hasRestaurant":false,"bookstoreEra":"unknown","oldestBookstoreYear":null,"mixedUse":false,"source":"東京都 令和3年度区部土地利用現況調査・建物現況","observedAt":"2021年度"},"geometry":{"type":"Polygon","coordinates":[[[139.75500130112593,35.695584559536],[139.75499288521326,35.69571606385398],[139.75509254978928,35.695720365109466],[139.75510096562684,35.69558877064752],[139.75500130112593,35.695584559536]]]}},{"type":"Feature","properties":{"id":"building-1695978","sourceId":"1695978","floors":2,"areaSqm":128.6,"primaryUse":"cafe","primaryUseBasis":"floor_unverified","placeCount":2,"placeIds":["ladrio","milonga-nueva"],"placeNames":["ラドリオ","ミロンガ ヌオーバ"],"hasBookstore":false,"hasCafe":true,"hasRestaurant":false,"bookstoreEra":"unknown","oldestBookstoreYear":null,"mixedUse":true,"source":"東京都 令和3年度区部土地利用現況調査・建物現況","observedAt":"2021年度"},"geometry":{"type":"Polygon","coordinates":[[[139.75986650058852,35.69559566821013],[139.75967644642847,35.695593028235216],[139.75967452008058,35.69566553862162],[139.7597346170356,35.695665983700124],[139.7597362924364,35.695641648651325],[139.75977386113001,35.69564212229909],[139.75977267749215,35.69566641618594],[139.75986382272183,35.69566851435174],[139.75986650058852,35.69559566821013]]]}},{"type":"Feature","properties":{"id":"building-1695986","sourceId":"1695986","floors":3,"areaSqm":36.3,"primaryUse":"unclassified","primaryUseBasis":"no_place","placeCount":0,"placeIds":[],"placeNames":[],"hasBookstore":false,"hasCafe":false,"hasRestaurant":false,"bookstoreEra":"unknown","oldestBookstoreYear":null,"mixedUse":false,"source":"東京都 令和3年度区部土地利用現況調査・建物現況","observedAt":"2021年度"},"geometry":{"type":"Polygon","coordinates":[[[139.75343407880567,35.69551223119454],[139.75342074217033,35.69558937956229],[139.75346659324185,35.695594728071136],[139.75348004042098,35.69551748963473],[139.75343407880567,35.69551223119454]]]}},{"type":"Feature","properties":{"id":"building-1695987","sourceId":"1695987","floors":5,"areaSqm":31.5,"primaryUse":"cafe","primaryUseBasis":"floor_unverified","placeCount":1,"placeIds":["osm-node-7922902161"],"placeNames":["Coffee House due"],"hasBookstore":false,"hasCafe":true,"hasRestaurant":false,"bookstoreEra":"unknown","oldestBookstoreYear":null,"mixedUse":false,"source":"東京都 令和3年度区部土地利用現況調査・建物現況","observedAt":"2021年度"},"geometry":{"type":"Polygon","coordinates":[[[139.75423434375918,35.695579731446564],[139.7541935922431,35.69566930077994],[139.75424165451764,35.695673478667025],[139.75425367918066,35.69558136661504],[139.75423434375918,35.695579731446564]]]}},{"type":"Feature","properties":{"id":"building-1695988","sourceId":"1695988","floors":6,"areaSqm":35.2,"primaryUse":"unclassified","primaryUseBasis":"no_place","placeCount":0,"placeIds":[],"placeNames":[],"hasBookstore":false,"hasCafe":false,"hasRestaurant":false,"bookstoreEra":"unknown","oldestBookstoreYear":null,"mixedUse":false,"source":"東京都 令和3年度区部土地利用現況調査・建物現況","observedAt":"2021年度"},"geometry":{"type":"Polygon","coordinates":[[[139.7542608615037,35.6955813713331],[139.7542513789122,35.69567285409727],[139.75428938735075,35.69567558316902],[139.75429886989923,35.69558410040183],[139.7542608615037,35.6955813713331]]]}},{"type":"Feature","properties":{"id":"building-1695989","sourceId":"1695989","floors":5,"areaSqm":49.5,"primaryUse":"unclassified","primaryUseBasis":"no_place","placeCount":0,"placeIds":[],"placeNames":[],"hasBookstore":false,"hasCafe":false,"hasRestaurant":false,"bookstoreEra":"unknown","oldestBookstoreYear":null,"mixedUse":false,"source":"東京都 令和3年度区部土地利用現況調査・建物現況","observedAt":"2021年度"},"geometry":{"type":"Polygon","coordinates":[[[139.75439446097363,35.69557307628088],[139.75438595711037,35.69568069420973],[139.7544315902344,35.69568306768909],[139.7544400940366,35.695575449756994],[139.75439446097363,35.69557307628088]]]}},{"type":"Feature","properties":{"id":"building-1695990","sourceId":"1695990","floors":8,"areaSqm":54.8,"primaryUse":"antiquarian_bookstore","primaryUseBasis":"confirmed_ground_floor","placeCount":4,"placeIds":["osm-node-1635037270","osm-node-1635037312","osm-node-3881334941","osm-node-12920583004"],"placeNames":["トミーズプリン","軍学堂","呂古書房","光和書店"],"hasBookstore":true,"hasCafe":false,"hasRestaurant":false,"bookstoreEra":"unknown","oldestBookstoreYear":null,"mixedUse":true,"source":"東京都 令和3年度区部土地利用現況調査・建物現況","observedAt":"2021年度"},"geometry":{"type":"Polygon","coordinates":[[[139.76101599051782,35.69547682373994],[139.76093522076675,35.695472719027656],[139.7609328732789,35.69550264308183],[139.76091287418464,35.695501639545455],[139.76091052668758,35.69553156359903],[139.7610114060977,35.69553667191764],[139.76101599051782,35.69547682373994]]]}},{"type":"Feature","properties":{"id":"building-1695994","sourceId":"1695994","floors":2,"areaSqm":29.7,"primaryUse":"unclassified","primaryUseBasis":"no_place","placeCount":0,"placeIds":[],"placeNames":[],"hasBookstore":false,"hasCafe":false,"hasRestaurant":false,"bookstoreEra":"unknown","oldestBookstoreYear":null,"mixedUse":false,"source":"東京都 令和3年度区部土地利用現況調査・建物現況","observedAt":"2021年度"},"geometry":{"type":"Polygon","coordinates":[[[139.75483377794436,35.6954721650187],[139.75482994396896,35.69555193371162],[139.75486721353883,35.69555313069249],[139.7548704905116,35.69547342292843],[139.75483377794436,35.6954721650187]]]}},{"type":"Feature","properties":{"id":"building-1696003","sourceId":"1696003","floors":5,"areaSqm":61.7,"primaryUse":"unclassified","primaryUseBasis":"no_place","placeCount":0,"placeIds":[],"placeNames":[],"hasBookstore":false,"hasCafe":false,"hasRestaurant":false,"bookstoreEra":"unknown","oldestBookstoreYear":null,"mixedUse":false,"source":"東京都 令和3年度区部土地利用現況調査・建物現況","observedAt":"2021年度"},"geometry":{"type":"Polygon","coordinates":[[[139.7587084567765,35.695380230752974],[139.75870345693244,35.695528322653836],[139.7587448925492,35.69552924970471],[139.75874989231667,35.69538115780205],[139.7587084567765,35.695380230752974]]]}},{"type":"Feature","properties":{"id":"building-1696004","sourceId":"1696004","floors":2,"areaSqm":37.1,"primaryUse":"retail","primaryUseBasis":"floor_unverified","placeCount":1,"placeIds":["osm-node-4018933616"],"placeNames":["清泉堂"],"hasBookstore":false,"hasCafe":false,"hasRestaurant":false,"bookstoreEra":"unknown","oldestBookstoreYear":null,"mixedUse":false,"source":"東京都 令和3年度区部土地利用現況調査・建物現況","observedAt":"2021年度"},"geometry":{"type":"Polygon","coordinates":[[[139.75976200833088,35.69541926948781],[139.75975952121289,35.695505700284755],[139.7598023259886,35.695506521446866],[139.75980474566217,35.69542008519961],[139.75976200833088,35.69541926948781]]]}},{"type":"Feature","properties":{"id":"building-1696010","sourceId":"1696010","floors":7,"areaSqm":312.1,"primaryUse":"unclassified","primaryUseBasis":"no_place","placeCount":0,"placeIds":[],"placeNames":[],"hasBookstore":false,"hasCafe":false,"hasRestaurant":false,"bookstoreEra":"unknown","oldestBookstoreYear":null,"mixedUse":false,"source":"東京都 令和3年度区部土地利用現況調査・建物現況","observedAt":"2021年度"},"geometry":{"type":"Polygon","coordinates":[[[139.75439814627188,35.695297015383034],[139.7544198030399,35.695297660540625],[139.75442285056516,35.695232583664215],[139.7543650625176,35.69523074303016],[139.75436280744003,35.69527653111886],[139.7543392724094,35.6952757044446],[139.75433712692382,35.69532239397381],[139.75431392354858,35.695321387238366],[139.75431343978767,35.6953558922442],[139.75440578182622,35.69535959796292],[139.7544034419113,35.695418613592096],[139.75466652862445,35.69542680709274],[139.75467047834147,35.6953429823166],[139.75439634256472,35.69533442103208],[139.75439814627188,35.695297015383034]]]}},{"type":"Feature","properties":{"id":"building-1696011","sourceId":"1696011","floors":5,"areaSqm":42.2,"primaryUse":"cafe","primaryUseBasis":"confirmed_ground_floor","placeCount":1,"placeIds":["osm-node-7923010312"],"placeNames":["大丸やき茶房"],"hasBookstore":false,"hasCafe":true,"hasRestaurant":false,"bookstoreEra":"unknown","oldestBookstoreYear":null,"mixedUse":false,"source":"東京都 令和3年度区部土地利用現況調査・建物現況","observedAt":"2021年度"},"geometry":{"type":"Polygon","coordinates":[[[139.75599882429933,35.69528982574607],[139.75599608482815,35.69538050175267],[139.75604238220362,35.69538143285709],[139.75604512162244,35.69529075684938],[139.75599882429933,35.69528982574607]]]}},{"type":"Feature","properties":{"id":"building-1696012","sourceId":"1696012","floors":5,"areaSqm":46.8,"primaryUse":"retail","primaryUseBasis":"confirmed_ground_floor","placeCount":1,"placeIds":["osm-node-7923010308"],"placeNames":["きのえねや"],"hasBookstore":false,"hasCafe":false,"hasRestaurant":false,"bookstoreEra":"unknown","oldestBookstoreYear":null,"mixedUse":false,"source":"東京都 令和3年度区部土地利用現況調査・建物現況","observedAt":"2021年度"},"geometry":{"type":"Polygon","coordinates":[[[139.75589352408406,35.695286332848134],[139.75584886259549,35.695307756701936],[139.7558438778531,35.695320552939485],[139.75599426042226,35.695324525537956],[139.75599385220082,35.69528955214092],[139.75589352408406,35.695286332848134]]]}},{"type":"Feature","properties":{"id":"building-1696013","sourceId":"1696013","floors":4,"areaSqm":98.1,"primaryUse":"retail","primaryUseBasis":"confirmed_ground_floor","placeCount":1,"placeIds":["osm-node-7922952507"],"placeNames":["柿島酒店"],"hasBookstore":false,"hasCafe":false,"hasRestaurant":false,"bookstoreEra":"unknown","oldestBookstoreYear":null,"mixedUse":false,"source":"東京都 令和3年度区部土地利用現況調査・建物現況","observedAt":"2021年度"},"geometry":{"type":"Polygon","coordinates":[[[139.7561876639888,35.695289406092435],[139.75618555064517,35.69541857097985],[139.7562611298525,35.69541943062575],[139.75626324316104,35.695290175599986],[139.7561876639888,35.695289406092435]]]}},{"type":"Feature","properties":{"id":"building-1696014","sourceId":"1696014","floors":8,"areaSqm":262.0,"primaryUse":"restaurant","primaryUseBasis":"floor_unverified","placeCount":3,"placeIds":["osm-node-5455368496","osm-node-5455368501","osm-node-10005582317"],"placeNames":["川国志","Sangam","橘昌文銭堂"],"hasBookstore":false,"hasCafe":false,"hasRestaurant":true,"bookstoreEra":"unknown","oldestBookstoreYear":null,"mixedUse":true,"source":"東京都 令和3年度区部土地利用現況調査・建物現況","observedAt":"2021年度"},"geometry":{"type":"Polygon","coordinates":[[[139.75899137172556,35.69509638428115],[139.75886529633826,35.69509495430069],[139.75886460243802,35.69512821440604],[139.7588439397294,35.695128021347976],[139.75884137007765,35.69527719640808],[139.7589881085828,35.695278729313905],[139.75899137172556,35.69509638428115]]]}},{"type":"Feature","properties":{"id":"building-1696025","sourceId":"1696025","floors":4,"areaSqm":54.7,"primaryUse":"unclassified","primaryUseBasis":"no_place","placeCount":0,"placeIds":[],"placeNames":[],"hasBookstore":false,"hasCafe":false,"hasRestaurant":false,"bookstoreEra":"unknown","oldestBookstoreYear":null,"mixedUse":false,"source":"東京都 令和3年度区部土地利用現況調査・建物現況","observedAt":"2021年度"},"geometry":{"type":"Polygon","coordinates":[[[139.7540166759465,35.69521948122208],[139.75399092428415,35.69529459970464],[139.75405367438802,35.69530800835627],[139.75408344605316,35.69522153795603],[139.7540166759465,35.69521948122208]]]}},{"type":"Feature","properties":{"id":"building-1696026","sourceId":"1696026","floors":3,"areaSqm":132.4,"primaryUse":"bookstore","primaryUseBasis":"floor_unverified","placeCount":1,"placeIds":["osm-node-5445799066"],"placeNames":["B-space"],"hasBookstore":true,"hasCafe":false,"hasRestaurant":false,"bookstoreEra":"unknown","oldestBookstoreYear":null,"mixedUse":false,"source":"東京都 令和3年度区部土地利用現況調査・建物現況","observedAt":"2021年度"},"geometry":{"type":"Polygon","coordinates":[[[139.75974011061152,35.69520212430785],[139.75973614575116,35.69530821307232],[139.7598603416382,35.69531117332184],[139.75986430633424,35.69520508455313],[139.75974011061152,35.69520212430785]]]}},{"type":"Feature","properties":{"id":"building-1696027","sourceId":"1696027","floors":2,"areaSqm":32.8,"primaryUse":"restaurant","primaryUseBasis":"confirmed_ground_floor","placeCount":1,"placeIds":["osm-node-4018929188"],"placeNames":["はちまき"],"hasBookstore":false,"hasCafe":false,"hasRestaurant":true,"bookstoreEra":"unknown","oldestBookstoreYear":null,"mixedUse":false,"source":"東京都 令和3年度区部土地利用現況調査・建物現況","observedAt":"2021年度"},"geometry":{"type":"Polygon","coordinates":[[[139.76030215138633,35.69526421040923],[139.76029712626564,35.695322075281325],[139.76035325575256,35.69532535425341],[139.7603582808329,35.69526748937896],[139.76030215138633,35.69526421040923]]]}},{"type":"Feature","properties":{"id":"building-1696035","sourceId":"1696035","floors":2,"areaSqm":101.4,"primaryUse":"restaurant","primaryUseBasis":"confirmed_ground_floor","placeCount":2,"placeIds":["osm-node-6831816064","osm-node-13695232701"],"placeNames":["魚金","神保町魚金 弐 すずらん通り店"],"hasBookstore":false,"hasCafe":false,"hasRestaurant":true,"bookstoreEra":"unknown","oldestBookstoreYear":null,"mixedUse":true,"source":"東京都 令和3年度区部土地利用現況調査・建物現況","observedAt":"2021年度"},"geometry":{"type":"Polygon","coordinates":[[[139.75865096541008,35.69517846861066],[139.75864756445114,35.69527076673575],[139.75875684341284,35.69527344845711],[139.75876024424602,35.695181150328835],[139.75865096541008,35.69517846861066]]]}},{"type":"Feature","properties":{"id":"building-1696036","sourceId":"1696036","floors":3,"areaSqm":61.0,"primaryUse":"bookstore","primaryUseBasis":"floor_unverified","placeCount":2,"placeIds":["osm-node-4018929187","osm-node-5445799065"],"placeNames":["magnif","Gallery Hinoki"],"hasBookstore":true,"hasCafe":false,"hasRestaurant":false,"bookstoreEra":"unknown","oldestBookstoreYear":null,"mixedUse":true,"source":"東京都 令和3年度区部土地利用現況調査・建物現況","observedAt":"2021年度"},"geometry":{"type":"Polygon","coordinates":[[[139.75968255986191,35.6951824392555],[139.75967758437542,35.695306013967915],[139.75972675425882,35.69530739609764],[139.7597316191728,35.695183821315574],[139.75968255986191,35.6951824392555]]]}},{"type":"Feature","properties":{"id":"building-1696037","sourceId":"1696037","floors":2,"areaSqm":27.0,"primaryUse":"unclassified","primaryUseBasis":"no_place","placeCount":0,"placeIds":[],"placeNames":[],"hasBookstore":false,"hasCafe":false,"hasRestaurant":false,"bookstoreEra":"unknown","oldestBookstoreYear":null,"mixedUse":false,"source":"東京都 令和3年度区部土地利用現況調査・建物現況","observedAt":"2021年度"},"geometry":{"type":"Polygon","coordinates":[[[139.75983214404746,35.6951267800772],[139.75982901983755,35.69520074455074],[139.75986538230183,35.69520176636732],[139.7598685064782,35.695127801892816],[139.75983214404746,35.6951267800772]]]}},{"type":"Feature","properties":{"id":"building-1696038","sourceId":"1696038","floors":2,"areaSqm":30.3,"primaryUse":"unclassified","primaryUseBasis":"no_place","placeCount":0,"placeIds":[],"placeNames":[],"hasBookstore":false,"hasCafe":false,"hasRestaurant":false,"bookstoreEra":"unknown","oldestBookstoreYear":null,"mixedUse":false,"source":"東京都 令和3年度区部土地利用現況調査・建物現況","observedAt":"2021年度"},"geometry":{"type":"Polygon","coordinates":[[[139.759786259433,35.69512409391337],[139.75978310055828,35.695194849489134],[139.75982564065245,35.695196137390575],[139.75982879948964,35.69512538181366],[139.759786259433,35.69512409391337]]]}},{"type":"Feature","properties":{"id":"building-1696039","sourceId":"1696039","floors":3,"areaSqm":51.0,"primaryUse":"restaurant","primaryUseBasis":"confirmed_ground_floor","placeCount":1,"placeIds":["osm-node-7929991513"],"placeNames":["天鶏"],"hasBookstore":false,"hasCafe":false,"hasRestaurant":true,"bookstoreEra":"unknown","oldestBookstoreYear":null,"mixedUse":false,"source":"東京都 令和3年度区部土地利用現況調査・建物現況","observedAt":"2021年度"},"geometry":{"type":"Polygon","coordinates":[[[139.75968338803617,35.695122949375154],[139.75968112804537,35.69517739071029],[139.75977438488894,35.69518006170388],[139.75977664481644,35.69512562036694],[139.75968338803617,35.695122949375154]]]}},{"type":"Feature","properties":{"id":"building-1696040","sourceId":"1696040","floors":3,"areaSqm":55.1,"primaryUse":"restaurant","primaryUseBasis":"floor_unverified","placeCount":2,"placeIds":["osm-node-6920740985","osm-node-7929991524"],"placeNames":["伊峡","落合木版"],"hasBookstore":false,"hasCafe":false,"hasRestaurant":true,"bookstoreEra":"unknown","oldestBookstoreYear":null,"mixedUse":true,"source":"東京都 令和3年度区部土地利用現況調査・建物現況","observedAt":"2021年度"},"geometry":{"type":"Polygon","coordinates":[[[139.76010525815838,35.69513836868093],[139.7601005024125,35.6952217280446],[139.7601663830319,35.69522515725472],[139.7601694561889,35.69514021045547],[139.76010525815838,35.69513836868093]]]}},{"type":"Feature","properties":{"id":"building-1696041","sourceId":"1696041","floors":3,"areaSqm":64.7,"primaryUse":"restaurant","primaryUseBasis":"floor_unverified","placeCount":1,"placeIds":["osm-node-7929991525"],"placeNames":["花の樹"],"hasBookstore":false,"hasCafe":false,"hasRestaurant":true,"bookstoreEra":"unknown","oldestBookstoreYear":null,"mixedUse":false,"source":"東京都 令和3年度区部土地利用現況調査・建物現況","observedAt":"2021年度"},"geometry":{"type":"Polygon","coordinates":[[[139.7603124246532,35.69514622737423],[139.76030248632836,35.69526042486058],[139.76035861577228,35.69526370383014],[139.76036855409967,35.69514941620223],[139.7603124246532,35.69514622737423]]]}},{"type":"Feature","properties":{"id":"building-1696042","sourceId":"1696042","floors":4,"areaSqm":121.5,"primaryUse":"restaurant","primaryUseBasis":"floor_unverified","placeCount":1,"placeIds":["osm-node-5455368502"],"placeNames":["Grand Time Café"],"hasBookstore":false,"hasCafe":false,"hasRestaurant":true,"bookstoreEra":"unknown","oldestBookstoreYear":null,"mixedUse":false,"source":"東京都 令和3年度区部土地利用現況調査・建物現況","observedAt":"2021年度"},"geometry":{"type":"Polygon","coordinates":[[[139.7605958375406,35.69515865758261],[139.7605855603509,35.695281417897704],[139.76069174474674,35.69528490722496],[139.76068710422706,35.69516267872085],[139.7605958375406,35.69515865758261]]]}},{"type":"Feature","properties":{"id":"building-1696051","sourceId":"1696051","floors":3,"areaSqm":66.6,"primaryUse":"unclassified","primaryUseBasis":"no_place","placeCount":0,"placeIds":[],"placeNames":[],"hasBookstore":false,"hasCafe":false,"hasRestaurant":false,"bookstoreEra":"unknown","oldestBookstoreYear":null,"mixedUse":false,"source":"東京都 令和3年度区部土地利用現況調査・建物現況","observedAt":"2021年度"},"geometry":{"type":"Polygon","coordinates":[[[139.75554060769403,35.6950476029363],[139.7555321004375,35.695160358760276],[139.75556414413057,35.69516074001382],[139.75559487515972,35.69514741959516],[139.7556006051312,35.69504989511745],[139.75554060769403,35.6950476029363]]]}},{"type":"Feature","properties":{"id":"building-1696052","sourceId":"1696052","floors":3,"areaSqm":96.1,"primaryUse":"restaurant","primaryUseBasis":"floor_unverified","placeCount":2,"placeIds":["osm-node-5506259360","osm-node-10107576117"],"placeNames":["成光","森のブッチャーズ"],"hasBookstore":false,"hasCafe":false,"hasRestaurant":true,"bookstoreEra":"unknown","oldestBookstoreYear":null,"mixedUse":true,"source":"東京都 令和3年度区部土地利用現況調査・建物現況","observedAt":"2021年度"},"geometry":{"type":"Polygon","coordinates":[[[139.75590434132408,35.6950695604485],[139.75589973254603,35.69515068073734],[139.75592435205402,35.69517268998653],[139.7559945152946,35.695174988508036],[139.75600146372474,35.69507385931625],[139.75590434132408,35.6950695604485]]]}},{"type":"Feature","properties":{"id":"building-1696053","sourceId":"1696053","floors":5,"areaSqm":106.8,"primaryUse":"restaurant","primaryUseBasis":"floor_unverified","placeCount":1,"placeIds":["osm-node-6934233985"],"placeNames":["げんぱち"],"hasBookstore":false,"hasCafe":false,"hasRestaurant":true,"bookstoreEra":"unknown","oldestBookstoreYear":null,"mixedUse":false,"source":"東京都 令和3年度区部土地利用現況調査・建物現況","observedAt":"2021年度"},"geometry":{"type":"Polygon","coordinates":[[[139.75650314561736,35.695045607141275],[139.75649394318785,35.69519333572608],[139.75657526559894,35.695196722675036],[139.7565821116968,35.695086309278665],[139.75654454440783,35.69508466285549],[139.75654690052096,35.695047437798365],[139.75650314561736,35.695045607141275]]]}},{"type":"Feature","properties":{"id":"building-1696054","sourceId":"1696054","floors":2,"areaSqm":50.6,"primaryUse":"unclassified","primaryUseBasis":"no_place","placeCount":0,"placeIds":[],"placeNames":[],"hasBookstore":false,"hasCafe":false,"hasRestaurant":false,"bookstoreEra":"unknown","oldestBookstoreYear":null,"mixedUse":false,"source":"東京都 令和3年度区部土地利用現況調査・建物現況","observedAt":"2021年度"},"geometry":{"type":"Polygon","coordinates":[[[139.75878243368928,35.695084356988836],[139.7587793738559,35.69516646985517],[139.75884069819276,35.69516795001075],[139.75884364746673,35.69508583707442],[139.75878243368928,35.695084356988836]]]}},{"type":"Feature","properties":{"id":"building-1696055","sourceId":"1696055","floors":2,"areaSqm":33.6,"primaryUse":"unclassified","primaryUseBasis":"no_place","placeCount":0,"placeIds":[],"placeNames":[],"hasBookstore":false,"hasCafe":false,"hasRestaurant":false,"bookstoreEra":"unknown","oldestBookstoreYear":null,"mixedUse":false,"source":"東京都 令和3年度区部土地利用現況調査・建物現況","observedAt":"2021年度"},"geometry":{"type":"Polygon","coordinates":[[[139.76011075664678,35.69503785039614],[139.76010838752347,35.69509111989348],[139.7601710373762,35.69509305086238],[139.76017351695447,35.695039781430935],[139.76011075664678,35.69503785039614]]]}},{"type":"Feature","properties":{"id":"building-1696056","sourceId":"1696056","floors":2,"areaSqm":62.0,"primaryUse":"unclassified","primaryUseBasis":"no_place","placeCount":0,"placeIds":[],"placeNames":[],"hasBookstore":false,"hasCafe":false,"hasRestaurant":false,"bookstoreEra":"unknown","oldestBookstoreYear":null,"mixedUse":false,"source":"東京都 令和3年度区部土地利用現況調査・建物現況","observedAt":"2021年度"},"geometry":{"type":"Polygon","coordinates":[[[139.76041286683278,35.69502415269066],[139.76040693887876,35.69510283865858],[139.76048516697045,35.69510676191335],[139.76049109484794,35.69502807594154],[139.76041286683278,35.69502415269066]]]}},{"type":"Feature","properties":{"id":"building-1696069","sourceId":"1696069","floors":5,"areaSqm":72.8,"primaryUse":"unclassified","primaryUseBasis":"no_place","placeCount":0,"placeIds":[],"placeNames":[],"hasBookstore":false,"hasCafe":false,"hasRestaurant":false,"bookstoreEra":"unknown","oldestBookstoreYear":null,"mixedUse":false,"source":"東京都 令和3年度区部土地利用現況調査・建物現況","observedAt":"2021年度"},"geometry":{"type":"Polygon","coordinates":[[[139.7541152370634,35.69501151996484],[139.75410751082003,35.69511463154825],[139.75417756230107,35.6951181028355],[139.7541852884546,35.695014991247525],[139.7541152370634,35.69501151996484]]]}},{"type":"Feature","properties":{"id":"building-1696070","sourceId":"1696070","floors":3,"areaSqm":28.6,"primaryUse":"unclassified","primaryUseBasis":"no_place","placeCount":0,"placeIds":[],"placeNames":[],"hasBookstore":false,"hasCafe":false,"hasRestaurant":false,"bookstoreEra":"unknown","oldestBookstoreYear":null,"mixedUse":false,"source":"東京都 令和3年度区部土地利用現況調査・建物現況","observedAt":"2021年度"},"geometry":{"type":"Polygon","coordinates":[[[139.75845412044072,35.694995728866544],[139.75844657499616,35.69502961566651],[139.758533423331,35.69503174281286],[139.75853467052357,35.694997761957154],[139.75845412044072,35.694995728866544]]]}},{"type":"Feature","properties":{"id":"building-1696071","sourceId":"1696071","floors":3,"areaSqm":86.1,"primaryUse":"restaurant","primaryUseBasis":"floor_unverified","placeCount":1,"placeIds":["osm-node-5445799072"],"placeNames":["Chef's table Remare"],"hasBookstore":false,"hasCafe":false,"hasRestaurant":true,"bookstoreEra":"unknown","oldestBookstoreYear":null,"mixedUse":false,"source":"東京都 令和3年度区部土地利用現況調査・建物現況","observedAt":"2021年度"},"geometry":{"type":"Polygon","coordinates":[[[139.7596877122903,35.69498657481305],[139.75968409908265,35.695070670378655],[139.75978586379134,35.69507361697911],[139.75978947697502,35.69498943127348],[139.7596877122903,35.69498657481305]]]}},{"type":"Feature","properties":{"id":"building-1696072","sourceId":"1696072","floors":3,"areaSqm":66.7,"primaryUse":"restaurant","primaryUseBasis":"confirmed_ground_floor","placeCount":2,"placeIds":["osm-node-5455368495","osm-node-7202136550"],"placeNames":["鴻","うなぎかねいち"],"hasBookstore":false,"hasCafe":false,"hasRestaurant":true,"bookstoreEra":"unknown","oldestBookstoreYear":null,"mixedUse":true,"source":"東京都 令和3年度区部土地利用現況調査・建物現況","observedAt":"2021年度"},"geometry":{"type":"Polygon","coordinates":[[[139.76024703481022,35.69500703516689],[139.76024451967086,35.69509933387859],[139.76031645284837,35.69510072958618],[139.76031896688207,35.69500834073531],[139.76024703481022,35.69500703516689]]]}},{"type":"Feature","properties":{"id":"building-1696079","sourceId":"1696079","floors":4,"areaSqm":120.0,"primaryUse":"unclassified","primaryUseBasis":"no_place","placeCount":0,"placeIds":[],"placeNames":[],"hasBookstore":false,"hasCafe":false,"hasRestaurant":false,"bookstoreEra":"unknown","oldestBookstoreYear":null,"mixedUse":false,"source":"東京都 令和3年度区部土地利用現況調査・建物現況","observedAt":"2021年度"},"geometry":{"type":"Polygon","coordinates":[[[139.75474244767872,35.69485151345074],[139.7546699637175,35.69484984364172],[139.75466780316583,35.69491320850623],[139.7546124412997,35.69491192211594],[139.75461211913915,35.694969892583174],[139.7547382414726,35.69497274490281],[139.75474244767872,35.69485151345074]]]}},{"type":"Feature","properties":{"id":"building-1696080","sourceId":"1696080","floors":6,"areaSqm":97.5,"primaryUse":"restaurant","primaryUseBasis":"floor_unverified","placeCount":1,"placeIds":["osm-node-5455368498"],"placeNames":["青蓮"],"hasBookstore":false,"hasCafe":false,"hasRestaurant":true,"bookstoreEra":"unknown","oldestBookstoreYear":null,"mixedUse":false,"source":"東京都 令和3年度区部土地利用現況調査・建物現況","observedAt":"2021年度"},"geometry":{"type":"Polygon","coordinates":[[[139.75885641560268,35.69489066512287],[139.75885372258296,35.695043021947185],[139.75891824309286,35.6950437441862],[139.7589193492742,35.694891373760285],[139.75885641560268,35.69489066512287]]]}},{"type":"Feature","properties":{"id":"building-1696081","sourceId":"1696081","floors":5,"areaSqm":54.3,"primaryUse":"bookstore","primaryUseBasis":"floor_unverified","placeCount":1,"placeIds":["osm-node-4018933615"],"placeNames":["ビブリオ"],"hasBookstore":true,"hasCafe":false,"hasRestaurant":false,"bookstoreEra":"unknown","oldestBookstoreYear":null,"mixedUse":false,"source":"東京都 令和3年度区部土地利用現況調査・建物現況","observedAt":"2021年度"},"geometry":{"type":"Polygon","coordinates":[[[139.7602511813334,35.69493481905607],[139.76024891392146,35.69499782340981],[139.76033465738922,35.694999858448895],[139.76033692473376,35.69493685409348],[139.7602511813334,35.69493481905607]]]}},{"type":"Feature","properties":{"id":"building-1696092","sourceId":"1696092","floors":4,"areaSqm":44.4,"primaryUse":"unclassified","primaryUseBasis":"no_place","placeCount":0,"placeIds":[],"placeNames":[],"hasBookstore":false,"hasCafe":false,"hasRestaurant":false,"bookstoreEra":"unknown","oldestBookstoreYear":null,"mixedUse":false,"source":"東京都 令和3年度区部土地利用現況調査・建物現況","observedAt":"2021年度"},"geometry":{"type":"Polygon","coordinates":[[[139.75390217654214,35.69481199663372],[139.75390036149915,35.69485949760917],[139.75399339713596,35.69486181238733],[139.75399521212384,35.694814311410404],[139.75390217654214,35.69481199663372]]]}},{"type":"Feature","properties":{"id":"building-1696093","sourceId":"1696093","floors":6,"areaSqm":93.5,"primaryUse":"unclassified","primaryUseBasis":"no_place","placeCount":0,"placeIds":[],"placeNames":[],"hasBookstore":false,"hasCafe":false,"hasRestaurant":false,"bookstoreEra":"unknown","oldestBookstoreYear":null,"mixedUse":false,"source":"東京都 令和3年度区部土地利用現況調査・建物現況","observedAt":"2021年度"},"geometry":{"type":"Polygon","coordinates":[[[139.75453632392168,35.69483299076567],[139.7545371422981,35.69496819672693],[139.75460555579264,35.694969744071805],[139.75460791436416,35.694911817300735],[139.7546017362997,35.694834457729044],[139.75453632392168,35.69483299076567]]]}},{"type":"Feature","properties":{"id":"building-1696094","sourceId":"1696094","floors":3,"areaSqm":49.5,"primaryUse":"unclassified","primaryUseBasis":"no_place","placeCount":0,"placeIds":[],"placeNames":[],"hasBookstore":false,"hasCafe":false,"hasRestaurant":false,"bookstoreEra":"unknown","oldestBookstoreYear":null,"mixedUse":false,"source":"東京都 令和3年度区部土地利用現況調査・建物現況","observedAt":"2021年度"},"geometry":{"type":"Polygon","coordinates":[[[139.760758159482,35.694790365825924],[139.76075646659604,35.69482948424415],[139.76088220791286,35.69483334574051],[139.76088401131526,35.694794137250064],[139.760758159482,35.694790365825924]]]}},{"type":"Feature","properties":{"id":"building-1696102","sourceId":"1696102","floors":2,"areaSqm":50.9,"primaryUse":"unclassified","primaryUseBasis":"no_place","placeCount":0,"placeIds":[],"placeNames":[],"hasBookstore":false,"hasCafe":false,"hasRestaurant":false,"bookstoreEra":"unknown","oldestBookstoreYear":null,"mixedUse":false,"source":"東京都 令和3年度区部土地利用現況調査・建物現況","observedAt":"2021年度"},"geometry":{"type":"Polygon","coordinates":[[[139.7590805313477,35.69475085423207],[139.75907925238988,35.69481935752909],[139.75915328420237,35.69482012426748],[139.75915456309687,35.6947516209696],[139.7590805313477,35.69475085423207]]]}},{"type":"Feature","properties":{"id":"building-1696103","sourceId":"1696103","floors":4,"areaSqm":45.6,"primaryUse":"unclassified","primaryUseBasis":"no_place","placeCount":0,"placeIds":[],"placeNames":[],"hasBookstore":false,"hasCafe":false,"hasRestaurant":false,"bookstoreEra":"unknown","oldestBookstoreYear":null,"mixedUse":false,"source":"東京都 令和3年度区部土地利用現況調査・建物現況","observedAt":"2021年度"},"geometry":{"type":"Polygon","coordinates":[[[139.76043834507067,35.694776515938194],[139.76043345819897,35.694864736326856],[139.76048429612015,35.694866338190046],[139.7604902260839,35.69477804812367],[139.76043834507067,35.694776515938194]]]}},{"type":"Feature","properties":{"id":"building-1696104","sourceId":"1696104","floors":4,"areaSqm":28.2,"primaryUse":"retail","primaryUseBasis":"floor_unverified","placeCount":1,"placeIds":["osm-node-6564489387"],"placeNames":["豆香房"],"hasBookstore":false,"hasCafe":false,"hasRestaurant":false,"bookstoreEra":"unknown","oldestBookstoreYear":null,"mixedUse":false,"source":"東京都 令和3年度区部土地利用現況調査・建物現況","observedAt":"2021年度"},"geometry":{"type":"Polygon","coordinates":[[[139.76060048802958,35.694782969570795],[139.7605982033823,35.69486526323085],[139.76063234616825,35.69486591481439],[139.7606346308623,35.69478353101675],[139.76060048802958,35.694782969570795]]]}},{"type":"Feature","properties":{"id":"building-1696105","sourceId":"1696105","floors":3,"areaSqm":53.0,"primaryUse":"bookstore","primaryUseBasis":"floor_unverified","placeCount":2,"placeIds":["osm-node-12425865979","osm-node-12425865982"],"placeNames":["東武書籍","はせ部"],"hasBookstore":true,"hasCafe":false,"hasRestaurant":true,"bookstoreEra":"unknown","oldestBookstoreYear":null,"mixedUse":true,"source":"東京都 令和3年度区部土地利用現況調査・建物現況","observedAt":"2021年度"},"geometry":{"type":"Polygon","coordinates":[[[139.76049528225576,35.69477819810638],[139.76048928931712,35.694866485430765],[139.76055002090902,35.6948682816389],[139.76055394534788,35.69477993176779],[139.76049528225576,35.69477819810638]]]}},{"type":"Feature","properties":{"id":"building-1696106","sourceId":"1696106","floors":4,"areaSqm":30.1,"primaryUse":"restaurant","primaryUseBasis":"floor_unverified","placeCount":1,"placeIds":["osm-node-3786123334"],"placeNames":["キッチン南海"],"hasBookstore":false,"hasCafe":false,"hasRestaurant":true,"bookstoreEra":"unknown","oldestBookstoreYear":null,"mixedUse":false,"source":"東京都 令和3年度区部土地利用現況調査・建物現況","observedAt":"2021年度"},"geometry":{"type":"Polygon","coordinates":[[[139.7606428077442,35.69478335568072],[139.76064030051182,35.694867451946266],[139.76067599024745,35.6948681044516],[139.7606784973606,35.69478409832217],[139.7606428077442,35.69478335568072]]]}},{"type":"Feature","properties":{"id":"building-1696116","sourceId":"1696116","floors":2,"areaSqm":22.0,"primaryUse":"unclassified","primaryUseBasis":"no_place","placeCount":0,"placeIds":[],"placeNames":[],"hasBookstore":false,"hasCafe":false,"hasRestaurant":false,"bookstoreEra":"unknown","oldestBookstoreYear":null,"mixedUse":false,"source":"東京都 令和3年度区部土地利用現況調査・建物現況","observedAt":"2021年度"},"geometry":{"type":"Polygon","coordinates":[[[139.7591818139011,35.69467736490672],[139.7591808866283,35.69472414541596],[139.75922762598165,35.694724715019674],[139.75922855322722,35.69467793451005],[139.7591818139011,35.69467736490672]]]}},{"type":"Feature","properties":{"id":"building-1696117","sourceId":"1696117","floors":3,"areaSqm":24.4,"primaryUse":"unclassified","primaryUseBasis":"no_place","placeCount":0,"placeIds":[],"placeNames":[],"hasBookstore":false,"hasCafe":false,"hasRestaurant":false,"bookstoreEra":"unknown","oldestBookstoreYear":null,"mixedUse":false,"source":"東京都 令和3年度区部土地利用現況調査・建物現況","observedAt":"2021年度"},"geometry":{"type":"Polygon","coordinates":[[[139.75927131569884,35.694678612517016],[139.75927104105938,35.69473783232842],[139.75931203503924,35.69473794767964],[139.75931242006112,35.694678818072944],[139.75927131569884,35.694678612517016]]]}},{"type":"Feature","properties":{"id":"building-1696118","sourceId":"1696118","floors":3,"areaSqm":23.7,"primaryUse":"unclassified","primaryUseBasis":"no_place","placeCount":0,"placeIds":[],"placeNames":[],"hasBookstore":false,"hasCafe":false,"hasRestaurant":false,"bookstoreEra":"unknown","oldestBookstoreYear":null,"mixedUse":false,"source":"東京都 令和3年度区部土地利用現況調査・建物現況","observedAt":"2021年度"},"geometry":{"type":"Polygon","coordinates":[[[139.75935572668274,35.694686125056315],[139.75935434961875,35.69474146830132],[139.75939700054346,35.69474212546361],[139.75939837757798,35.6946867822181],[139.75935572668274,35.694686125056315]]]}},{"type":"Feature","properties":{"id":"building-1696119","sourceId":"1696119","floors":5,"areaSqm":49.1,"primaryUse":"restaurant","primaryUseBasis":"confirmed_ground_floor","placeCount":1,"placeIds":["osm-node-5214277754"],"placeNames":["酒蔵駒忠"],"hasBookstore":false,"hasCafe":false,"hasRestaurant":true,"bookstoreEra":"unknown","oldestBookstoreYear":null,"mixedUse":false,"source":"東京都 令和3年度区部土地利用現況調査・建物現況","observedAt":"2021年度"},"geometry":{"type":"Polygon","coordinates":[[[139.7605786890294,35.69469570382365],[139.7605782026737,35.69474455776049],[139.76068118450368,35.69474525091568],[139.7606814363157,35.69471126943483],[139.76066332853017,35.694696295770015],[139.7605786890294,35.69469570382365]]]}},{"type":"Feature","properties":{"id":"building-1696120","sourceId":"1696120","floors":4,"areaSqm":29.7,"primaryUse":"unclassified","primaryUseBasis":"no_place","placeCount":0,"placeIds":[],"placeNames":[],"hasBookstore":false,"hasCafe":false,"hasRestaurant":false,"bookstoreEra":"unknown","oldestBookstoreYear":null,"mixedUse":false,"source":"東京都 令和3年度区部土地利用現況調査・建物現況","observedAt":"2021年度"},"geometry":{"type":"Polygon","coordinates":[[[139.760982224091,35.69470074232174],[139.76098180546367,35.694723817131276],[139.76110733916988,35.6947261459394],[139.76110774752414,35.69470216975368],[139.760982224091,35.69470074232174]]]}},{"type":"Feature","properties":{"id":"building-1696734","sourceId":"1696734","floors":7,"areaSqm":260.5,"primaryUse":"unclassified","primaryUseBasis":"no_place","placeCount":0,"placeIds":[],"placeNames":[],"hasBookstore":false,"hasCafe":false,"hasRestaurant":false,"bookstoreEra":"unknown","oldestBookstoreYear":null,"mixedUse":false,"source":"東京都 令和3年度区部土地利用現況調査・建物現況","observedAt":"2021年度"},"geometry":{"type":"Polygon","coordinates":[[[139.75843146793966,35.69692736916634],[139.7584080126743,35.69697064733318],[139.7584254343029,35.696976219623714],[139.75837864919123,35.69704676771042],[139.75858462167287,35.697127887416],[139.7586194088702,35.697070109613804],[139.75856650159994,35.69704896669725],[139.75860163675426,35.69699365886718],[139.75843146793966,35.69692736916634]]]}},{"type":"Feature","properties":{"id":"building-1696743","sourceId":"1696743","floors":4,"areaSqm":141.1,"primaryUse":"restaurant","primaryUseBasis":"floor_unverified","placeCount":1,"placeIds":["osm-node-6348564589"],"placeNames":["タカセ"],"hasBookstore":false,"hasCafe":false,"hasRestaurant":true,"bookstoreEra":"unknown","oldestBookstoreYear":null,"mixedUse":false,"source":"東京都 令和3年度区部土地利用現況調査・建物現況","observedAt":"2021年度"},"geometry":{"type":"Polygon","coordinates":[[[139.75638712336325,35.69493141965641],[139.75638325236423,35.695050217682514],[139.75650148133928,35.695052726898076],[139.75650524166673,35.694933928797504],[139.75638712336325,35.69493141965641]]]}},{"type":"Feature","properties":{"id":"building-1696813","sourceId":"1696813","floors":4,"areaSqm":133.6,"primaryUse":"unclassified","primaryUseBasis":"no_place","placeCount":0,"placeIds":[],"placeNames":[],"hasBookstore":false,"hasCafe":false,"hasRestaurant":false,"bookstoreEra":"unknown","oldestBookstoreYear":null,"mixedUse":false,"source":"東京都 令和3年度区部土地利用現況調査・建物現況","observedAt":"2021年度"},"geometry":{"type":"Polygon","coordinates":[[[139.7595353868973,35.69649221912889],[139.75946788918904,35.69659367191201],[139.7594743997184,35.69660332055816],[139.75957559279055,35.69662916176573],[139.75963877514224,35.696534015866],[139.7595353868973,35.69649221912889]]]}},{"type":"Feature","properties":{"id":"building-1696814","sourceId":"1696814","floors":3,"areaSqm":21.8,"primaryUse":"unclassified","primaryUseBasis":"no_place","placeCount":0,"placeIds":[],"placeNames":[],"hasBookstore":false,"hasCafe":false,"hasRestaurant":false,"bookstoreEra":"unknown","oldestBookstoreYear":null,"mixedUse":false,"source":"東京都 令和3年度区部土地利用現況調査・建物現況","observedAt":"2021年度"},"geometry":{"type":"Polygon","coordinates":[[[139.7545297807405,35.69628373963863],[139.75452831417533,35.69630982881279],[139.75461110494692,35.69631332441148],[139.7546125407397,35.69628703781633],[139.7545297807405,35.69628373963863]]]}},{"type":"Feature","properties":{"id":"building-1696815","sourceId":"1696815","floors":3,"areaSqm":414.2,"primaryUse":"unclassified","primaryUseBasis":"no_place","placeCount":0,"placeIds":[],"placeNames":[],"hasBookstore":false,"hasCafe":false,"hasRestaurant":false,"bookstoreEra":"unknown","oldestBookstoreYear":null,"mixedUse":false,"source":"東京都 令和3年度区部土地利用現況調査・建物現況","observedAt":"2021年度"},"geometry":{"type":"Polygon","coordinates":[[[139.75977582376896,35.69635424496446],[139.75979990597028,35.69631794350768],[139.75993655483552,35.696352968485385],[139.75997870710347,35.696299401463264],[139.75970304188388,35.69623752361683],[139.75959781272834,35.69639537911174],[139.75971445268993,35.69644709896334],[139.75974258543627,35.696404000967036],[139.75984507542287,35.696461345598976],[139.7598830894795,35.696415184439374],[139.75977582376896,35.69635424496446]]]}},{"type":"Feature","properties":{"id":"building-1696819","sourceId":"1696819","floors":2,"areaSqm":58.7,"primaryUse":"unclassified","primaryUseBasis":"no_place","placeCount":0,"placeIds":[],"placeNames":[],"hasBookstore":false,"hasCafe":false,"hasRestaurant":false,"bookstoreEra":"unknown","oldestBookstoreYear":null,"mixedUse":false,"source":"東京都 令和3年度区部土地利用現況調査・建物現況","observedAt":"2021年度"},"geometry":{"type":"Polygon","coordinates":[[[139.76000429555728,35.6956991203725],[139.76000291421929,35.695759601418885],[139.76009959832936,35.695761012331246],[139.76010097959434,35.695700531283684],[139.76000429555728,35.6956991203725]]]}},{"type":"Feature","properties":{"id":"building-1696820","sourceId":"1696820","floors":6,"areaSqm":109.3,"primaryUse":"unclassified","primaryUseBasis":"no_place","placeCount":0,"placeIds":[],"placeNames":[],"hasBookstore":false,"hasCafe":false,"hasRestaurant":false,"bookstoreEra":"unknown","oldestBookstoreYear":null,"mixedUse":false,"source":"東京都 令和3年度区部土地利用現況調査・建物現況","observedAt":"2021年度"},"geometry":{"type":"Polygon","coordinates":[[[139.76100079749952,35.69518397769426],[139.76097953056808,35.695364599359536],[139.76104659768953,35.69536968732091],[139.761060402472,35.69525414004178],[139.761039851442,35.69525259537343],[139.76104731345768,35.69518752097667],[139.76100079749952,35.69518397769426]]]}},{"type":"Feature","properties":{"id":"building-1697055","sourceId":"1697055","floors":2,"areaSqm":57.8,"primaryUse":"unclassified","primaryUseBasis":"no_place","placeCount":0,"placeIds":[],"placeNames":[],"hasBookstore":false,"hasCafe":false,"hasRestaurant":false,"bookstoreEra":"unknown","oldestBookstoreYear":null,"mixedUse":false,"source":"東京都 令和3年度区部土地利用現況調査・建物現況","observedAt":"2021年度"},"geometry":{"type":"Polygon","coordinates":[[[139.75809195104557,35.698836868270234],[139.7580659555982,35.69886614650892],[139.75819483985197,35.698942302566635],[139.75822083527706,35.69891302430046],[139.75809195104557,35.698836868270234]]]}},{"type":"Feature","properties":{"id":"building-1697060","sourceId":"1697060","floors":3,"areaSqm":23.4,"primaryUse":"unclassified","primaryUseBasis":"no_place","placeCount":0,"placeIds":[],"placeNames":[],"hasBookstore":false,"hasCafe":false,"hasRestaurant":false,"bookstoreEra":"unknown","oldestBookstoreYear":null,"mixedUse":false,"source":"東京都 令和3年度区部土地利用現況調査・建物現況","observedAt":"2021年度"},"geometry":{"type":"Polygon","coordinates":[[[139.75817922732637,35.69872294108335],[139.75815678314447,35.69874903792428],[139.75820846572296,35.698777506578004],[139.75824050568718,35.69874570734454],[139.75817922732637,35.69872294108335]]]}},{"type":"Feature","properties":{"id":"building-1697064","sourceId":"1697064","floors":3,"areaSqm":20.5,"primaryUse":"unclassified","primaryUseBasis":"no_place","placeCount":0,"placeIds":[],"placeNames":[],"hasBookstore":false,"hasCafe":false,"hasRestaurant":false,"bookstoreEra":"unknown","oldestBookstoreYear":null,"mixedUse":false,"source":"東京都 令和3年度区部土地利用現況調査・建物現況","observedAt":"2021年度"},"geometry":{"type":"Polygon","coordinates":[[[139.75733256701946,35.69850369592666],[139.75729636959517,35.69857055464524],[139.75732188669542,35.698579764724556],[139.75735808418807,35.698512815861555],[139.75733256701946,35.69850369592666]]]}},{"type":"Feature","properties":{"id":"building-1697065","sourceId":"1697065","floors":2,"areaSqm":34.0,"primaryUse":"unclassified","primaryUseBasis":"no_place","placeCount":0,"placeIds":[],"placeNames":[],"hasBookstore":false,"hasCafe":false,"hasRestaurant":false,"bookstoreEra":"unknown","oldestBookstoreYear":null,"mixedUse":false,"source":"東京都 令和3年度区部土地利用現況調査・建物現況","observedAt":"2021年度"},"geometry":{"type":"Polygon","coordinates":[[[139.7578340884898,35.69855070244249],[139.75781383299616,35.69858647408471],[139.75789181941488,35.69861581747782],[139.75791207496601,35.69857995568576],[139.7578340884898,35.69855070244249]]]}},{"type":"Feature","properties":{"id":"building-1697079","sourceId":"1697079","floors":1,"areaSqm":12.2,"primaryUse":"unclassified","primaryUseBasis":"no_place","placeCount":0,"placeIds":[],"placeNames":[],"hasBookstore":false,"hasCafe":false,"hasRestaurant":false,"bookstoreEra":"unknown","oldestBookstoreYear":null,"mixedUse":false,"source":"東京都 令和3年度区部土地利用現況調査・建物現況","observedAt":"2021年度"},"geometry":{"type":"Polygon","coordinates":[[[139.75761867377526,35.698367048413466],[139.75759620599243,35.69840516218801],[139.75762216422734,35.69841527385046],[139.7576445215847,35.698377069864804],[139.75761867377526,35.698367048413466]]]}},{"type":"Feature","properties":{"id":"building-1697084","sourceId":"1697084","floors":2,"areaSqm":71.7,"primaryUse":"unclassified","primaryUseBasis":"no_place","placeCount":0,"placeIds":[],"placeNames":[],"hasBookstore":false,"hasCafe":false,"hasRestaurant":false,"bookstoreEra":"unknown","oldestBookstoreYear":null,"mixedUse":false,"source":"東京都 令和3年度区部土地利用現況調査・建物現況","observedAt":"2021年度"},"geometry":{"type":"Polygon","coordinates":[[[139.75736111896904,35.69824909703737],[139.75732738141082,35.69830899875189],[139.75742776261268,35.69834654371977],[139.75745754894103,35.69828510806095],[139.75736111896904,35.69824909703737]]]}},{"type":"Feature","properties":{"id":"building-1697085","sourceId":"1697085","floors":3,"areaSqm":39.1,"primaryUse":"unclassified","primaryUseBasis":"no_place","placeCount":0,"placeIds":[],"placeNames":[],"hasBookstore":false,"hasCafe":false,"hasRestaurant":false,"bookstoreEra":"unknown","oldestBookstoreYear":null,"mixedUse":false,"source":"東京都 令和3年度区部土地利用現況調査・建物現況","observedAt":"2021年度"},"geometry":{"type":"Polygon","coordinates":[[[139.75746040327974,35.69828617347554],[139.7574308853743,35.698347711159],[139.75748236068563,35.69836696439869],[139.7575160982378,35.69830697250435],[139.75746040327974,35.69828617347554]]]}},{"type":"Feature","properties":{"id":"building-1697086","sourceId":"1697086","floors":2,"areaSqm":26.9,"primaryUse":"unclassified","primaryUseBasis":"no_place","placeCount":0,"placeIds":[],"placeNames":[],"hasBookstore":false,"hasCafe":false,"hasRestaurant":false,"bookstoreEra":"unknown","oldestBookstoreYear":null,"mixedUse":false,"source":"東京都 令和3年度区部土地利用現況調査・建物現況","observedAt":"2021年度"},"geometry":{"type":"Polygon","coordinates":[[[139.7585093031829,35.698259711449005],[139.75847875200907,35.69831629842925],[139.75851840858738,35.69833056471364],[139.75854895982286,35.69827388758658],[139.7585093031829,35.698259711449005]]]}},{"type":"Feature","properties":{"id":"building-1697094","sourceId":"1697094","floors":2,"areaSqm":46.2,"primaryUse":"unclassified","primaryUseBasis":"no_place","placeCount":0,"placeIds":[],"placeNames":[],"hasBookstore":false,"hasCafe":false,"hasRestaurant":false,"bookstoreEra":"unknown","oldestBookstoreYear":null,"mixedUse":false,"source":"東京都 令和3年度区部土地利用現況調査・建物現況","observedAt":"2021年度"},"geometry":{"type":"Polygon","coordinates":[[[139.75768106274123,35.69817987329438],[139.7576485199519,35.698238622098295],[139.75771358237614,35.69826263940449],[139.75774612512754,35.69820389058318],[139.75768106274123,35.69817987329438]]]}},{"type":"Feature","properties":{"id":"building-1697095","sourceId":"1697095","floors":2,"areaSqm":27.5,"primaryUse":"unclassified","primaryUseBasis":"no_place","placeCount":0,"placeIds":[],"placeNames":[],"hasBookstore":false,"hasCafe":false,"hasRestaurant":false,"bookstoreEra":"unknown","oldestBookstoreYear":null,"mixedUse":false,"source":"東京都 令和3年度区部土地利用現況調査・建物現況","observedAt":"2021年度"},"geometry":{"type":"Polygon","coordinates":[[[139.75876331583038,35.69818313462695],[139.7587468282281,35.69821491209248],[139.75882029934414,35.698239731722296],[139.75883646097319,35.69820792339853],[139.75876331583038,35.69818313462695]]]}},{"type":"Feature","properties":{"id":"building-1697099","sourceId":"1697099","floors":4,"areaSqm":28.8,"primaryUse":"unclassified","primaryUseBasis":"no_place","placeCount":0,"placeIds":[],"placeNames":[],"hasBookstore":false,"hasCafe":false,"hasRestaurant":false,"bookstoreEra":"unknown","oldestBookstoreYear":null,"mixedUse":false,"source":"東京都 令和3年度区部土地利用現況調査・建物現況","observedAt":"2021年度"},"geometry":{"type":"Polygon","coordinates":[[[139.7575201219268,35.69811748743892],[139.75748890855482,35.69817254142447],[139.7575318780348,35.69818879313326],[139.75756309138362,35.698133739136686],[139.7575201219268,35.69811748743892]]]}},{"type":"Feature","properties":{"id":"building-1697100","sourceId":"1697100","floors":3,"areaSqm":33.0,"primaryUse":"unclassified","primaryUseBasis":"no_place","placeCount":0,"placeIds":[],"placeNames":[],"hasBookstore":false,"hasCafe":false,"hasRestaurant":false,"bookstoreEra":"unknown","oldestBookstoreYear":null,"mixedUse":false,"source":"東京都 令和3年度区部土地利用現況調査・建物現況","observedAt":"2021年度"},"geometry":{"type":"Polygon","coordinates":[[[139.75746787383844,35.69809762440216],[139.757435883516,35.698156283360596],[139.7574827198237,35.698173258620194],[139.7575145996179,35.69811459957983],[139.75746787383844,35.69809762440216]]]}},{"type":"Feature","properties":{"id":"building-1697101","sourceId":"1697101","floors":3,"areaSqm":34.0,"primaryUse":"unclassified","primaryUseBasis":"no_place","placeCount":0,"placeIds":[],"placeNames":[],"hasBookstore":false,"hasCafe":false,"hasRestaurant":false,"bookstoreEra":"unknown","oldestBookstoreYear":null,"mixedUse":false,"source":"東京都 令和3年度区部土地利用現況調査・建物現況","observedAt":"2021年度"},"geometry":{"type":"Polygon","coordinates":[[[139.75756805991256,35.69813797869852],[139.75753551731339,35.69819645706167],[139.75758345790774,35.698214244209474],[139.75761611098,35.69815576590301],[139.75756805991256,35.69813797869852]]]}},{"type":"Feature","properties":{"id":"building-1697110","sourceId":"1697110","floors":2,"areaSqm":45.1,"primaryUse":"unclassified","primaryUseBasis":"no_place","placeCount":0,"placeIds":[],"placeNames":[],"hasBookstore":false,"hasCafe":false,"hasRestaurant":false,"bookstoreEra":"unknown","oldestBookstoreYear":null,"mixedUse":false,"source":"東京都 令和3年度区部土地利用現況調査・建物現況","observedAt":"2021年度"},"geometry":{"type":"Polygon","coordinates":[[[139.75884118598606,35.69797030741246],[139.7588220662823,35.69797363064454],[139.758794616252,35.69802291853798],[139.75886001018037,35.69804711570459],[139.75889221974782,35.6979891775968],[139.75884118598606,35.69797030741246]]]}},{"type":"Feature","properties":{"id":"building-1697116","sourceId":"1697116","floors":3,"areaSqm":87.1,"primaryUse":"unclassified","primaryUseBasis":"no_place","placeCount":0,"placeIds":[],"placeNames":[],"hasBookstore":false,"hasCafe":false,"hasRestaurant":false,"bookstoreEra":"unknown","oldestBookstoreYear":null,"mixedUse":false,"source":"東京都 令和3年度区部土地利用現況調査・建物現況","observedAt":"2021年度"},"geometry":{"type":"Polygon","coordinates":[[[139.75557205681716,35.69782302940805],[139.75554703961396,35.69786844224556],[139.75570577239463,35.69792668301883],[139.7557309000266,35.6978812702199],[139.75557205681716,35.69782302940805]]]}},{"type":"Feature","properties":{"id":"building-1697119","sourceId":"1697119","floors":2,"areaSqm":26.1,"primaryUse":"unclassified","primaryUseBasis":"no_place","placeCount":0,"placeIds":[],"placeNames":[],"hasBookstore":false,"hasCafe":false,"hasRestaurant":false,"bookstoreEra":"unknown","oldestBookstoreYear":null,"mixedUse":false,"source":"東京都 令和3年度区部土地利用現況調査・建物現況","observedAt":"2021年度"},"geometry":{"type":"Polygon","coordinates":[[[139.75891341309483,35.69784244060381],[139.75889320251633,35.697876965866634],[139.75895439987752,35.69790080434645],[139.75897461154153,35.697866278172796],[139.75891341309483,35.69784244060381]]]}},{"type":"Feature","properties":{"id":"building-1697127","sourceId":"1697127","floors":4,"areaSqm":21.8,"primaryUse":"unclassified","primaryUseBasis":"no_place","placeCount":0,"placeIds":[],"placeNames":[],"hasBookstore":false,"hasCafe":false,"hasRestaurant":false,"bookstoreEra":"unknown","oldestBookstoreYear":null,"mixedUse":false,"source":"東京都 令和3年度区部土地利用現況調査・建物現況","observedAt":"2021年度"},"geometry":{"type":"Polygon","coordinates":[[[139.75683292816734,35.697527467158174],[139.75681798621738,35.69755305654449],[139.75688879263282,35.6975783398665],[139.75690274040892,35.69755238929261],[139.75683292816734,35.697527467158174]]]}},{"type":"Feature","properties":{"id":"building-1697128","sourceId":"1697128","floors":5,"areaSqm":23.8,"primaryUse":"unclassified","primaryUseBasis":"no_place","placeCount":0,"placeIds":[],"placeNames":[],"hasBookstore":false,"hasCafe":false,"hasRestaurant":false,"bookstoreEra":"unknown","oldestBookstoreYear":null,"mixedUse":false,"source":"東京都 令和3年度区部土地利用現況調査・建物現況","observedAt":"2021年度"},"geometry":{"type":"Polygon","coordinates":[[[139.7568146645868,35.697559994975315],[139.75679972055786,35.69758774764377],[139.7568713001546,35.69761339201519],[139.75688624416352,35.69758563933794],[139.7568146645868,35.697559994975315]]]}},{"type":"Feature","properties":{"id":"building-1697129","sourceId":"1697129","floors":3,"areaSqm":72.5,"primaryUse":"unclassified","primaryUseBasis":"no_place","placeCount":0,"placeIds":[],"placeNames":[],"hasBookstore":false,"hasCafe":false,"hasRestaurant":false,"bookstoreEra":"unknown","oldestBookstoreYear":null,"mixedUse":false,"source":"東京都 令和3年度区部土地利用現況調査・建物現況","observedAt":"2021年度"},"geometry":{"type":"Polygon","coordinates":[[[139.75883373373136,35.69754747055375],[139.7587748516603,35.69765064086264],[139.7588324019462,35.69767248962737],[139.7588912839593,35.697569319290636],[139.75883373373136,35.69754747055375]]]}},{"type":"Feature","properties":{"id":"building-1697130","sourceId":"1697130","floors":2,"areaSqm":10.6,"primaryUse":"unclassified","primaryUseBasis":"no_place","placeCount":0,"placeIds":[],"placeNames":[],"hasBookstore":false,"hasCafe":false,"hasRestaurant":false,"bookstoreEra":"unknown","oldestBookstoreYear":null,"mixedUse":false,"source":"東京都 令和3年度区部土地利用現況調査・建物現況","observedAt":"2021年度"},"geometry":{"type":"Polygon","coordinates":[[[139.7590836499663,35.69756010081658],[139.75908012630583,35.69755870692914],[139.75907744780162,35.697563455492215],[139.75905499931227,35.69755792526318],[139.7590358325327,35.69758828957446],[139.75906383123558,35.69759881861927],[139.7590836499663,35.69756010081658]]]}},{"type":"Feature","properties":{"id":"building-1697131","sourceId":"1697131","floors":5,"areaSqm":59.3,"primaryUse":"unclassified","primaryUseBasis":"no_place","placeCount":0,"placeIds":[],"placeNames":[],"hasBookstore":false,"hasCafe":false,"hasRestaurant":false,"bookstoreEra":"unknown","oldestBookstoreYear":null,"mixedUse":false,"source":"東京都 令和3年度区部土地利用現況調査・建物現況","observedAt":"2021年度"},"geometry":{"type":"Polygon","coordinates":[[[139.7591878996727,35.697533177181334],[139.75915658034668,35.69758480633753],[139.75924837162617,35.69762190913683],[139.75927969099095,35.69757018982016],[139.7591878996727,35.697533177181334]]]}},{"type":"Feature","properties":{"id":"building-1697133","sourceId":"1697133","floors":3,"areaSqm":41.6,"primaryUse":"unclassified","primaryUseBasis":"no_place","placeCount":0,"placeIds":[],"placeNames":[],"hasBookstore":false,"hasCafe":false,"hasRestaurant":false,"bookstoreEra":"unknown","oldestBookstoreYear":null,"mixedUse":false,"source":"東京都 令和3年度区部土地利用現況調査・建物現況","observedAt":"2021年度"},"geometry":{"type":"Polygon","coordinates":[[[139.7554478393954,35.69749746471967],[139.75542016654163,35.69754666156529],[139.7554896457199,35.6975727560832],[139.7555173185401,35.69752355922177],[139.7554478393954,35.69749746471967]]]}},{"type":"Feature","properties":{"id":"building-1697134","sourceId":"1697134","floors":2,"areaSqm":35.6,"primaryUse":"unclassified","primaryUseBasis":"no_place","placeCount":0,"placeIds":[],"placeNames":[],"hasBookstore":false,"hasCafe":false,"hasRestaurant":false,"bookstoreEra":"unknown","oldestBookstoreYear":null,"mixedUse":false,"source":"東京都 令和3年度区部土地利用現況調査・建物現況","observedAt":"2021年度"},"geometry":{"type":"Polygon","coordinates":[[[139.7567531585654,35.697515518364355],[139.7567268163862,35.697560660196196],[139.75679088262098,35.69758557873848],[139.75681722477233,35.697540436892766],[139.7567531585654,35.697515518364355]]]}},{"type":"Feature","properties":{"id":"building-1697135","sourceId":"1697135","floors":2,"areaSqm":68.0,"primaryUse":"unclassified","primaryUseBasis":"no_place","placeCount":0,"placeIds":[],"placeNames":[],"hasBookstore":false,"hasCafe":false,"hasRestaurant":false,"bookstoreEra":"unknown","oldestBookstoreYear":null,"mixedUse":false,"source":"東京都 令和3年度区部土地利用現況調査・建物現況","observedAt":"2021年度"},"geometry":{"type":"Polygon","coordinates":[[[139.75872205685292,35.69750593840528],[139.75866339818978,35.69760640469137],[139.75871829683052,35.697627801181326],[139.75877695544057,35.697527334868774],[139.75872205685292,35.69750593840528]]]}},{"type":"Feature","properties":{"id":"building-1697136","sourceId":"1697136","floors":2,"areaSqm":32.7,"primaryUse":"unclassified","primaryUseBasis":"no_place","placeCount":0,"placeIds":[],"placeNames":[],"hasBookstore":false,"hasCafe":false,"hasRestaurant":false,"bookstoreEra":"unknown","oldestBookstoreYear":null,"mixedUse":false,"source":"東京都 令和3年度区部土地利用現況調査・建物現況","observedAt":"2021年度"},"geometry":{"type":"Polygon","coordinates":[[[139.75897015140487,35.697482205641975],[139.758934737766,35.69753996152158],[139.75897980469324,35.69755837729745],[139.75901532880775,35.69750062147296],[139.75897015140487,35.697482205641975]]]}},{"type":"Feature","properties":{"id":"building-1697143","sourceId":"1697143","floors":5,"areaSqm":50.1,"primaryUse":"unclassified","primaryUseBasis":"no_place","placeCount":0,"placeIds":[],"placeNames":[],"hasBookstore":false,"hasCafe":false,"hasRestaurant":false,"bookstoreEra":"unknown","oldestBookstoreYear":null,"mixedUse":false,"source":"東京都 令和3年度区部土地利用現況調査・建物現況","observedAt":"2021年度"},"geometry":{"type":"Polygon","coordinates":[[[139.75520742304957,35.6973517378102],[139.75518263347095,35.69739030031783],[139.75528414051774,35.69743372203125],[139.75530892997324,35.69739524963979],[139.75520742304957,35.6973517378102]]]}},{"type":"Feature","properties":{"id":"building-1697144","sourceId":"1697144","floors":2,"areaSqm":56.8,"primaryUse":"unclassified","primaryUseBasis":"no_place","placeCount":0,"placeIds":[],"placeNames":[],"hasBookstore":false,"hasCafe":false,"hasRestaurant":false,"bookstoreEra":"unknown","oldestBookstoreYear":null,"mixedUse":false,"source":"東京都 令和3年度区部土地利用現況調査・建物現況","observedAt":"2021年度"},"geometry":{"type":"Polygon","coordinates":[[[139.755181745691,35.69739417562874],[139.75515429960393,35.69743733338808],[139.75525757442975,35.697481026682404],[139.75528502056403,35.697437778762925],[139.755181745691,35.69739417562874]]]}},{"type":"Feature","properties":{"id":"building-1697145","sourceId":"1697145","floors":3,"areaSqm":44.5,"primaryUse":"unclassified","primaryUseBasis":"no_place","placeCount":0,"placeIds":[],"placeNames":[],"hasBookstore":false,"hasCafe":false,"hasRestaurant":false,"bookstoreEra":"unknown","oldestBookstoreYear":null,"mixedUse":false,"source":"東京都 令和3年度区部土地利用現況調査・建物現況","observedAt":"2021年度"},"geometry":{"type":"Polygon","coordinates":[[[139.75549956040513,35.697376534436],[139.7554475427796,35.69746159003666],[139.7554892952632,35.69747856278387],[139.75554131294305,35.69739341702853],[139.75549956040513,35.697376534436]]]}},{"type":"Feature","properties":{"id":"building-1697146","sourceId":"1697146","floors":2,"areaSqm":45.2,"primaryUse":"unclassified","primaryUseBasis":"no_place","placeCount":0,"placeIds":[],"placeNames":[],"hasBookstore":false,"hasCafe":false,"hasRestaurant":false,"bookstoreEra":"unknown","oldestBookstoreYear":null,"mixedUse":false,"source":"東京都 令和3年度区部土地利用現況調査・建物現況","observedAt":"2021年度"},"geometry":{"type":"Polygon","coordinates":[[[139.75540010430916,35.69738295994516],[139.75537022164457,35.6974319750757],[139.75544400660831,35.69746176802244],[139.75547377873912,35.69741275280229],[139.75540010430916,35.69738295994516]]]}},{"type":"Feature","properties":{"id":"building-1697147","sourceId":"1697147","floors":3,"areaSqm":52.7,"primaryUse":"unclassified","primaryUseBasis":"no_place","placeCount":0,"placeIds":[],"placeNames":[],"hasBookstore":false,"hasCafe":false,"hasRestaurant":false,"bookstoreEra":"unknown","oldestBookstoreYear":null,"mixedUse":false,"source":"東京都 令和3年度区部土地利用現況調査・建物現況","observedAt":"2021年度"},"geometry":{"type":"Polygon","coordinates":[[[139.75786713780684,35.697367946676145],[139.757831162768,35.69743435502358],[139.75789744026278,35.69745819272157],[139.75793330475761,35.69739178428531],[139.75786713780684,35.697367946676145]]]}},{"type":"Feature","properties":{"id":"building-1697148","sourceId":"1697148","floors":2,"areaSqm":38.2,"primaryUse":"unclassified","primaryUseBasis":"no_place","placeCount":0,"placeIds":[],"placeNames":[],"hasBookstore":false,"hasCafe":false,"hasRestaurant":false,"bookstoreEra":"unknown","oldestBookstoreYear":null,"mixedUse":false,"source":"東京都 令和3年度区部土地利用現況調査・建物現況","observedAt":"2021年度"},"geometry":{"type":"Polygon","coordinates":[[[139.75880171846754,35.69739674181403],[139.75875865826637,35.69747810877958],[139.75879809381567,35.69749201428898],[139.75884115398426,35.6974106473095],[139.75880171846754,35.69739674181403]]]}},{"type":"Feature","properties":{"id":"building-1697155","sourceId":"1697155","floors":3,"areaSqm":31.7,"primaryUse":"unclassified","primaryUseBasis":"no_place","placeCount":0,"placeIds":[],"placeNames":[],"hasBookstore":false,"hasCafe":false,"hasRestaurant":false,"bookstoreEra":"unknown","oldestBookstoreYear":null,"mixedUse":false,"source":"東京都 令和3年度区部土地利用現況調査・建物現況","observedAt":"2021年度"},"geometry":{"type":"Polygon","coordinates":[[[139.7581531397555,35.69732824726347],[139.75811537214673,35.69739991316453],[139.75815256168826,35.6974131739045],[139.7581900780535,35.69734191525394],[139.7581531397555,35.69732824726347]]]}},{"type":"Feature","properties":{"id":"building-1697165","sourceId":"1697165","floors":2,"areaSqm":29.5,"primaryUse":"unclassified","primaryUseBasis":"no_place","placeCount":0,"placeIds":[],"placeNames":[],"hasBookstore":false,"hasCafe":false,"hasRestaurant":false,"bookstoreEra":"unknown","oldestBookstoreYear":null,"mixedUse":false,"source":"東京都 令和3年度区部土地利用現況調査・建物現況","observedAt":"2021年度"},"geometry":{"type":"Polygon","coordinates":[[[139.75617650835858,35.69689068156936],[139.7561575777544,35.696927265024094],[139.75622573324983,35.69695065416336],[139.75624466382845,35.69691407069803],[139.75617650835858,35.69689068156936]]]}},{"type":"Feature","properties":{"id":"building-1697167","sourceId":"1697167","floors":3,"areaSqm":97.2,"primaryUse":"unclassified","primaryUseBasis":"no_place","placeCount":0,"placeIds":[],"placeNames":[],"hasBookstore":false,"hasCafe":false,"hasRestaurant":false,"bookstoreEra":"unknown","oldestBookstoreYear":null,"mixedUse":false,"source":"東京都 令和3年度区部土地利用現況調査・建物現況","observedAt":"2021年度"},"geometry":{"type":"Polygon","coordinates":[[[139.7564351454555,35.696818737531],[139.75640381710508,35.69687820788267],[139.75654112130627,35.6969264286685],[139.75657244957375,35.69686695828146],[139.7564351454555,35.696818737531]]]}},{"type":"Feature","properties":{"id":"building-1697168","sourceId":"1697168","floors":2,"areaSqm":66.3,"primaryUse":"unclassified","primaryUseBasis":"no_place","placeCount":0,"placeIds":[],"placeNames":[],"hasBookstore":false,"hasCafe":false,"hasRestaurant":false,"bookstoreEra":"unknown","oldestBookstoreYear":null,"mixedUse":false,"source":"東京都 令和3年度区部土地利用現況調査・建物現況","observedAt":"2021年度"},"geometry":{"type":"Polygon","coordinates":[[[139.75914770250046,35.69679051433462],[139.75911019165207,35.696846285967936],[139.75920109465127,35.69688708387351],[139.7592387159546,35.696831312280224],[139.75914770250046,35.69679051433462]]]}},{"type":"Feature","properties":{"id":"building-1697173","sourceId":"1697173","floors":2,"areaSqm":38.8,"primaryUse":"unclassified","primaryUseBasis":"no_place","placeCount":0,"placeIds":[],"placeNames":[],"hasBookstore":false,"hasCafe":false,"hasRestaurant":false,"bookstoreEra":"unknown","oldestBookstoreYear":null,"mixedUse":false,"source":"東京都 令和3年度区部土地利用現況調査・建物現況","observedAt":"2021年度"},"geometry":{"type":"Polygon","coordinates":[[[139.7561539556637,35.69678728006173],[139.75611609881116,35.69685594011886],[139.75616282340565,35.69687309609726],[139.75620079072522,35.69680443609641],[139.7561539556637,35.69678728006173]]]}},{"type":"Feature","properties":{"id":"building-1697174","sourceId":"1697174","floors":2,"areaSqm":93.4,"primaryUse":"unclassified","primaryUseBasis":"no_place","placeCount":0,"placeIds":[],"placeNames":[],"hasBookstore":false,"hasCafe":false,"hasRestaurant":false,"bookstoreEra":"unknown","oldestBookstoreYear":null,"mixedUse":false,"source":"東京都 令和3年度区部土地利用現況調査・建物現況","observedAt":"2021年度"},"geometry":{"type":"Polygon","coordinates":[[[139.75732415483603,35.696771890139786],[139.75726771024844,35.69686676866611],[139.7573483437788,35.69689926888357],[139.75739549168213,35.69681988800642],[139.7573822559905,35.69679437090671],[139.75732415483603,35.696771890139786]]]}},{"type":"Feature","properties":{"id":"building-1697175","sourceId":"1697175","floors":2,"areaSqm":31.1,"primaryUse":"unclassified","primaryUseBasis":"no_place","placeCount":0,"placeIds":[],"placeNames":[],"hasBookstore":false,"hasCafe":false,"hasRestaurant":false,"bookstoreEra":"unknown","oldestBookstoreYear":null,"mixedUse":false,"source":"東京都 令和3年度区部土地利用現況調査・建物現況","observedAt":"2021年度"},"geometry":{"type":"Polygon","coordinates":[[[139.75862173091016,35.69678649342488],[139.75859096224116,35.696840015657465],[139.75863834942786,35.696858162592896],[139.75866911815623,35.69680455021145],[139.75862173091016,35.69678649342488]]]}},{"type":"Feature","properties":{"id":"building-1697180","sourceId":"1697180","floors":3,"areaSqm":58.1,"primaryUse":"unclassified","primaryUseBasis":"no_place","placeCount":0,"placeIds":[],"placeNames":[],"hasBookstore":false,"hasCafe":false,"hasRestaurant":false,"bookstoreEra":"unknown","oldestBookstoreYear":null,"mixedUse":false,"source":"東京都 令和3年度区部土地利用現況調査・建物現況","observedAt":"2021年度"},"geometry":{"type":"Polygon","coordinates":[[[139.75871831463385,35.696659730676224],[139.7587001634396,35.69669126734818],[139.75885049885957,35.69674886782092],[139.75886865000777,35.69671733112654],[139.75871831463385,35.696659730676224]]]}},{"type":"Feature","properties":{"id":"building-1697183","sourceId":"1697183","floors":2,"areaSqm":44.0,"primaryUse":"unclassified","primaryUseBasis":"no_place","placeCount":0,"placeIds":[],"placeNames":[],"hasBookstore":false,"hasCafe":false,"hasRestaurant":false,"bookstoreEra":"unknown","oldestBookstoreYear":null,"mixedUse":false,"source":"東京都 令和3年度区部土地利用現況調査・建物現況","observedAt":"2021年度"},"geometry":{"type":"Polygon","coordinates":[[[139.75333430413792,35.696614269197816],[139.7533069645811,35.69666067154114],[139.75338362076405,35.69669073807324],[139.7534109603767,35.696644245575825],[139.75333430413792,35.696614269197816]]]}},{"type":"Feature","properties":{"id":"building-1697184","sourceId":"1697184","floors":2,"areaSqm":39.0,"primaryUse":"unclassified","primaryUseBasis":"no_place","placeCount":0,"placeIds":[],"placeNames":[],"hasBookstore":false,"hasCafe":false,"hasRestaurant":false,"bookstoreEra":"unknown","oldestBookstoreYear":null,"mixedUse":false,"source":"東京都 令和3年度区部土地利用現況調査・建物現況","observedAt":"2021年度"},"geometry":{"type":"Polygon","coordinates":[[[139.75617702291217,35.6965859289593],[139.7561563258774,35.69662097895579],[139.75624623782832,35.69665637024234],[139.75626693483292,35.696621320230555],[139.75617702291217,35.6965859289593]]]}},{"type":"Feature","properties":{"id":"building-1697185","sourceId":"1697185","floors":2,"areaSqm":71.5,"primaryUse":"unclassified","primaryUseBasis":"no_place","placeCount":0,"placeIds":[],"placeNames":[],"hasBookstore":false,"hasCafe":false,"hasRestaurant":false,"bookstoreEra":"unknown","oldestBookstoreYear":null,"mixedUse":false,"source":"東京都 令和3年度区部土地利用現況調査・建物現況","observedAt":"2021年度"},"geometry":{"type":"Polygon","coordinates":[[[139.75617720110515,35.696630366577985],[139.75616867933056,35.696644242202126],[139.75614658826666,35.69663521434655],[139.75611405045674,35.69668828412738],[139.75620639126953,35.69672593042448],[139.75624092113492,35.69666961696549],[139.75622457373592,35.69666293636258],[139.756230992903,35.696652304317126],[139.75617720110515,35.696630366577985]]]}},{"type":"Feature","properties":{"id":"building-1697186","sourceId":"1697186","floors":2,"areaSqm":32.2,"primaryUse":"unclassified","primaryUseBasis":"no_place","placeCount":0,"placeIds":[],"placeNames":[],"hasBookstore":false,"hasCafe":false,"hasRestaurant":false,"bookstoreEra":"unknown","oldestBookstoreYear":null,"mixedUse":false,"source":"東京都 令和3年度区部土地利用現況調査・建物現況","observedAt":"2021年度"},"geometry":{"type":"Polygon","coordinates":[[[139.75665084396752,35.696583347344855],[139.7566067895185,35.69666263976797],[139.75664036932267,35.69667500992545],[139.75668442365907,35.69659580762706],[139.75665084396752,35.696583347344855]]]}},{"type":"Feature","properties":{"id":"building-1697187","sourceId":"1697187","floors":2,"areaSqm":41.2,"primaryUse":"unclassified","primaryUseBasis":"no_place","placeCount":0,"placeIds":[],"placeNames":[],"hasBookstore":false,"hasCafe":false,"hasRestaurant":false,"bookstoreEra":"unknown","oldestBookstoreYear":null,"mixedUse":false,"source":"東京都 令和3年度区部土地利用現況調査・建物現況","observedAt":"2021年度"},"geometry":{"type":"Polygon","coordinates":[[[139.7567766585291,35.69662885643669],[139.7567326056448,35.69670661657857],[139.756776126507,35.69672304918525],[139.7568201793581,35.69664528902761],[139.7567766585291,35.69662885643669]]]}},{"type":"Feature","properties":{"id":"building-1697188","sourceId":"1697188","floors":5,"areaSqm":63.4,"primaryUse":"unclassified","primaryUseBasis":"no_place","placeCount":0,"placeIds":[],"placeNames":[],"hasBookstore":false,"hasCafe":false,"hasRestaurant":false,"bookstoreEra":"unknown","oldestBookstoreYear":null,"mixedUse":false,"source":"東京都 令和3年度区部土地利用現況調査・建物現況","observedAt":"2021年度"},"geometry":{"type":"Polygon","coordinates":[[[139.75711649641406,35.69657201541172],[139.75707487941165,35.69664499996502],[139.75714601497373,35.6966719959492],[139.7571876319254,35.696599011371596],[139.75711649641406,35.69657201541172]]]}},{"type":"Feature","properties":{"id":"building-1697190","sourceId":"1697190","floors":2,"areaSqm":38.2,"primaryUse":"restaurant","primaryUseBasis":"floor_unverified","placeCount":1,"placeIds":["osm-node-7899196722"],"placeNames":["ザボン"],"hasBookstore":false,"hasCafe":false,"hasRestaurant":true,"bookstoreEra":"unknown","oldestBookstoreYear":null,"mixedUse":false,"source":"東京都 令和3年度区部土地利用現況調査・建物現況","observedAt":"2021年度"},"geometry":{"type":"Polygon","coordinates":[[[139.7563595388408,35.696504662977496],[139.75634525808206,35.69653331738783],[139.756427331885,35.69656113112318],[139.7564484809028,35.69651553534786],[139.7564324667443,35.69650705224731],[139.7563595388408,35.696504662977496]]]}},{"type":"Feature","properties":{"id":"building-1697197","sourceId":"1697197","floors":4,"areaSqm":23.4,"primaryUse":"unclassified","primaryUseBasis":"no_place","placeCount":0,"placeIds":[],"placeNames":[],"hasBookstore":false,"hasCafe":false,"hasRestaurant":false,"bookstoreEra":"unknown","oldestBookstoreYear":null,"mixedUse":false,"source":"東京都 令和3年度区部土地利用現況調査・建物現況","observedAt":"2021年度"},"geometry":{"type":"Polygon","coordinates":[[[139.75642742707183,35.69635035499072],[139.75640080290563,35.69635106177776],[139.75639599511612,35.6964304441014],[139.75642734923161,35.696431428602075],[139.75642742707183,35.69635035499072]]]}},{"type":"Feature","properties":{"id":"building-1697204","sourceId":"1697204","floors":3,"areaSqm":26.2,"primaryUse":"unclassified","primaryUseBasis":"no_place","placeCount":0,"placeIds":[],"placeNames":[],"hasBookstore":false,"hasCafe":false,"hasRestaurant":false,"bookstoreEra":"unknown","oldestBookstoreYear":null,"mixedUse":false,"source":"東京都 令和3年度区部土地利用現況調査・建物現況","observedAt":"2021年度"},"geometry":{"type":"Polygon","coordinates":[[[139.75461690904123,35.6962867297005],[139.7546122117077,35.69635311698391],[139.75465144346006,35.69635496430069],[139.75465614076117,35.69628857701574],[139.75461690904123,35.6962867297005]]]}},{"type":"Feature","properties":{"id":"building-1697252","sourceId":"1697252","floors":2,"areaSqm":31.2,"primaryUse":"unclassified","primaryUseBasis":"no_place","placeCount":0,"placeIds":[],"placeNames":[],"hasBookstore":false,"hasCafe":false,"hasRestaurant":false,"bookstoreEra":"unknown","oldestBookstoreYear":null,"mixedUse":false,"source":"東京都 令和3年度区部土地利用現況調査・建物現況","observedAt":"2021年度"},"geometry":{"type":"Polygon","coordinates":[[[139.7548320133052,35.695472163867954],[139.75479687627882,35.695471059305845],[139.75479653603838,35.69547998264111],[139.75479222682674,35.69547979955574],[139.75478873305127,35.69555064491207],[139.75482817932803,35.69555193256081],[139.7548320133052,35.695472163867954]]]}},{"type":"Feature","properties":{"id":"building-1697253","sourceId":"1697253","floors":3,"areaSqm":40.8,"primaryUse":"unclassified","primaryUseBasis":"no_place","placeCount":0,"placeIds":[],"placeNames":[],"hasBookstore":false,"hasCafe":false,"hasRestaurant":false,"bookstoreEra":"unknown","oldestBookstoreYear":null,"mixedUse":false,"source":"東京都 令和3年度区部土地利用現況調査・建物現況","observedAt":"2021年度"},"geometry":{"type":"Polygon","coordinates":[[[139.7560355264962,35.69561551409459],[139.75603404888832,35.69565814791856],[139.75612929555214,35.695660372329094],[139.75613077310936,35.695617738503906],[139.7560355264962,35.69561551409459]]]}},{"type":"Feature","properties":{"id":"building-1697256","sourceId":"1697256","floors":3,"areaSqm":43.5,"primaryUse":"unclassified","primaryUseBasis":"no_place","placeCount":0,"placeIds":[],"placeNames":[],"hasBookstore":false,"hasCafe":false,"hasRestaurant":false,"bookstoreEra":"unknown","oldestBookstoreYear":null,"mixedUse":false,"source":"東京都 令和3年度区部土地利用現況調査・建物現況","observedAt":"2021年度"},"geometry":{"type":"Polygon","coordinates":[[[139.75420322988418,35.695521598811105],[139.75418529665276,35.69555466727861],[139.75424328807281,35.69557570730086],[139.75428240232728,35.69557753573196],[139.7542861000608,35.69552552914553],[139.75420322988418,35.695521598811105]]]}},{"type":"Feature","properties":{"id":"building-1697257","sourceId":"1697257","floors":2,"areaSqm":35.7,"primaryUse":"unclassified","primaryUseBasis":"no_place","placeCount":0,"placeIds":[],"placeNames":[],"hasBookstore":false,"hasCafe":false,"hasRestaurant":false,"bookstoreEra":"unknown","oldestBookstoreYear":null,"mixedUse":false,"source":"東京都 令和3年度区部土地利用現況調査・建物現況","observedAt":"2021年度"},"geometry":{"type":"Polygon","coordinates":[[[139.75471974632325,35.69547064841259],[139.75471586469118,35.695521174844316],[139.7547863565749,35.69552439999104],[139.7547902399546,35.69547429990594],[139.75471974632325,35.69547064841259]]]}},{"type":"Feature","properties":{"id":"building-1697258","sourceId":"1697258","floors":3,"areaSqm":58.7,"primaryUse":"cafe","primaryUseBasis":"floor_unverified","placeCount":1,"placeIds":["osm-node-13192415501"],"placeNames":["アルフィーネ"],"hasBookstore":false,"hasCafe":true,"hasRestaurant":false,"bookstoreEra":"unknown","oldestBookstoreYear":null,"mixedUse":false,"source":"東京都 令和3年度区部土地利用現況調査・建物現況","observedAt":"2021年度"},"geometry":{"type":"Polygon","coordinates":[[[139.7550084627627,35.695492714652985],[139.75500208157024,35.69557743922555],[139.75507080752837,35.69558090913045],[139.75507729905755,35.69549627476291],[139.7550084627627,35.695492714652985]]]}},{"type":"Feature","properties":{"id":"building-1697259","sourceId":"1697259","floors":3,"areaSqm":51.3,"primaryUse":"unclassified","primaryUseBasis":"no_place","placeCount":0,"placeIds":[],"placeNames":[],"hasBookstore":false,"hasCafe":false,"hasRestaurant":false,"bookstoreEra":"unknown","oldestBookstoreYear":null,"mixedUse":false,"source":"東京都 令和3年度区部土地利用現況調査・建物現況","observedAt":"2021年度"},"geometry":{"type":"Polygon","coordinates":[[[139.75508237910933,35.695499162447405],[139.7550755590875,35.695580731945654],[139.75513787620923,35.695584197645715],[139.75514458575876,35.69550253793525],[139.75508237910933,35.695499162447405]]]}},{"type":"Feature","properties":{"id":"building-1697260","sourceId":"1697260","floors":5,"areaSqm":63.2,"primaryUse":"unclassified","primaryUseBasis":"no_place","placeCount":0,"placeIds":[],"placeNames":[],"hasBookstore":false,"hasCafe":false,"hasRestaurant":false,"bookstoreEra":"unknown","oldestBookstoreYear":null,"mixedUse":false,"source":"東京都 令和3年度区部土地利用現況調査・建物現況","observedAt":"2021年度"},"geometry":{"type":"Polygon","coordinates":[[[139.75647793422408,35.695525209737156],[139.75647565310277,35.695599390983844],[139.75656040289698,35.69560115766613],[139.75656268393988,35.69552697641777],[139.75647793422408,35.695525209737156]]]}},{"type":"Feature","properties":{"id":"building-1697261","sourceId":"1697261","floors":4,"areaSqm":43.1,"primaryUse":"unclassified","primaryUseBasis":"no_place","placeCount":0,"placeIds":[],"placeNames":[],"hasBookstore":false,"hasCafe":false,"hasRestaurant":false,"bookstoreEra":"unknown","oldestBookstoreYear":null,"mixedUse":false,"source":"東京都 令和3年度区部土地利用現況調査・建物現況","observedAt":"2021年度"},"geometry":{"type":"Polygon","coordinates":[[[139.7565674354926,35.69552679917409],[139.75656426745218,35.69560413464982],[139.7566196251396,35.695605702268594],[139.7566229037102,35.69552827672488],[139.7565674354926,35.69552679917409]]]}},{"type":"Feature","properties":{"id":"building-1697265","sourceId":"1697265","floors":3,"areaSqm":33.3,"primaryUse":"unclassified","primaryUseBasis":"no_place","placeCount":0,"placeIds":[],"placeNames":[],"hasBookstore":false,"hasCafe":false,"hasRestaurant":false,"bookstoreEra":"unknown","oldestBookstoreYear":null,"mixedUse":false,"source":"東京都 令和3年度区部土地利用現況調査・建物現況","observedAt":"2021年度"},"geometry":{"type":"Polygon","coordinates":[[[139.75637099702362,35.69543220932591],[139.75636926365263,35.6954721181521],[139.75645246574425,35.6954745148794],[139.7564541877257,35.6954349170172],[139.75637099702362,35.69543220932591]]]}},{"type":"Feature","properties":{"id":"building-1697266","sourceId":"1697266","floors":2,"areaSqm":36.7,"primaryUse":"unclassified","primaryUseBasis":"no_place","placeCount":0,"placeIds":[],"placeNames":[],"hasBookstore":false,"hasCafe":false,"hasRestaurant":false,"bookstoreEra":"unknown","oldestBookstoreYear":null,"mixedUse":false,"source":"東京都 令和3年度区部土地利用現況調査・建物現況","observedAt":"2021年度"},"geometry":{"type":"Polygon","coordinates":[[[139.75637309424363,35.695383921601696],[139.75637120946323,35.695427312321584],[139.756454371907,35.69543067529024],[139.75645629615724,35.69538640846316],[139.75637309424363,35.695383921601696]]]}},{"type":"Feature","properties":{"id":"building-1697274","sourceId":"1697274","floors":4,"areaSqm":27.7,"primaryUse":"unclassified","primaryUseBasis":"no_place","placeCount":0,"placeIds":[],"placeNames":[],"hasBookstore":false,"hasCafe":false,"hasRestaurant":false,"bookstoreEra":"unknown","oldestBookstoreYear":null,"mixedUse":false,"source":"東京都 令和3年度区部土地利用現況調査・建物現況","observedAt":"2021年度"},"geometry":{"type":"Polygon","coordinates":[[[139.75934362755672,35.695110592365275],[139.75934277919845,35.695170128200694],[139.75938850644692,35.69517212849473],[139.75938937275026,35.695111071158266],[139.75934362755672,35.695110592365275]]]}},{"type":"Feature","properties":{"id":"building-1697280","sourceId":"1697280","floors":2,"areaSqm":32.4,"primaryUse":"unclassified","primaryUseBasis":"no_place","placeCount":0,"placeIds":[],"placeNames":[],"hasBookstore":false,"hasCafe":false,"hasRestaurant":false,"bookstoreEra":"unknown","oldestBookstoreYear":null,"mixedUse":false,"source":"東京都 令和3年度区部土地利用現況調査・建物現況","observedAt":"2021年度"},"geometry":{"type":"Polygon","coordinates":[[[139.75401339437545,35.69497602908088],[139.7540100247672,35.69503128080993],[139.75406825420256,35.69503357258975],[139.75407162368154,35.69497841099594],[139.75401339437545,35.69497602908088]]]}},{"type":"Feature","properties":{"id":"building-1697281","sourceId":"1697281","floors":3,"areaSqm":47.5,"primaryUse":"unclassified","primaryUseBasis":"no_place","placeCount":0,"placeIds":[],"placeNames":[],"hasBookstore":false,"hasCafe":false,"hasRestaurant":false,"bookstoreEra":"unknown","oldestBookstoreYear":null,"mixedUse":false,"source":"東京都 令和3年度区部土地利用現況調査・建物現況","observedAt":"2021年度"},"geometry":{"type":"Polygon","coordinates":[[[139.75391853324606,35.69492017176601],[139.7539164908726,35.69497407231426],[139.75400411240653,35.69497629337529],[139.7540061547211,35.69492239282547],[139.75391853324606,35.69492017176601]]]}},{"type":"Feature","properties":{"id":"building-1697282","sourceId":"1697282","floors":2,"areaSqm":38.0,"primaryUse":"unclassified","primaryUseBasis":"no_place","placeCount":0,"placeIds":[],"placeNames":[],"hasBookstore":false,"hasCafe":false,"hasRestaurant":false,"bookstoreEra":"unknown","oldestBookstoreYear":null,"mixedUse":false,"source":"東京都 令和3年度区部土地利用現況調査・建物現況","observedAt":"2021年度"},"geometry":{"type":"Polygon","coordinates":[[[139.7568439157735,35.6949313502241],[139.75683995526867,35.69502887588825],[139.75687873860173,35.69502989203292],[139.75688269897336,35.69493245650436],[139.7568439157735,35.6949313502241]]]}},{"type":"Feature","properties":{"id":"building-1697283","sourceId":"1697283","floors":2,"areaSqm":43.7,"primaryUse":"unclassified","primaryUseBasis":"no_place","placeCount":0,"placeIds":[],"placeNames":[],"hasBookstore":false,"hasCafe":false,"hasRestaurant":false,"bookstoreEra":"unknown","oldestBookstoreYear":null,"mixedUse":false,"source":"東京都 令和3年度区部土地利用現況調査・建物現況","observedAt":"2021年度"},"geometry":{"type":"Polygon","coordinates":[[[139.7538996921754,35.694865896890995],[139.75389798807294,35.69491294725446],[139.75399036088288,35.69491517146064],[139.7539920649311,35.69486812109581],[139.7538996921754,35.694865896890995]]]}},{"type":"Feature","properties":{"id":"building-1697284","sourceId":"1697284","floors":4,"areaSqm":66.8,"primaryUse":"unclassified","primaryUseBasis":"no_place","placeCount":0,"placeIds":[],"placeNames":[],"hasBookstore":false,"hasCafe":false,"hasRestaurant":false,"bookstoreEra":"unknown","oldestBookstoreYear":null,"mixedUse":false,"source":"東京都 令和3年度区部土地利用現況調査・建物現況","observedAt":"2021年度"},"geometry":{"type":"Polygon","coordinates":[[[139.75399885349995,35.694819361479524],[139.7539955626927,35.69490661187886],[139.75407169280237,35.694908554905645],[139.7540749835268,35.69482130450416],[139.75399885349995,35.694819361479524]]]}},{"type":"Feature","properties":{"id":"building-1697285","sourceId":"1697285","floors":2,"areaSqm":71.0,"primaryUse":"unclassified","primaryUseBasis":"no_place","placeCount":0,"placeIds":[],"placeNames":[],"hasBookstore":false,"hasCafe":false,"hasRestaurant":false,"bookstoreEra":"unknown","oldestBookstoreYear":null,"mixedUse":false,"source":"東京都 令和3年度区部土地利用現況調査・建物現況","observedAt":"2021年度"},"geometry":{"type":"Polygon","coordinates":[[[139.75411678841598,35.694895334458074],[139.75411071892003,35.69499916822953],[139.75417867166877,35.69500182690237],[139.75418485148413,35.69489808333698],[139.75411678841598,35.694895334458074]]]}},{"type":"Feature","properties":{"id":"building-1697291","sourceId":"1697291","floors":5,"areaSqm":36.8,"primaryUse":"unclassified","primaryUseBasis":"no_place","placeCount":0,"placeIds":[],"placeNames":[],"hasBookstore":false,"hasCafe":false,"hasRestaurant":false,"bookstoreEra":"unknown","oldestBookstoreYear":null,"mixedUse":false,"source":"東京都 令和3年度区部土地利用現況調査・建物現況","observedAt":"2021年度"},"geometry":{"type":"Polygon","coordinates":[[[139.76057853227923,35.694746631109695],[139.76057783786558,35.69478124328129],[139.7606838024859,35.69478265933266],[139.76068449685374,35.6947480471604],[139.76057853227923,35.694746631109695]]]}},{"type":"Feature","properties":{"id":"building-1697296","sourceId":"1697296","floors":5,"areaSqm":48.4,"primaryUse":"unclassified","primaryUseBasis":"no_place","placeCount":0,"placeIds":[],"placeNames":[],"hasBookstore":false,"hasCafe":false,"hasRestaurant":false,"bookstoreEra":"unknown","oldestBookstoreYear":null,"mixedUse":false,"source":"東京都 令和3年度区部土地利用現況調査・建物現況","observedAt":"2021年度"},"geometry":{"type":"Polygon","coordinates":[[[139.7590940819641,35.69467523768332],[139.75908124921727,35.694691634694664],[139.75908077581786,35.694725525898235],[139.75917823196815,35.694727118300236],[139.75917894167154,35.694676642041784],[139.7590940819641,35.69467523768332]]]}},{"type":"Feature","properties":{"id":"building-1697297","sourceId":"1697297","floors":2,"areaSqm":18.0,"primaryUse":"unclassified","primaryUseBasis":"no_place","placeCount":0,"placeIds":[],"placeNames":[],"hasBookstore":false,"hasCafe":false,"hasRestaurant":false,"bookstoreEra":"unknown","oldestBookstoreYear":null,"mixedUse":false,"source":"東京都 令和3年度区部土地利用現況調査・建物現況","observedAt":"2021年度"},"geometry":{"type":"Polygon","coordinates":[[[139.75923043282734,35.6946766737497],[139.75922972574128,35.694724355764436],[139.75926729408476,35.69472473943294],[139.75926800114846,35.69467705741794],[139.75923043282734,35.6946766737497]]]}},{"type":"Feature","properties":{"id":"building-1697809","sourceId":"1697809","floors":3,"areaSqm":14.9,"primaryUse":"retail","primaryUseBasis":"floor_unverified","placeCount":1,"placeIds":["osm-node-9295064420"],"placeNames":["森八 東京店"],"hasBookstore":false,"hasCafe":false,"hasRestaurant":false,"bookstoreEra":"unknown","oldestBookstoreYear":null,"mixedUse":false,"source":"東京都 令和3年度区部土地利用現況調査・建物現況","observedAt":"2021年度"},"geometry":{"type":"Polygon","coordinates":[[[139.75842427130567,35.69520089804888],[139.75841869775067,35.69523290040802],[139.75843146895093,35.69525656479719],[139.7584489547507,35.69525692360455],[139.75845028666373,35.69520091423492],[139.75842427130567,35.69520089804888]]]}},{"type":"Feature","properties":{"id":"building-1697835","sourceId":"1697835","floors":2,"areaSqm":20.3,"primaryUse":"restaurant","primaryUseBasis":"floor_unverified","placeCount":1,"placeIds":["osm-node-5251966322"],"placeNames":["ラーメン二郎"],"hasBookstore":false,"hasCafe":false,"hasRestaurant":true,"bookstoreEra":"unknown","oldestBookstoreYear":null,"mixedUse":false,"source":"東京都 令和3年度区部土地利用現況調査・建物現況","observedAt":"2021年度"},"geometry":{"type":"Polygon","coordinates":[[[139.76083847166183,35.6951686622257],[139.7608355629326,35.69521311601781],[139.7608809631938,35.69521509301374],[139.76088387189873,35.69517063831915],[139.76083847166183,35.6951686622257]]]}},{"type":"Feature","properties":{"id":"building-1697850","sourceId":"1697850","floors":5,"areaSqm":40.0,"primaryUse":"unclassified","primaryUseBasis":"no_place","placeCount":0,"placeIds":[],"placeNames":[],"hasBookstore":false,"hasCafe":false,"hasRestaurant":false,"bookstoreEra":"unknown","oldestBookstoreYear":null,"mixedUse":false,"source":"東京都 令和3年度区部土地利用現況調査・建物現況","observedAt":"2021年度"},"geometry":{"type":"Polygon","coordinates":[[[139.75623859057478,35.696506737145825],[139.7561996901878,35.69657834854856],[139.75624619618324,35.6965951591308],[139.75628509764272,35.69652354681251],[139.75623859057478,35.696506737145825]]]}},{"type":"Feature","properties":{"id":"building-1697879","sourceId":"1697879","floors":2,"areaSqm":31.0,"primaryUse":"unclassified","primaryUseBasis":"no_place","placeCount":0,"placeIds":[],"placeNames":[],"hasBookstore":false,"hasCafe":false,"hasRestaurant":false,"bookstoreEra":"unknown","oldestBookstoreYear":null,"mixedUse":false,"source":"東京都 令和3年度区部土地利用現況調査・建物現況","observedAt":"2021年度"},"geometry":{"type":"Polygon","coordinates":[[[139.75397303407144,35.69468527746212],[139.75397077108937,35.69475333297499],[139.75401617188047,35.69475433817975],[139.75401843482493,35.694686281764604],[139.75397303407144,35.69468527746212]]]}},{"type":"Feature","properties":{"id":"building-1698030","sourceId":"1698030","floors":13,"areaSqm":530.8,"primaryUse":"unclassified","primaryUseBasis":"no_place","placeCount":0,"placeIds":[],"placeNames":[],"hasBookstore":false,"hasCafe":false,"hasRestaurant":false,"bookstoreEra":"unknown","oldestBookstoreYear":null,"mixedUse":false,"source":"東京都 令和3年度区部土地利用現況調査・建物現況","observedAt":"2021年度"},"geometry":{"type":"Polygon","coordinates":[[[139.75816556329752,35.698426755324796],[139.75819736864466,35.698438785923436],[139.75825511348611,35.69833721332932],[139.7582274648544,35.69832675462282],[139.75822395507356,35.69833292861337],[139.75807920360506,35.69827817287942],[139.7580012675499,35.69841525931359],[139.75797706312767,35.69840610338058],[139.75795663962847,35.69844202817533],[139.75794268938674,35.69843675093727],[139.75789462235656,35.69852129988087],[139.75807337219925,35.69858891709705],[139.75816556329752,35.698426755324796]]]}},{"type":"Feature","properties":{"id":"building-1698053","sourceId":"1698053","floors":6,"areaSqm":54.2,"primaryUse":"unclassified","primaryUseBasis":"no_place","placeCount":0,"placeIds":[],"placeNames":[],"hasBookstore":false,"hasCafe":false,"hasRestaurant":false,"bookstoreEra":"unknown","oldestBookstoreYear":null,"mixedUse":false,"source":"東京都 令和3年度区部土地利用現況調査・建物現況","observedAt":"2021年度"},"geometry":{"type":"Polygon","coordinates":[[[139.75771714420415,35.6981147594331],[139.75768354931745,35.69817370047922],[139.757758924863,35.69820228697208],[139.7577925197063,35.698143345905144],[139.75771714420415,35.6981147594331]]]}},{"type":"Feature","properties":{"id":"building-1698059","sourceId":"1698059","floors":14,"areaSqm":333.3,"primaryUse":"unclassified","primaryUseBasis":"no_place","placeCount":0,"placeIds":[],"placeNames":[],"hasBookstore":false,"hasCafe":false,"hasRestaurant":false,"bookstoreEra":"unknown","oldestBookstoreYear":null,"mixedUse":false,"source":"東京都 令和3年度区部土地利用現況調査・建物現況","observedAt":"2021年度"},"geometry":{"type":"Polygon","coordinates":[[[139.75845442250798,35.69810049555071],[139.75847408490444,35.6981077187325],[139.75850330662493,35.698054736401225],[139.75849107263147,35.698020927455666],[139.75846533499424,35.69801126680168],[139.75842991595226,35.69807416032757],[139.75828421642117,35.69801971702311],[139.75822455716863,35.69812568081356],[139.75847806408976,35.698224718908534],[139.7585162476185,35.69815975393952],[139.75843859384358,35.698129419649874],[139.75845442250798,35.69810049555071]]]}},{"type":"Feature","properties":{"id":"building-1698073","sourceId":"1698073","floors":13,"areaSqm":484.8,"primaryUse":"unclassified","primaryUseBasis":"no_place","placeCount":0,"placeIds":[],"placeNames":[],"hasBookstore":false,"hasCafe":false,"hasRestaurant":false,"bookstoreEra":"unknown","oldestBookstoreYear":null,"mixedUse":false,"source":"東京都 令和3年度区部土地利用現況調査・建物現況","observedAt":"2021年度"},"geometry":{"type":"Polygon","coordinates":[[[139.7554384734749,35.69769738232694],[139.75544974011297,35.69770189646254],[139.75551393225632,35.69759692847837],[139.7554038071933,35.69755214932712],[139.75539517433555,35.69756638536994],[139.75534745719602,35.6975469750296],[139.75519771153807,35.69779205031594],[139.7553252889419,35.697843961780855],[139.75531942320225,35.69785342235465],[139.7553384217252,35.69786118643992],[139.7554384734749,35.69769738232694]]]}},{"type":"Feature","properties":{"id":"building-1698074","sourceId":"1698074","floors":15,"areaSqm":254.1,"primaryUse":"retail","primaryUseBasis":"floor_unverified","placeCount":1,"placeIds":["osm-node-6768292065"],"placeNames":["MJG整体院"],"hasBookstore":false,"hasCafe":false,"hasRestaurant":false,"bookstoreEra":"unknown","oldestBookstoreYear":null,"mixedUse":false,"source":"東京都 令和3年度区部土地利用現況調査・建物現況","observedAt":"2021年度"},"geometry":{"type":"Polygon","coordinates":[[[139.7574115573056,35.69772552357298],[139.7573595335238,35.697820134504425],[139.7575822264059,35.69790166847775],[139.75763425108295,35.69780705745179],[139.7574115573056,35.69772552357298]]]}},{"type":"Feature","properties":{"id":"building-1698075","sourceId":"1698075","floors":11,"areaSqm":262.8,"primaryUse":"unclassified","primaryUseBasis":"no_place","placeCount":0,"placeIds":[],"placeNames":[],"hasBookstore":false,"hasCafe":false,"hasRestaurant":false,"bookstoreEra":"unknown","oldestBookstoreYear":null,"mixedUse":false,"source":"東京都 令和3年度区部土地利用現況調査・建物現況","observedAt":"2021年度"},"geometry":{"type":"Polygon","coordinates":[[[139.7558492437029,35.697655283088935],[139.75566013406487,35.697586476886805],[139.75558519262987,35.69772334647271],[139.7556516903437,35.69774754609564],[139.7556697339631,35.697714477492916],[139.7557924566054,35.69775908424162],[139.7558492437029,35.697655283088935]]]}},{"type":"Feature","properties":{"id":"building-1698077","sourceId":"1698077","floors":12,"areaSqm":211.6,"primaryUse":"restaurant","primaryUseBasis":"floor_unverified","placeCount":1,"placeIds":["osm-node-13108052159"],"placeNames":["餃子八"],"hasBookstore":false,"hasCafe":false,"hasRestaurant":true,"bookstoreEra":"unknown","oldestBookstoreYear":null,"mixedUse":false,"source":"東京都 令和3年度区部土地利用現況調査・建物現況","observedAt":"2021年度"},"geometry":{"type":"Polygon","coordinates":[[[139.75768409990496,35.69765509812899],[139.75775214375506,35.697680829891354],[139.75779365052065,35.69760748449962],[139.7577087061697,35.69757543256016],[139.75768413412794,35.697618863112076],[139.75752352414602,35.69755837033911],[139.75748633400372,35.697623966583706],[139.75766384457165,35.697690869751526],[139.75768409990496,35.69765509812899]]]}},{"type":"Feature","properties":{"id":"building-1698078","sourceId":"1698078","floors":12,"areaSqm":174.3,"primaryUse":"retail","primaryUseBasis":"floor_unverified","placeCount":1,"placeIds":["osm-node-3888627415"],"placeNames":["音福"],"hasBookstore":false,"hasCafe":false,"hasRestaurant":false,"bookstoreEra":"unknown","oldestBookstoreYear":null,"mixedUse":false,"source":"東京都 令和3年度区部土地利用現況調査・建物現況","observedAt":"2021年度"},"geometry":{"type":"Polygon","coordinates":[[[139.7584931398035,35.69760496583287],[139.75845938251055,35.69766353383321],[139.75870206690112,35.697756705831985],[139.75873582405617,35.697698137764355],[139.7584931398035,35.69760496583287]]]}},{"type":"Feature","properties":{"id":"building-1698087","sourceId":"1698087","floors":8,"areaSqm":339.7,"primaryUse":"unclassified","primaryUseBasis":"no_place","placeCount":0,"placeIds":[],"placeNames":[],"hasBookstore":false,"hasCafe":false,"hasRestaurant":false,"bookstoreEra":"unknown","oldestBookstoreYear":null,"mixedUse":false,"source":"東京都 令和3年度区部土地利用現況調査・建物現況","observedAt":"2021年度"},"geometry":{"type":"Polygon","coordinates":[[[139.7557401183322,35.697490803070714],[139.75575237928297,35.69749549809289],[139.7557697570987,35.697465223288894],[139.75577892518504,35.697468744535605],[139.7558181083528,35.6974003558567],[139.75564104267332,35.69733272915696],[139.75554717996528,35.697496357174465],[139.7557193857602,35.69756208800206],[139.7557349927216,35.69753478657974],[139.7557184238392,35.69752846631385],[139.7557401183322,35.697490803070714]]]}},{"type":"Feature","properties":{"id":"building-1698097","sourceId":"1698097","floors":12,"areaSqm":117.1,"primaryUse":"unclassified","primaryUseBasis":"no_place","placeCount":0,"placeIds":[],"placeNames":[],"hasBookstore":false,"hasCafe":false,"hasRestaurant":false,"bookstoreEra":"unknown","oldestBookstoreYear":null,"mixedUse":false,"source":"東京都 令和3年度区部土地利用現況調査・建物現況","observedAt":"2021年度"},"geometry":{"type":"Polygon","coordinates":[[[139.75873372798347,35.69744411532079],[139.75875438522604,35.6974520069886],[139.75882336386508,35.69733186023977],[139.75880527043455,35.69732494815659],[139.7588100020039,35.69731547949872],[139.75877746420946,35.69730365051296],[139.75877180201493,35.69731216224044],[139.75874967899563,35.697303711719776],[139.75867903452527,35.697423221928524],[139.7586971235496,35.697430131323735],[139.75869212990116,35.69743860109746],[139.7587285539386,35.697452890548355],[139.75873372798347,35.69744411532079]]]}},{"type":"Feature","properties":{"id":"building-1698103","sourceId":"1698103","floors":9,"areaSqm":101.0,"primaryUse":"unclassified","primaryUseBasis":"no_place","placeCount":0,"placeIds":[],"placeNames":[],"hasBookstore":false,"hasCafe":false,"hasRestaurant":false,"bookstoreEra":"unknown","oldestBookstoreYear":null,"mixedUse":false,"source":"東京都 令和3年度区部土地利用現況調査・建物現況","observedAt":"2021年度"},"geometry":{"type":"Polygon","coordinates":[[[139.75551964588837,35.6972890244774],[139.75551521845932,35.69729668325311],[139.7554817494191,35.697283952306954],[139.75545274908623,35.6973347707678],[139.75551339100255,35.69735788503677],[139.75550387182253,35.697374554211564],[139.75557412385248,35.69740119000254],[139.7556118684792,35.69733505388369],[139.75557839932006,35.69732241310131],[139.7555836016421,35.69731331263317],[139.75551964588837,35.6972890244774]]]}},{"type":"Feature","properties":{"id":"building-1698104","sourceId":"1698104","floors":14,"areaSqm":148.0,"primaryUse":"unclassified","primaryUseBasis":"no_place","placeCount":0,"placeIds":[],"placeNames":[],"hasBookstore":false,"hasCafe":false,"hasRestaurant":false,"bookstoreEra":"unknown","oldestBookstoreYear":null,"mixedUse":false,"source":"東京都 令和3年度区部土地利用現況調査・建物現況","observedAt":"2021年度"},"geometry":{"type":"Polygon","coordinates":[[[139.75639178472585,35.69732582013039],[139.75632126998,35.697457284795995],[139.75634634487366,35.697466224389885],[139.75633959251053,35.69747856882826],[139.7564027768103,35.69750114345349],[139.75647993320834,35.697357424361165],[139.75639178472585,35.69732582013039]]]}},{"type":"Feature","properties":{"id":"building-1698105","sourceId":"1698105","floors":4,"areaSqm":256.0,"primaryUse":"unclassified","primaryUseBasis":"no_place","placeCount":0,"placeIds":[],"placeNames":[],"hasBookstore":false,"hasCafe":false,"hasRestaurant":false,"bookstoreEra":"unknown","oldestBookstoreYear":null,"mixedUse":false,"source":"東京都 令和3年度区部土地利用現況調査・建物現況","observedAt":"2021年度"},"geometry":{"type":"Polygon","coordinates":[[[139.75826997274658,35.69718269677325],[139.75822965445985,35.69716770889645],[139.75821714714002,35.69718996491127],[139.7580852567942,35.69714084805359],[139.7580196202789,35.697258165273226],[139.75819182911965,35.69732227010471],[139.75826997274658,35.69718269677325]]]}},{"type":"Feature","properties":{"id":"building-1698109","sourceId":"1698109","floors":5,"areaSqm":45.8,"primaryUse":"cafe","primaryUseBasis":"floor_unverified","placeCount":1,"placeIds":["osm-node-10743318078"],"placeNames":["ブリュッケ"],"hasBookstore":false,"hasCafe":true,"hasRestaurant":false,"bookstoreEra":"unknown","oldestBookstoreYear":null,"mixedUse":false,"source":"東京都 令和3年度区部土地利用現況調査・建物現況","observedAt":"2021年度"},"geometry":{"type":"Polygon","coordinates":[[[139.7590825361752,35.697237012466566],[139.7590393745406,35.69730900523295],[139.75909051709107,35.69732931759289],[139.75913367860724,35.69725741494524],[139.7590825361752,35.697237012466566]]]}},{"type":"Feature","properties":{"id":"building-1698127","sourceId":"1698127","floors":12,"areaSqm":192.2,"primaryUse":"unclassified","primaryUseBasis":"no_place","placeCount":0,"placeIds":[],"placeNames":[],"hasBookstore":false,"hasCafe":false,"hasRestaurant":false,"bookstoreEra":"unknown","oldestBookstoreYear":null,"mixedUse":false,"source":"東京都 令和3年度区部土地利用現況調査・建物現況","observedAt":"2021年度"},"geometry":{"type":"Polygon","coordinates":[[[139.75914175900303,35.69677712714097],[139.7590829265289,35.69675154425887],[139.7590775397964,35.69675978846481],[139.75906099703425,35.69675259524743],[139.75901340938753,35.69682541453921],[139.75893069117348,35.69679061024804],[139.75890607328273,35.69683203187524],[139.75892491128224,35.69686283339301],[139.75905015683261,35.696917295760514],[139.75914175900303,35.69677712714097]]]}},{"type":"Feature","properties":{"id":"building-1698135","sourceId":"1698135","floors":10,"areaSqm":280.2,"primaryUse":"restaurant","primaryUseBasis":"floor_unverified","placeCount":1,"placeIds":["osm-node-10099903017"],"placeNames":["folk burgers&beers"],"hasBookstore":false,"hasCafe":false,"hasRestaurant":true,"bookstoreEra":"unknown","oldestBookstoreYear":null,"mixedUse":false,"source":"東京都 令和3年度区部土地利用現況調査・建物現況","observedAt":"2021年度"},"geometry":{"type":"Polygon","coordinates":[[[139.75547764401324,35.696732942663395],[139.75540836158245,35.696846109808526],[139.7555008127434,35.69688375671721],[139.75547867788342,35.69691979717167],[139.75555831633395,35.696952207806966],[139.7556496230042,35.69680290988679],[139.75547764401324,35.696732942663395]]]}},{"type":"Feature","properties":{"id":"building-1698136","sourceId":"1698136","floors":5,"areaSqm":108.2,"primaryUse":"unclassified","primaryUseBasis":"no_place","placeCount":0,"placeIds":[],"placeNames":[],"hasBookstore":false,"hasCafe":false,"hasRestaurant":false,"bookstoreEra":"unknown","oldestBookstoreYear":null,"mixedUse":false,"source":"東京都 令和3年度区部土地利用現況調査・建物現況","observedAt":"2021年度"},"geometry":{"type":"Polygon","coordinates":[[[139.75697702477567,35.696711278711376],[139.75693574010216,35.69678318178248],[139.7570586807924,35.69683013094514],[139.7570999653799,35.696758227832326],[139.75697702477567,35.696711278711376]]]}},{"type":"Feature","properties":{"id":"building-1698145","sourceId":"1698145","floors":12,"areaSqm":231.0,"primaryUse":"unclassified","primaryUseBasis":"no_place","placeCount":0,"placeIds":[],"placeNames":[],"hasBookstore":false,"hasCafe":false,"hasRestaurant":false,"bookstoreEra":"unknown","oldestBookstoreYear":null,"mixedUse":false,"source":"東京都 令和3年度区部土地利用現況調査・建物現況","observedAt":"2021年度"},"geometry":{"type":"Polygon","coordinates":[[[139.75318489239865,35.69663165637311],[139.75316198361725,35.696667155065626],[139.75309549261092,35.696637906400774],[139.7530973807504,35.696628263008506],[139.75311826356398,35.69662971911675],[139.75312081938648,35.696615389049],[139.75294304552213,35.696596792389194],[139.75293305033733,35.69664690184317],[139.75308972103204,35.69666350143971],[139.75308983866438,35.6966563807012],[139.7531098332521,35.69666207265418],[139.75309942813,35.69668027337777],[139.75312184954583,35.6966901132447],[139.75311520968788,35.69670002388159],[139.75326940747496,35.69675871553878],[139.75331368060304,35.6966851031119],[139.75318489239865,35.69663165637311]]]}},{"type":"Feature","properties":{"id":"building-1698146","sourceId":"1698146","floors":11,"areaSqm":219.8,"primaryUse":"unclassified","primaryUseBasis":"no_place","placeCount":0,"placeIds":[],"placeNames":[],"hasBookstore":false,"hasCafe":false,"hasRestaurant":false,"bookstoreEra":"unknown","oldestBookstoreYear":null,"mixedUse":false,"source":"東京都 令和3年度区部土地利用現況調査・建物現況","observedAt":"2021年度"},"geometry":{"type":"Polygon","coordinates":[[[139.755230900632,35.69661884975214],[139.75521451719786,35.696649215264806],[139.7551284688547,35.696618242427355],[139.7551035616603,35.69666428621185],[139.75537772373545,35.69676298372889],[139.7554190140923,35.69668666448712],[139.755230900632,35.69661884975214]]]}},{"type":"Feature","properties":{"id":"building-1698147","sourceId":"1698147","floors":4,"areaSqm":84.4,"primaryUse":"unclassified","primaryUseBasis":"no_place","placeCount":0,"placeIds":[],"placeNames":[],"hasBookstore":false,"hasCafe":false,"hasRestaurant":false,"bookstoreEra":"unknown","oldestBookstoreYear":null,"mixedUse":false,"source":"東京都 令和3年度区部土地利用現況調査・建物現況","observedAt":"2021年度"},"geometry":{"type":"Polygon","coordinates":[[[139.7559712930467,35.69668089137545],[139.75591473842698,35.69677369604793],[139.75598741834642,35.69680312740622],[139.75604397290283,35.69671032269994],[139.7559712930467,35.69668089137545]]]}},{"type":"Feature","properties":{"id":"building-1698157","sourceId":"1698157","floors":12,"areaSqm":318.0,"primaryUse":"unclassified","primaryUseBasis":"no_place","placeCount":0,"placeIds":[],"placeNames":[],"hasBookstore":false,"hasCafe":false,"hasRestaurant":false,"bookstoreEra":"unknown","oldestBookstoreYear":null,"mixedUse":false,"source":"東京都 令和3年度区部土地利用現況調査・建物現況","observedAt":"2021年度"},"geometry":{"type":"Polygon","coordinates":[[[139.75327831616048,35.696579348987036],[139.7533362152035,35.69658164090134],[139.75333934355257,35.69654721067508],[139.75329956738616,35.69654384916978],[139.75331294436972,35.69642658992248],[139.75315074384707,35.69641530501147],[139.75314348813376,35.69659890909509],[139.75319608198774,35.69660245945951],[139.75319541151072,35.69660994037785],[139.7532820029406,35.69664956810247],[139.75328557898538,35.69660945954953],[139.75327320376238,35.69660882036115],[139.75327831616048,35.696579348987036]]]}},{"type":"Feature","properties":{"id":"building-1698164","sourceId":"1698164","floors":9,"areaSqm":78.5,"primaryUse":"restaurant","primaryUseBasis":"confirmed_ground_floor","placeCount":1,"placeIds":["osm-node-7899196742"],"placeNames":["ピアンタ"],"hasBookstore":false,"hasCafe":false,"hasRestaurant":true,"bookstoreEra":"unknown","oldestBookstoreYear":null,"mixedUse":false,"source":"東京都 令和3年度区部土地利用現況調査・建物現況","observedAt":"2021年度"},"geometry":{"type":"Polygon","coordinates":[[[139.7569412985928,35.69651628987282],[139.75693919786193,35.69663346654465],[139.75700593841142,35.696634229976944],[139.75700803904473,35.69651705330384],[139.7569412985928,35.69651628987282]]]}},{"type":"Feature","properties":{"id":"building-1698176","sourceId":"1698176","floors":11,"areaSqm":253.6,"primaryUse":"unclassified","primaryUseBasis":"no_place","placeCount":0,"placeIds":[],"placeNames":[],"hasBookstore":false,"hasCafe":false,"hasRestaurant":false,"bookstoreEra":"unknown","oldestBookstoreYear":null,"mixedUse":false,"source":"東京都 令和3年度区部土地利用現況調査・建物現況","observedAt":"2021年度"},"geometry":{"type":"Polygon","coordinates":[[[139.7559515360659,35.69620026857516],[139.75587838865334,35.696197787834514],[139.7558755712877,35.696254572288474],[139.7557709327991,35.696251079708894],[139.75576496161165,35.6963696059244],[139.7559427479143,35.69637548911853],[139.7559515360659,35.69620026857516]]]}},{"type":"Feature","properties":{"id":"building-1698214","sourceId":"1698214","floors":9,"areaSqm":268.4,"primaryUse":"restaurant","primaryUseBasis":"confirmed_ground_floor","placeCount":1,"placeIds":["osm-node-7922952511"],"placeNames":["つきじ満"],"hasBookstore":false,"hasCafe":false,"hasRestaurant":true,"bookstoreEra":"unknown","oldestBookstoreYear":null,"mixedUse":false,"source":"東京都 令和3年度区部土地利用現況調査・建物現況","observedAt":"2021年度"},"geometry":{"type":"Polygon","coordinates":[[[139.7563658143052,35.69537397844777],[139.7564331053324,35.695375734055524],[139.7564362748745,35.695296956390195],[139.75626766078165,35.6952925219888],[139.75626278574737,35.695421054150906],[139.7562454381424,35.69542059235837],[139.75624487654892,35.69543005637781],[139.75618123179697,35.69542839313876],[139.7561796463777,35.695468322788514],[139.7563618516364,35.69547312655222],[139.7563658143052,35.69537397844777]]]}},{"type":"Feature","properties":{"id":"building-1698218","sourceId":"1698218","floors":10,"areaSqm":230.2,"primaryUse":"retail","primaryUseBasis":"confirmed_ground_floor","placeCount":1,"placeIds":["osm-node-1530426500"],"placeNames":["セブン-イレブン"],"hasBookstore":false,"hasCafe":false,"hasRestaurant":false,"bookstoreEra":"unknown","oldestBookstoreYear":null,"mixedUse":false,"source":"東京都 令和3年度区部土地利用現況調査・建物現況","observedAt":"2021年度"},"geometry":{"type":"Polygon","coordinates":[[[139.75924003814472,35.695401921573776],[139.7592333587265,35.69557498039627],[139.75936573139066,35.695578396873934],[139.75937241052318,35.69540533804385],[139.75924003814472,35.695401921573776]]]}},{"type":"Feature","properties":{"id":"building-1698221","sourceId":"1698221","floors":12,"areaSqm":221.7,"primaryUse":"unclassified","primaryUseBasis":"no_place","placeCount":0,"placeIds":[],"placeNames":[],"hasBookstore":false,"hasCafe":false,"hasRestaurant":false,"bookstoreEra":"unknown","oldestBookstoreYear":null,"mixedUse":false,"source":"東京都 令和3年度区部土地利用現況調査・建物現況","observedAt":"2021年度"},"geometry":{"type":"Polygon","coordinates":[[[139.75353417338707,35.695195466235155],[139.7533150648286,35.69518883092801],[139.75328212905535,35.695196560807624],[139.7532784795099,35.69519971317369],[139.75327317566598,35.69519970964638],[139.75324333063926,35.695210596363964],[139.75324232994993,35.69521681514737],[139.75323017494446,35.69521716760748],[139.75323037439557,35.69523871046995],[139.75327832757557,35.69524117606724],[139.7534497933598,35.6952666184561],[139.75344023821987,35.69531916195309],[139.75351139014865,35.695327321479375],[139.75353417338707,35.695195466235155]]]}},{"type":"Feature","properties":{"id":"building-1698222","sourceId":"1698222","floors":13,"areaSqm":311.6,"primaryUse":"unclassified","primaryUseBasis":"no_place","placeCount":0,"placeIds":[],"placeNames":[],"hasBookstore":false,"hasCafe":false,"hasRestaurant":false,"bookstoreEra":"unknown","oldestBookstoreYear":null,"mixedUse":false,"source":"東京都 令和3年度区部土地利用現況調査・建物現況","observedAt":"2021年度"},"geometry":{"type":"Polygon","coordinates":[[[139.75584288216004,35.69532181421576],[139.75576694196843,35.69546562386956],[139.75605919894468,35.695474014294405],[139.75606102715608,35.69541155056626],[139.75598368052803,35.69541014883741],[139.75598785038198,35.69532578333679],[139.75584288216004,35.69532181421576]]]}},{"type":"Feature","properties":{"id":"building-1698224","sourceId":"1698224","floors":13,"areaSqm":216.5,"primaryUse":"unclassified","primaryUseBasis":"no_place","placeCount":0,"placeIds":[],"placeNames":[],"hasBookstore":false,"hasCafe":false,"hasRestaurant":false,"bookstoreEra":"unknown","oldestBookstoreYear":null,"mixedUse":false,"source":"東京都 令和3年度区部土地利用現況調査・建物現況","observedAt":"2021年度"},"geometry":{"type":"Polygon","coordinates":[[[139.75385503536205,35.69521641000528],[139.75385248687084,35.695223529141316],[139.75379824574847,35.695210603732754],[139.75375271830535,35.69521336788905],[139.75372805652336,35.69527896136355],[139.7537861774206,35.69529280606018],[139.75376140968189,35.69536273055075],[139.75387438704368,35.695389812008415],[139.7539109173488,35.69528508526972],[139.75387928546564,35.69527609667107],[139.75389712471085,35.695226442987796],[139.75385503536205,35.69521641000528]]]}},{"type":"Feature","properties":{"id":"building-1698225","sourceId":"1698225","floors":14,"areaSqm":405.0,"primaryUse":"unclassified","primaryUseBasis":"no_place","placeCount":0,"placeIds":[],"placeNames":[],"hasBookstore":false,"hasCafe":false,"hasRestaurant":false,"bookstoreEra":"unknown","oldestBookstoreYear":null,"mixedUse":false,"source":"東京都 令和3年度区部土地利用現況調査・建物現況","observedAt":"2021年度"},"geometry":{"type":"Polygon","coordinates":[[[139.7562841473003,35.69504744387232],[139.75632878452802,35.69504868657913],[139.75633288878566,35.694973538423824],[139.75621434012308,35.69496922700029],[139.75620833492928,35.695079099193286],[139.7560070822786,35.69507177805789],[139.75600134663932,35.69517682898636],[139.75627452492915,35.695186767802326],[139.7562841473003,35.69504744387232]]]}},{"type":"Feature","properties":{"id":"building-1698226","sourceId":"1698226","floors":13,"areaSqm":393.9,"primaryUse":"retail","primaryUseBasis":"floor_unverified","placeCount":1,"placeIds":["osm-node-11338891469"],"placeNames":["ファミリーマート"],"hasBookstore":false,"hasCafe":false,"hasRestaurant":false,"bookstoreEra":"unknown","oldestBookstoreYear":null,"mixedUse":false,"source":"東京都 令和3年度区部土地利用現況調査・建物現況","observedAt":"2021年度"},"geometry":{"type":"Polygon","coordinates":[[[139.75750565364694,35.694958179004594],[139.75734963756656,35.694952942821246],[139.75734513331653,35.69504190514856],[139.75738712063503,35.69504337383666],[139.7573850949494,35.695082131447094],[139.75734642233746,35.6950808451246],[139.75733944216933,35.695217217921474],[139.75749236493888,35.69522236203233],[139.75750565364694,35.694958179004594]]]}},{"type":"Feature","properties":{"id":"building-1698228","sourceId":"1698228","floors":12,"areaSqm":128.6,"primaryUse":"unclassified","primaryUseBasis":"no_place","placeCount":0,"placeIds":[],"placeNames":[],"hasBookstore":false,"hasCafe":false,"hasRestaurant":false,"bookstoreEra":"unknown","oldestBookstoreYear":null,"mixedUse":false,"source":"東京都 令和3年度区部土地利用現況調査・建物現況","observedAt":"2021年度"},"geometry":{"type":"Polygon","coordinates":[[[139.75354427045448,35.69504251053005],[139.75350924449086,35.69504104511797],[139.7535085718109,35.695050779462235],[139.7534880203522,35.69504986446304],[139.75343314753516,35.695005751086775],[139.75338762406435,35.695004639219036],[139.75334537156638,35.695047516338015],[139.75334490563856,35.69507149245637],[139.75335836804211,35.69508970906429],[139.7535418974135,35.69509532920817],[139.75354427045448,35.69504251053005]]]}},{"type":"Feature","properties":{"id":"building-1698233","sourceId":"1698233","floors":14,"areaSqm":190.2,"primaryUse":"unclassified","primaryUseBasis":"no_place","placeCount":0,"placeIds":[],"placeNames":[],"hasBookstore":false,"hasCafe":false,"hasRestaurant":false,"bookstoreEra":"unknown","oldestBookstoreYear":null,"mixedUse":false,"source":"東京都 令和3年度区部土地利用現況調査・建物現況","observedAt":"2021年度"},"geometry":{"type":"Polygon","coordinates":[[[139.75665186525183,35.69505480579984],[139.756644544647,35.695199290664725],[139.75677547916916,35.69520370058074],[139.75678268904167,35.695059215637436],[139.75665186525183,35.69505480579984]]]}},{"type":"Feature","properties":{"id":"building-1698234","sourceId":"1698234","floors":7,"areaSqm":52.6,"primaryUse":"unclassified","primaryUseBasis":"no_place","placeCount":0,"placeIds":[],"placeNames":[],"hasBookstore":false,"hasCafe":false,"hasRestaurant":false,"bookstoreEra":"unknown","oldestBookstoreYear":null,"mixedUse":false,"source":"東京都 令和3年度区部土地利用現況調査・建物現況","observedAt":"2021年度"},"geometry":{"type":"Polygon","coordinates":[[[139.75718253901945,35.695025257764954],[139.7571812350106,35.695060284158835],[139.7573304888572,35.69506672412633],[139.75733281905715,35.695031968789564],[139.75718253901945,35.695025257764954]]]}},{"type":"Feature","properties":{"id":"building-1698245","sourceId":"1698245","floors":12,"areaSqm":170.0,"primaryUse":"unclassified","primaryUseBasis":"no_place","placeCount":0,"placeIds":[],"placeNames":[],"hasBookstore":false,"hasCafe":false,"hasRestaurant":false,"bookstoreEra":"unknown","oldestBookstoreYear":null,"mixedUse":false,"source":"東京都 令和3年度区部土地利用現況調査・建物現況","observedAt":"2021年度"},"geometry":{"type":"Polygon","coordinates":[[[139.75439460275027,35.69498069637369],[139.75438795154344,35.69511454537984],[139.75451424520537,35.69511868430082],[139.7545208962015,35.69498483528752],[139.75439460275027,35.69498069637369]]]}},{"type":"Feature","properties":{"id":"building-1698246","sourceId":"1698246","floors":2,"areaSqm":55.5,"primaryUse":"unclassified","primaryUseBasis":"no_place","placeCount":0,"placeIds":[],"placeNames":[],"hasBookstore":false,"hasCafe":false,"hasRestaurant":false,"bookstoreEra":"unknown","oldestBookstoreYear":null,"mixedUse":false,"source":"東京都 令和3年度区部土地利用現況調査・建物現況","observedAt":"2021年度"},"geometry":{"type":"Polygon","coordinates":[[[139.75678027131858,35.69492977743901],[139.7567769772474,35.69502360790992],[139.7568358705987,35.69502499740376],[139.75683916460096,35.69493116693119],[139.75678027131858,35.69492977743901]]]}},{"type":"Feature","properties":{"id":"building-1698247","sourceId":"1698247","floors":11,"areaSqm":528.1,"primaryUse":"unclassified","primaryUseBasis":"no_place","placeCount":0,"placeIds":[],"placeNames":[],"hasBookstore":false,"hasCafe":false,"hasRestaurant":false,"bookstoreEra":"unknown","oldestBookstoreYear":null,"mixedUse":false,"source":"東京都 令和3年度区部土地利用現況調査・建物現況","observedAt":"2021年度"},"geometry":{"type":"Polygon","coordinates":[[[139.75688466842544,35.69494708337685],[139.75687248923788,35.69520666915435],[139.75707480409005,35.69521292680132],[139.75708698262386,35.69495334010142],[139.75688466842544,35.69494708337685]]]}},{"type":"Feature","properties":{"id":"building-1698266","sourceId":"1698266","floors":9,"areaSqm":136.6,"primaryUse":"restaurant","primaryUseBasis":"floor_unverified","placeCount":1,"placeIds":["osm-node-7202136547"],"placeNames":["秋"],"hasBookstore":false,"hasCafe":false,"hasRestaurant":true,"bookstoreEra":"unknown","oldestBookstoreYear":null,"mixedUse":false,"source":"東京都 令和3年度区部土地利用現況調査・建物現況","observedAt":"2021年度"},"geometry":{"type":"Polygon","coordinates":[[[139.7597037912491,35.694684175165314],[139.7596986934002,35.69482072953558],[139.75972176864377,35.69484084418923],[139.75978497160006,35.694841874327686],[139.75979329255657,35.694684770697],[139.7597037912491,35.694684175165314]]]}},{"type":"Feature","properties":{"id":"building-1698282","sourceId":"1698282","floors":29,"areaSqm":3619.3,"primaryUse":"retail","primaryUseBasis":"confirmed_ground_floor","placeCount":7,"placeIds":["osm-node-4018914746","osm-node-5445799075","osm-node-7230407716","osm-node-11337843163","osm-node-11337843165","osm-node-11337867170","osm-node-13518795301"],"placeNames":["茶房きゃんどる","Cafe Bar Karakorum","ロイヤルホスト","まいばすけっと","Ono Grill","Sankyo Cleaning","Poke Do"],"hasBookstore":false,"hasCafe":true,"hasRestaurant":true,"bookstoreEra":"unknown","oldestBookstoreYear":null,"mixedUse":true,"source":"東京都 令和3年度区部土地利用現況調査・建物現況","observedAt":"2021年度"},"geometry":{"type":"Polygon","coordinates":[[[139.75955507318588,35.69407376674348],[139.75952999185236,35.69407257958849],[139.7595307111266,35.6940114671661],[139.75879713852362,35.69400614779591],[139.75877227989096,35.69400315788161],[139.7587462062829,35.69411833677165],[139.7587701811559,35.69412114586996],[139.75876973766464,35.694122768060616],[139.75881470010307,35.69413262083123],[139.75901712513556,35.694135269803034],[139.75902017953638,35.69417781633591],[139.7588051579264,35.6941751595712],[139.75880295159058,35.69429008283344],[139.75872748517327,35.69428787279933],[139.75870267126658,35.69447399024272],[139.7595139215235,35.69448494634097],[139.75951695715395,35.694428252054365],[139.75954027324138,35.69442664388418],[139.75955507318588,35.69407376674348]]]}},{"type":"Feature","properties":{"id":"building-1698769","sourceId":"1698769","floors":2,"areaSqm":268.6,"primaryUse":"retail","primaryUseBasis":"floor_unverified","placeCount":1,"placeIds":["osm-way-210687444"],"placeNames":["ミツワ自動車整備工場"],"hasBookstore":false,"hasCafe":false,"hasRestaurant":false,"bookstoreEra":"unknown","oldestBookstoreYear":null,"mixedUse":false,"source":"東京都 令和3年度区部土地利用現況調査・建物現況","observedAt":"2021年度"},"geometry":{"type":"Polygon","coordinates":[[[139.75818691035127,35.69679388440621],[139.75823418903263,35.69680977800999],[139.75827082171918,35.696748417612724],[139.75811373283173,35.69670514396765],[139.75800437577783,35.69690094312025],[139.75809439800634,35.696937775285136],[139.75817474937608,35.69680036667251],[139.75818691035127,35.69679388440621]]]}},{"type":"Feature","properties":{"id":"building-1698770","sourceId":"1698770","floors":2,"areaSqm":261.2,"primaryUse":"unclassified","primaryUseBasis":"no_place","placeCount":0,"placeIds":[],"placeNames":[],"hasBookstore":false,"hasCafe":false,"hasRestaurant":false,"bookstoreEra":"unknown","oldestBookstoreYear":null,"mixedUse":false,"source":"東京都 令和3年度区部土地利用現況調査・建物現況","observedAt":"2021年度"},"geometry":{"type":"Polygon","coordinates":[[[139.75846238019363,35.69672747821977],[139.7583924002346,35.69685135942455],[139.7584044247308,35.69687263922385],[139.75854360719646,35.696923563003146],[139.75861793439552,35.69678506059553],[139.75846238019363,35.69672747821977]]]}},{"type":"Feature","properties":{"id":"building-1698772","sourceId":"1698772","floors":2,"areaSqm":53.9,"primaryUse":"unclassified","primaryUseBasis":"no_place","placeCount":0,"placeIds":[],"placeNames":[],"hasBookstore":false,"hasCafe":false,"hasRestaurant":false,"bookstoreEra":"unknown","oldestBookstoreYear":null,"mixedUse":false,"source":"東京都 令和3年度区部土地利用現況調査・建物現況","observedAt":"2021年度"},"geometry":{"type":"Polygon","coordinates":[[[139.76008985951947,35.694689818901274],[139.76008914495046,35.69474624420149],[139.76018428146924,35.694747023145034],[139.7601848855575,35.694690507640125],[139.76008985951947,35.694689818901274]]]}},{"type":"Feature","properties":{"id":"building-1698811","sourceId":"1698811","floors":2,"areaSqm":86.2,"primaryUse":"unclassified","primaryUseBasis":"no_place","placeCount":0,"placeIds":[],"placeNames":[],"hasBookstore":false,"hasCafe":false,"hasRestaurant":false,"bookstoreEra":"unknown","oldestBookstoreYear":null,"mixedUse":false,"source":"東京都 令和3年度区部土地利用現況調査・建物現況","observedAt":"2021年度"},"geometry":{"type":"Polygon","coordinates":[[[139.7583801479645,35.69838421922421],[139.7583081314177,35.69850528500279],[139.75836717243666,35.69852876008453],[139.75843582116963,35.69840615714422],[139.7583801479645,35.69838421922421]]]}},{"type":"Feature","properties":{"id":"building-1698813","sourceId":"1698813","floors":2,"areaSqm":31.5,"primaryUse":"unclassified","primaryUseBasis":"no_place","placeCount":0,"placeIds":[],"placeNames":[],"hasBookstore":false,"hasCafe":false,"hasRestaurant":false,"bookstoreEra":"unknown","oldestBookstoreYear":null,"mixedUse":false,"source":"東京都 令和3年度区部土地利用現況調査・建物現況","observedAt":"2021年度"},"geometry":{"type":"Polygon","coordinates":[[[139.75860511763,35.69813051464882],[139.75858386606052,35.69816844909073],[139.75865235280804,35.698194000343676],[139.75867360435194,35.698156065889805],[139.75860511763,35.69813051464882]]]}},{"type":"Feature","properties":{"id":"building-1698815","sourceId":"1698815","floors":2,"areaSqm":66.1,"primaryUse":"unclassified","primaryUseBasis":"no_place","placeCount":0,"placeIds":[],"placeNames":[],"hasBookstore":false,"hasCafe":false,"hasRestaurant":false,"bookstoreEra":"unknown","oldestBookstoreYear":null,"mixedUse":false,"source":"東京都 令和3年度区部土地利用現況調査・建物現況","observedAt":"2021年度"},"geometry":{"type":"Polygon","coordinates":[[[139.75871580889316,35.698165742115904],[139.75867664649152,35.69824018353512],[139.75879020684388,35.69827865223294],[139.75880902648532,35.69824161761869],[139.75873310311025,35.698215873460384],[139.7587530746985,35.69817828522643],[139.75871580889316,35.698165742115904]]]}},{"type":"Feature","properties":{"id":"building-1698817","sourceId":"1698817","floors":5,"areaSqm":113.1,"primaryUse":"unclassified","primaryUseBasis":"no_place","placeCount":0,"placeIds":[],"placeNames":[],"hasBookstore":false,"hasCafe":false,"hasRestaurant":false,"bookstoreEra":"unknown","oldestBookstoreYear":null,"mixedUse":false,"source":"東京都 令和3年度区部土地利用現況調査・建物現況","observedAt":"2021年度"},"geometry":{"type":"Polygon","coordinates":[[[139.75783785103198,35.69772423952887],[139.75778903719606,35.69781245293888],[139.75789508078685,35.697851548724074],[139.75794400503025,35.6977633353407],[139.75783785103198,35.69772423952887]]]}},{"type":"Feature","properties":{"id":"building-1698820","sourceId":"1698820","floors":2,"areaSqm":58.2,"primaryUse":"unclassified","primaryUseBasis":"no_place","placeCount":0,"placeIds":[],"placeNames":[],"hasBookstore":false,"hasCafe":false,"hasRestaurant":false,"bookstoreEra":"unknown","oldestBookstoreYear":null,"mixedUse":false,"source":"東京都 令和3年度区部土地利用現況調査・建物現況","observedAt":"2021年度"},"geometry":{"type":"Polygon","coordinates":[[[139.7582564025386,35.69680636666316],[139.7582258534328,35.69686115085596],[139.75831355928977,35.69689365483963],[139.75834410834807,35.69683887062481],[139.7582564025386,35.69680636666316]]]}},{"type":"Feature","properties":{"id":"building-1698822","sourceId":"1698822","floors":2,"areaSqm":33.2,"primaryUse":"unclassified","primaryUseBasis":"no_place","placeCount":0,"placeIds":[],"placeNames":[],"hasBookstore":false,"hasCafe":false,"hasRestaurant":false,"bookstoreEra":"unknown","oldestBookstoreYear":null,"mixedUse":false,"source":"東京都 令和3年度区部土地利用現況調査・建物現況","observedAt":"2021年度"},"geometry":{"type":"Polygon","coordinates":[[[139.75667559507355,35.69635306325743],[139.75665544796175,35.69639108821012],[139.75675025291835,35.696393942806736],[139.75675205777642,35.69635536534901],[139.75667559507355,35.69635306325743]]]}},{"type":"Feature","properties":{"id":"building-1698832","sourceId":"1698832","floors":2,"areaSqm":27.2,"primaryUse":"unclassified","primaryUseBasis":"no_place","placeCount":0,"placeIds":[],"placeNames":[],"hasBookstore":false,"hasCafe":false,"hasRestaurant":false,"bookstoreEra":"unknown","oldestBookstoreYear":null,"mixedUse":false,"source":"東京都 令和3年度区部土地利用現況調査・建物現況","observedAt":"2021年度"},"geometry":{"type":"Polygon","coordinates":[[[139.75907496637313,35.69550935323367],[139.75907114796527,35.69557569166876],[139.75911180946184,35.695577339211326],[139.7591157384168,35.69551091070615],[139.75907496637313,35.69550935323367]]]}},{"type":"Feature","properties":{"id":"building-1698835","sourceId":"1698835","floors":3,"areaSqm":30.4,"primaryUse":"unclassified","primaryUseBasis":"no_place","placeCount":0,"placeIds":[],"placeNames":[],"hasBookstore":false,"hasCafe":false,"hasRestaurant":false,"bookstoreEra":"unknown","oldestBookstoreYear":null,"mixedUse":false,"source":"東京都 令和3年度区部土地利用現況調査・建物現況","observedAt":"2021年度"},"geometry":{"type":"Polygon","coordinates":[[[139.75401256922274,35.69491662828756],[139.75400985964964,35.694974854971385],[139.7540617914603,35.694976421508755],[139.75406461140287,35.69491828503338],[139.75401256922274,35.69491662828756]]]}},{"type":"Feature","properties":{"id":"building-1698921","sourceId":"1698921","floors":6,"areaSqm":40.2,"primaryUse":"unclassified","primaryUseBasis":"no_place","placeCount":0,"placeIds":[],"placeNames":[],"hasBookstore":false,"hasCafe":false,"hasRestaurant":false,"bookstoreEra":"unknown","oldestBookstoreYear":null,"mixedUse":false,"source":"東京都 令和3年度区部土地利用現況調査・建物現況","observedAt":"2021年度"},"geometry":{"type":"Polygon","coordinates":[[[139.75689984688353,35.69630011520337],[139.75689812997507,35.69636239873221],[139.75696243899054,35.696363521192275],[139.75696404526482,35.696301327729245],[139.75689984688353,35.69630011520337]]]}},{"type":"Feature","properties":{"id":"building-1698922","sourceId":"1698922","floors":1,"areaSqm":73.7,"primaryUse":"unclassified","primaryUseBasis":"no_place","placeCount":0,"placeIds":[],"placeNames":[],"hasBookstore":false,"hasCafe":false,"hasRestaurant":false,"bookstoreEra":"unknown","oldestBookstoreYear":null,"mixedUse":false,"source":"東京都 令和3年度区部土地利用現況調査・建物現況","observedAt":"2021年度"},"geometry":{"type":"Polygon","coordinates":[[[139.75577683153602,35.696059001706494],[139.75577321562412,35.69619180983778],[139.75582842949754,35.6961928107665],[139.75583204642294,35.69606000263419],[139.75577683153602,35.696059001706494]]]}},{"type":"Feature","properties":{"id":"building-1698923","sourceId":"1698923","floors":1,"areaSqm":21.7,"primaryUse":"unclassified","primaryUseBasis":"no_place","placeCount":0,"placeIds":[],"placeNames":[],"hasBookstore":false,"hasCafe":false,"hasRestaurant":false,"bookstoreEra":"unknown","oldestBookstoreYear":null,"mixedUse":false,"source":"東京都 令和3年度区部土地利用現況調査・建物現況","observedAt":"2021年度"},"geometry":{"type":"Polygon","coordinates":[[[139.75842441205626,35.695624641831586],[139.75842248570504,35.695661677902265],[139.75848078750417,35.69566283637417],[139.7584825404782,35.6956256604825],[139.75842441205626,35.695624641831586]]]}},{"type":"Feature","properties":{"id":"building-1698933","sourceId":"1698933","floors":1,"areaSqm":52.7,"primaryUse":"unclassified","primaryUseBasis":"no_place","placeCount":0,"placeIds":[],"placeNames":[],"hasBookstore":false,"hasCafe":false,"hasRestaurant":false,"bookstoreEra":"unknown","oldestBookstoreYear":null,"mixedUse":false,"source":"東京都 令和3年度区部土地利用現況調査・建物現況","observedAt":"2021年度"},"geometry":{"type":"Polygon","coordinates":[[[139.75352825940143,35.69547515724923],[139.75351470707795,35.69554707754243],[139.7535859689064,35.69555604832976],[139.7535996316646,35.69548412810179],[139.75352825940143,35.69547515724923]]]}},{"type":"Feature","properties":{"id":"building-1698934","sourceId":"1698934","floors":1,"areaSqm":21.6,"primaryUse":"unclassified","primaryUseBasis":"no_place","placeCount":0,"placeIds":[],"placeNames":[],"hasBookstore":false,"hasCafe":false,"hasRestaurant":false,"bookstoreEra":"unknown","oldestBookstoreYear":null,"mixedUse":false,"source":"東京都 令和3年度区部土地利用現況調査・建物現況","observedAt":"2021年度"},"geometry":{"type":"Polygon","coordinates":[[[139.75793078860045,35.69548673870184],[139.75792398624475,35.6955526245464],[139.75795635981783,35.695554898245675],[139.7579631622319,35.695488922262385],[139.75793078860045,35.69548673870184]]]}},{"type":"Feature","properties":{"id":"building-1698935","sourceId":"1698935","floors":1,"areaSqm":29.7,"primaryUse":"restaurant","primaryUseBasis":"confirmed_ground_floor","placeCount":1,"placeIds":["osm-node-5456398068"],"placeNames":["メナムのほとり"],"hasBookstore":false,"hasCafe":false,"hasRestaurant":true,"bookstoreEra":"unknown","oldestBookstoreYear":null,"mixedUse":false,"source":"東京都 令和3年度区部土地利用現況調査・建物現況","observedAt":"2021年度"},"geometry":{"type":"Polygon","coordinates":[[[139.75774703604898,35.69536622213713],[139.75774513129485,35.695415175217434],[139.75780437366942,35.695417044886625],[139.75780891206887,35.69536869467118],[139.75774703604898,35.69536622213713]]]}},{"type":"Feature","properties":{"id":"building-1699050","sourceId":"1699050","floors":2,"areaSqm":87.4,"primaryUse":"cafe","primaryUseBasis":"floor_unverified","placeCount":1,"placeIds":["osm-node-14019482401"],"placeNames":["オトナリ珈琲"],"hasBookstore":false,"hasCafe":true,"hasRestaurant":false,"bookstoreEra":"unknown","oldestBookstoreYear":null,"mixedUse":false,"source":"東京都 令和3年度区部土地利用現況調査・建物現況","observedAt":"2021年度"},"geometry":{"type":"Polygon","coordinates":[[[139.7566337759578,35.69826620166819],[139.7566522295106,35.69827325582104],[139.75667835122383,35.69822784345997],[139.75658788293188,35.69819326338167],[139.7565606143058,35.69824084819259],[139.75655855526875,35.69824011586909],[139.75653707971168,35.69828012295423],[139.75661197494256,35.698306851235266],[139.7566337759578,35.69826620166819]]]}},{"type":"Feature","properties":{"id":"building-1699057","sourceId":"1699057","floors":2,"areaSqm":41.9,"primaryUse":"unclassified","primaryUseBasis":"no_place","placeCount":0,"placeIds":[],"placeNames":[],"hasBookstore":false,"hasCafe":false,"hasRestaurant":false,"bookstoreEra":"unknown","oldestBookstoreYear":null,"mixedUse":false,"source":"東京都 令和3年度区部土地利用現況調査・建物現況","observedAt":"2021年度"},"geometry":{"type":"Polygon","coordinates":[[[139.75417402507372,35.69556671207732],[139.75413196187705,35.695641768480264],[139.75417791185563,35.695658924722224],[139.75421997501834,35.6955838683034],[139.75417402507372,35.69556671207732]]]}},{"type":"Feature","properties":{"id":"building-1699063","sourceId":"1699063","floors":1,"areaSqm":30.5,"primaryUse":"unclassified","primaryUseBasis":"no_place","placeCount":0,"placeIds":[],"placeNames":[],"hasBookstore":false,"hasCafe":false,"hasRestaurant":false,"bookstoreEra":"unknown","oldestBookstoreYear":null,"mixedUse":false,"source":"東京都 令和3年度区部土地利用現況調査・建物現況","observedAt":"2021年度"},"geometry":{"type":"Polygon","coordinates":[[[139.76008847884174,35.694749669000515],[139.76008822892092,35.694781306920085],[139.76018436027627,35.69478172592107],[139.760184499663,35.69475008793414],[139.76008847884174,35.694749669000515]]]}},{"type":"Feature","properties":{"id":"building-1699264","sourceId":"1699264","floors":14,"areaSqm":410.9,"primaryUse":"unclassified","primaryUseBasis":"no_place","placeCount":0,"placeIds":[],"placeNames":[],"hasBookstore":false,"hasCafe":false,"hasRestaurant":false,"bookstoreEra":"unknown","oldestBookstoreYear":null,"mixedUse":false,"source":"東京都 令和3年度区部土地利用現況調査・建物現況","observedAt":"2021年度"},"geometry":{"type":"Polygon","coordinates":[[[139.7578656394912,35.69888309752229],[139.75788005946015,35.69888717894681],[139.75788727976163,35.69887768124124],[139.75790502548938,35.69888447967041],[139.7579305803169,35.698845579978595],[139.7579782726075,35.698862352771926],[139.7580316157459,35.698770074256274],[139.75780703417902,35.69867400175947],[139.7577181441857,35.69881241425209],[139.75772258065425,35.69881377450049],[139.75771591334907,35.698825082492505],[139.7577225665579,35.69882870656945],[139.75771756597058,35.69883730158657],[139.75785786105533,35.698896215675596],[139.7578656394912,35.69888309752229]]]}},{"type":"Feature","properties":{"id":"building-1699276","sourceId":"1699276","floors":10,"areaSqm":90.7,"primaryUse":"unclassified","primaryUseBasis":"no_place","placeCount":0,"placeIds":[],"placeNames":[],"hasBookstore":false,"hasCafe":false,"hasRestaurant":false,"bookstoreEra":"unknown","oldestBookstoreYear":null,"mixedUse":false,"source":"東京都 令和3年度区部土地利用現況調査・建物現況","observedAt":"2021年度"},"geometry":{"type":"Polygon","coordinates":[[[139.7589637996528,35.697777580379984],[139.75894932009294,35.6977818980051],[139.75893238649917,35.697811001761906],[139.75893724684082,35.69781280750407],[139.75892485103788,35.697834072153015],[139.75904856717685,35.69788192112522],[139.7590825452995,35.69782317282399],[139.7589637996528,35.697777580379984]]]}},{"type":"Feature","properties":{"id":"building-1699277","sourceId":"1699277","floors":5,"areaSqm":134.9,"primaryUse":"unclassified","primaryUseBasis":"no_place","placeCount":0,"placeIds":[],"placeNames":[],"hasBookstore":false,"hasCafe":false,"hasRestaurant":false,"bookstoreEra":"unknown","oldestBookstoreYear":null,"mixedUse":false,"source":"東京都 令和3年度区部土地利用現況調査・建物現況","observedAt":"2021年度"},"geometry":{"type":"Polygon","coordinates":[[[139.75769248353052,35.69767033653533],[139.75764643897395,35.697751250538666],[139.7577829686032,35.69780298475477],[139.75782912355203,35.69772207076908],[139.75769248353052,35.69767033653533]]]}},{"type":"Feature","properties":{"id":"building-1699278","sourceId":"1699278","floors":12,"areaSqm":74.8,"primaryUse":"unclassified","primaryUseBasis":"no_place","placeCount":0,"placeIds":[],"placeNames":[],"hasBookstore":false,"hasCafe":false,"hasRestaurant":false,"bookstoreEra":"unknown","oldestBookstoreYear":null,"mixedUse":false,"source":"東京都 令和3年度区部土地利用現況調査・建物現況","observedAt":"2021年度"},"geometry":{"type":"Polygon","coordinates":[[[139.75787540407285,35.69764617206104],[139.7578712364956,35.6976538617325],[139.75781494796016,35.69763482106472],[139.75778493998476,35.697690460876466],[139.75788697542248,35.697728535606785],[139.75792309606413,35.697662492391665],[139.75787540407285,35.69764617206104]]]}},{"type":"Feature","properties":{"id":"building-1699279","sourceId":"1699279","floors":5,"areaSqm":66.5,"primaryUse":"unclassified","primaryUseBasis":"no_place","placeCount":0,"placeIds":[],"placeNames":[],"hasBookstore":false,"hasCafe":false,"hasRestaurant":false,"bookstoreEra":"unknown","oldestBookstoreYear":null,"mixedUse":false,"source":"東京都 令和3年度区部土地利用現況調査・建物現況","observedAt":"2021年度"},"geometry":{"type":"Polygon","coordinates":[[[139.7579386294973,35.697662049634474],[139.7578980669171,35.69773261494361],[139.75797792183542,35.69776117346167],[139.75801515566926,35.69769105762913],[139.7579386294973,35.697662049634474]]]}},{"type":"Feature","properties":{"id":"building-1699281","sourceId":"1699281","floors":12,"areaSqm":85.0,"primaryUse":"unclassified","primaryUseBasis":"no_place","placeCount":0,"placeIds":[],"placeNames":[],"hasBookstore":false,"hasCafe":false,"hasRestaurant":false,"bookstoreEra":"unknown","oldestBookstoreYear":null,"mixedUse":false,"source":"東京都 令和3年度区部土地利用現況調査・建物現況","observedAt":"2021年度"},"geometry":{"type":"Polygon","coordinates":[[[139.7583199661295,35.697603847607056],[139.75833057042325,35.697607820238936],[139.75835746699923,35.69755970388315],[139.7583477463731,35.697556092351725],[139.75835206296148,35.69754852353987],[139.75826325187953,35.69751547807664],[139.75826048473408,35.69752043388118],[139.75824247949336,35.697513752519114],[139.75821060173993,35.69757105970614],[139.75831631354868,35.69761033518852],[139.7583199661295,35.697603847607056]]]}},{"type":"Feature","properties":{"id":"building-1699283","sourceId":"1699283","floors":13,"areaSqm":149.8,"primaryUse":"unclassified","primaryUseBasis":"no_place","placeCount":0,"placeIds":[],"placeNames":[],"hasBookstore":false,"hasCafe":false,"hasRestaurant":false,"bookstoreEra":"unknown","oldestBookstoreYear":null,"mixedUse":false,"source":"東京都 令和3年度区部土地利用現況調査・建物現況","observedAt":"2021年度"},"geometry":{"type":"Polygon","coordinates":[[[139.75888279529886,35.697360135105235],[139.75881279006796,35.69747683892327],[139.75891593346185,35.697516723418],[139.7589870479955,35.69740002022583],[139.75888279529886,35.697360135105235]]]}},{"type":"Feature","properties":{"id":"building-1699289","sourceId":"1699289","floors":5,"areaSqm":105.9,"primaryUse":"restaurant","primaryUseBasis":"confirmed_ground_floor","placeCount":1,"placeIds":["osm-node-7030399205"],"placeNames":["㐂道庵"],"hasBookstore":false,"hasCafe":false,"hasRestaurant":true,"bookstoreEra":"unknown","oldestBookstoreYear":null,"mixedUse":false,"source":"東京都 令和3年度区部土地利用現況調査・建物現況","observedAt":"2021年度"},"geometry":{"type":"Polygon","coordinates":[[[139.7570017296672,35.696644502917785],[139.75697062675607,35.69669982726339],[139.75709942249347,35.69674813215298],[139.75713926948876,35.69667730975835],[139.7570637152613,35.69664895891675],[139.7570017296672,35.696644502917785]]]}},{"type":"Feature","properties":{"id":"building-1699298","sourceId":"1699298","floors":12,"areaSqm":105.2,"primaryUse":"retail","primaryUseBasis":"floor_unverified","placeCount":1,"placeIds":["osm-node-3342922519"],"placeNames":["DEPAK"],"hasBookstore":false,"hasCafe":false,"hasRestaurant":false,"bookstoreEra":"unknown","oldestBookstoreYear":null,"mixedUse":false,"source":"東京都 令和3年度区部土地利用現況調査・建物現況","observedAt":"2021年度"},"geometry":{"type":"Polygon","coordinates":[[[139.75639083093094,35.69567297867799],[139.7563883167809,35.69575959866976],[139.75651350823415,35.695762022187104],[139.75651567709906,35.69568964360885],[139.7564888267417,35.695689085649974],[139.7564892823937,35.69567484430432],[139.75639083093094,35.69567297867799]]]}},{"type":"Feature","properties":{"id":"building-1699305","sourceId":"1699305","floors":5,"areaSqm":151.8,"primaryUse":"unclassified","primaryUseBasis":"no_place","placeCount":0,"placeIds":[],"placeNames":[],"hasBookstore":false,"hasCafe":false,"hasRestaurant":false,"bookstoreEra":"unknown","oldestBookstoreYear":null,"mixedUse":false,"source":"東京都 令和3年度区部土地利用現況調査・建物現況","observedAt":"2021年度"},"geometry":{"type":"Polygon","coordinates":[[[139.75441276802434,35.694829646867994],[139.75440737254806,35.6949641637153],[139.75451968044936,35.69496716133994],[139.75452507573814,35.69483264358604],[139.75441276802434,35.694829646867994]]]}}],"metadata":{"source":"東京都 令和3年度区部土地利用現況調査・建物現況","processedAt":"2026-09-23","note":"神田神保町一〜三丁目で切り出し、WGS84へ変換。店舗との空間結合はATLASによる。"}}
