{"type":"FeatureCollection","features":[{"type":"Feature","properties":{"id":"osm-node-3342922517","osmId":3342922517,"name":"@ワンダー","category":"antiquarian_bookstore","subcategory":"books","floor":null,"address":null,"era":"unknown","hours":"Mo-Fr 11:00-19:00; Sa, Su 11:00-18:00","website":null,"sourceLabel":"OpenStreetMap","sourceUrl":"https://www.openstreetmap.org/node/3342922517","sourceType":"open_data","observedAt":"2026-09-22","confidence":"reference","buildingId":"building-1691108"},"geometry":{"type":"Point","coordinates":[139.7561963,35.6957218]}},{"type":"Feature","properties":{"id":"osm-node-12425865952","osmId":12425865952,"name":"Book DASH","category":"antiquarian_bookstore","subcategory":"books","floor":"0","address":null,"era":"unknown","hours":null,"website":"https://www.bookdash.net/","sourceLabel":"OpenStreetMap","sourceUrl":"https://www.openstreetmap.org/node/12425865952","sourceType":"open_data","observedAt":"2026-09-22","confidence":"reference","buildingId":"building-1691427"},"geometry":{"type":"Point","coordinates":[139.7606529,35.69509]}},{"type":"Feature","properties":{"id":"osm-node-3342922520","osmId":3342922520,"name":"Vintage","category":"antiquarian_bookstore","subcategory":"books","floor":null,"address":null,"era":"unknown","hours":null,"website":null,"sourceLabel":"OpenStreetMap","sourceUrl":"https://www.openstreetmap.org/node/3342922520","sourceType":"open_data","observedAt":"2026-09-22","confidence":"reference","buildingId":"building-1691110"},"geometry":{"type":"Point","coordinates":[139.7565565,35.6957405]}},{"type":"Feature","properties":{"id":"osm-node-3606429155","osmId":3606429155,"name":"りぶる・りべろ","category":"antiquarian_bookstore","subcategory":"books","floor":null,"address":null,"era":"unknown","hours":null,"website":null,"sourceLabel":"OpenStreetMap","sourceUrl":"https://www.openstreetmap.org/node/3606429155","sourceType":"open_data","observedAt":"2026-09-22","confidence":"reference","buildingId":"building-1695685"},"geometry":{"type":"Point","coordinates":[139.7582128,35.6977885]}},{"type":"Feature","properties":{"id":"osm-node-3343046270","osmId":3343046270,"name":"ブックパワー R.B.S","category":"antiquarian_bookstore","subcategory":"books","floor":"3","address":null,"era":"unknown","hours":null,"website":null,"sourceLabel":"OpenStreetMap","sourceUrl":"https://www.openstreetmap.org/node/3343046270","sourceType":"open_data","observedAt":"2026-09-22","confidence":"reference","buildingId":"building-1694669"},"geometry":{"type":"Point","coordinates":[139.7573721,35.6957065]}},{"type":"Feature","properties":{"id":"osm-node-3343046271","osmId":3343046271,"name":"ブンケン・ロック・サイド","category":"antiquarian_bookstore","subcategory":"books","floor":null,"address":null,"era":"unknown","hours":null,"website":null,"sourceLabel":"OpenStreetMap","sourceUrl":"https://www.openstreetmap.org/node/3343046271","sourceType":"open_data","observedAt":"2026-09-22","confidence":"reference","buildingId":"building-1691171"},"geometry":{"type":"Point","coordinates":[139.7572586,35.6957654]}},{"type":"Feature","properties":{"id":"osm-node-4018914745","osmId":4018914745,"name":"ボヘミアンズ・ギルド","category":"antiquarian_bookstore","subcategory":"books","floor":null,"address":null,"era":"unknown","hours":null,"website":null,"sourceLabel":"OpenStreetMap","sourceUrl":"https://www.openstreetmap.org/node/4018914745","sourceType":"open_data","observedAt":"2026-09-22","confidence":"reference","buildingId":"building-1691208"},"geometry":{"type":"Point","coordinates":[139.7604379,35.6954861]}},{"type":"Feature","properties":{"id":"isseido-booksellers","name":"一誠堂書店","aliases":["THE ISSEIDO BOOKSELLERS","一誠堂"],"category":"antiquarian_bookstore","subcategory":"古書店","address":"東京都千代田区神田神保町1-7","foundedYear":1903,"jinbochoOpenedYear":1913,"currentLocationSince":1913,"specialty":"和漢古典籍、文科系古書、稀覯本","website":"https://www.isseido-books.co.jp/","sourceLabel":"一誠堂書店「会社概要・沿革」","sourceUrl":"https://www.isseido-books.co.jp/about/","sourceType":"official","confidence":"confirmed","note":"1903年に新潟県長岡市で創業し、1906年に神田猿楽町へ移転。神保町の現在地へ移ったのは1913年で、現社屋は1931年竣工です。","osmId":3881327216,"era":"prewar","observedAt":"2026-09-25","buildingId":"building-1694654","description":"文学・歴史・美術などの古書を幅広く扱う店。2階には洋書や和本のほか、古地図、浮世絵、絵巻も並びます。","descriptionSourceLabel":"一誠堂書店「フロアガイド」","descriptionSourceUrl":"https://www.isseido-books.co.jp/guide/"},"geometry":{"type":"Point","coordinates":[139.7588467,35.6958084]}},{"type":"Feature","properties":{"id":"osm-node-12920583004","osmId":12920583004,"name":"光和書店","category":"antiquarian_bookstore","subcategory":"books","floor":"0","address":null,"era":"unknown","hours":null,"website":null,"sourceLabel":"OpenStreetMap","sourceUrl":"https://www.openstreetmap.org/node/12920583004","sourceType":"open_data","observedAt":"2026-09-22","confidence":"reference","buildingId":"building-1695990"},"geometry":{"type":"Point","coordinates":[139.7609963,35.695521]}},{"type":"Feature","properties":{"id":"kitazawa-bookstore","name":"北沢書店","aliases":["KITAZAWA BOOKSTORE","北澤書店"],"category":"antiquarian_bookstore","subcategory":"洋古書店","address":"東京都千代田区神田神保町2-5","floor":"北沢ビル2階","foundedYear":1902,"specialty":"英米文学、人文系洋古書、言語学、哲学、人類学","website":"https://kitazawabook.official.ec/","sourceLabel":"KITAZAWA BOOKSTORE 公式サイト","sourceUrl":"https://kitazawabook.official.ec/about","sourceType":"official","confidence":"confirmed","osmId":4030787570,"era":"prewar","observedAt":"2026-09-25","buildingId":"building-1691109","description":"英米文学を中心に、哲学・言語学・人類学などの洋古書を扱う店。日本やアジアを扱った洋書、オカルト関連書も探せます。"},"geometry":{"type":"Point","coordinates":[139.7563252,35.6957004]}},{"type":"Feature","properties":{"id":"osm-node-3343046274","osmId":3343046274,"name":"南海堂書店","category":"antiquarian_bookstore","subcategory":"books","floor":null,"address":null,"era":"unknown","hours":null,"website":null,"sourceLabel":"OpenStreetMap","sourceUrl":"https://www.openstreetmap.org/node/3343046274","sourceType":"open_data","observedAt":"2026-09-22","confidence":"reference","buildingId":"building-1691171"},"geometry":{"type":"Point","coordinates":[139.7571875,35.6957641]}},{"type":"Feature","properties":{"id":"osm-node-3343046275","osmId":3343046275,"name":"原書房","category":"antiquarian_bookstore","subcategory":"books","floor":null,"address":null,"era":"unknown","hours":null,"website":null,"sourceLabel":"OpenStreetMap","sourceUrl":"https://www.openstreetmap.org/node/3343046275","sourceType":"open_data","observedAt":"2026-09-22","confidence":"reference","buildingId":"building-1691171"},"geometry":{"type":"Point","coordinates":[139.7572986,35.6957514]}},{"type":"Feature","properties":{"id":"osm-node-3163977862","osmId":3163977862,"name":"古賀書店","category":"antiquarian_bookstore","subcategory":"books","floor":null,"address":null,"era":"unknown","hours":null,"website":null,"sourceLabel":"OpenStreetMap","sourceUrl":"https://www.openstreetmap.org/node/3163977862","sourceType":"open_data","observedAt":"2026-09-22","confidence":"reference","buildingId":"building-1695963"},"geometry":{"type":"Point","coordinates":[139.756971,35.69575]}},{"type":"Feature","properties":{"id":"osm-node-3881334941","osmId":3881334941,"name":"呂古書房","category":"antiquarian_bookstore","subcategory":"books","floor":"3","address":null,"era":"unknown","hours":null,"website":null,"sourceLabel":"OpenStreetMap","sourceUrl":"https://www.openstreetmap.org/node/3881334941","sourceType":"open_data","observedAt":"2026-09-22","confidence":"reference","buildingId":"building-1695990"},"geometry":{"type":"Point","coordinates":[139.7609485,35.6955243]}},{"type":"Feature","properties":{"id":"osm-node-3343046273","osmId":3343046273,"name":"夢野書店","category":"antiquarian_bookstore","subcategory":"books","floor":"1","address":null,"era":"unknown","hours":null,"website":null,"sourceLabel":"OpenStreetMap","sourceUrl":"https://www.openstreetmap.org/node/3343046273","sourceType":"open_data","observedAt":"2026-09-22","confidence":"reference","buildingId":"building-1694669"},"geometry":{"type":"Point","coordinates":[139.7573721,35.6957561]}},{"type":"Feature","properties":{"id":"osm-node-1634100075","osmId":1634100075,"name":"大久保書店","category":"antiquarian_bookstore","subcategory":"books","floor":null,"address":null,"era":"unknown","hours":null,"website":null,"sourceLabel":"OpenStreetMap","sourceUrl":"https://www.openstreetmap.org/node/1634100075","sourceType":"open_data","observedAt":"2026-09-22","confidence":"reference","buildingId":"building-1694672"},"geometry":{"type":"Point","coordinates":[139.7594348,35.695825]}},{"type":"Feature","properties":{"id":"osm-node-12051018761","osmId":12051018761,"name":"大雲堂書店","category":"antiquarian_bookstore","subcategory":"books","floor":"0","address":null,"era":"unknown","hours":null,"website":null,"sourceLabel":"OpenStreetMap","sourceUrl":"https://www.openstreetmap.org/node/12051018761","sourceType":"open_data","observedAt":"2026-09-22","confidence":"reference","buildingId":"building-1694680"},"geometry":{"type":"Point","coordinates":[139.7585281,35.6957401]}},{"type":"Feature","properties":{"id":"komiyama-bookstore","name":"小宮山書店","aliases":["KOMIYAMA TOKYO","KOMIYAMA BOOKSTORE"],"category":"antiquarian_bookstore","subcategory":"古書・アート","address":"東京都千代田区神田神保町1-7","foundedYear":1939,"specialty":"写真集、ファッション、現代美術、民芸・工芸、ヴィンテージプリント","website":"https://book-komiyama.co.jp/","sourceLabel":"小宮山書店「About US」","sourceUrl":"https://book-komiyama.co.jp/about/","sourceType":"official","confidence":"confirmed","osmId":1634100083,"era":"prewar","observedAt":"2026-09-25","buildingId":"building-1694682","description":"写真集やファッション、アートの本を扱う古書店。書籍や雑誌とともに、ヴィンテージの写真プリントやポスター、作品も販売しています。"},"geometry":{"type":"Point","coordinates":[139.7595572,35.6958262]}},{"type":"Feature","properties":{"id":"osm-node-3342922548","osmId":3342922548,"name":"小川図書","category":"antiquarian_bookstore","subcategory":"books","floor":null,"address":null,"era":"unknown","hours":null,"website":null,"sourceLabel":"OpenStreetMap","sourceUrl":"https://www.openstreetmap.org/node/3342922548","sourceType":"open_data","observedAt":"2026-09-22","confidence":"reference","buildingId":"building-1695962"},"geometry":{"type":"Point","coordinates":[139.7561015,35.695703]}},{"type":"Feature","properties":{"id":"osm-node-3342922549","osmId":3342922549,"name":"山本書店","category":"antiquarian_bookstore","subcategory":"books","floor":null,"address":null,"era":"unknown","hours":null,"website":null,"sourceLabel":"OpenStreetMap","sourceUrl":"https://www.openstreetmap.org/node/3342922549","sourceType":"open_data","observedAt":"2026-09-22","confidence":"reference","buildingId":"building-1691107"},"geometry":{"type":"Point","coordinates":[139.7558981,35.6956993]}},{"type":"Feature","properties":{"id":"osm-node-3343070908","osmId":3343070908,"name":"山田書店","category":"antiquarian_bookstore","subcategory":"books","floor":null,"address":null,"era":"unknown","hours":null,"website":null,"sourceLabel":"OpenStreetMap","sourceUrl":"https://www.openstreetmap.org/node/3343070908","sourceType":"open_data","observedAt":"2026-09-22","confidence":"reference","buildingId":"building-1694633"},"geometry":{"type":"Point","coordinates":[139.7588155,35.6961513]}},{"type":"Feature","properties":{"id":"osm-node-3163981662","osmId":3163981662,"name":"山陽堂書店","category":"antiquarian_bookstore","subcategory":"books","floor":null,"address":null,"era":"unknown","hours":null,"website":null,"sourceLabel":"OpenStreetMap","sourceUrl":"https://www.openstreetmap.org/node/3163981662","sourceType":"open_data","observedAt":"2026-09-22","confidence":"reference","buildingId":"building-1688625"},"geometry":{"type":"Point","coordinates":[139.7568135,35.6957489]}},{"type":"Feature","properties":{"id":"yukyudo-books","name":"悠久堂書店","aliases":["悠久堂","YUKYUDOU"],"category":"antiquarian_bookstore","subcategory":"古書店","address":"東京都千代田区神田神保町1-3-2","foundedYear":1915,"jinbochoOpenedYear":1915,"specialty":"美術、中国美術、書道、料理、山岳、動植物","website":"https://yukyudou.com/","sourceLabel":"悠久堂書店 公式サイト","sourceUrl":"https://yukyudou.com/aboutus/","sourceType":"official","confidence":"confirmed","osmId":1634100087,"era":"prewar","observedAt":"2026-09-25","buildingId":"building-1694657","description":"美術展の図録や料理・食文化の本に加え、山岳・動植物の本を扱う古書店。代を重ねながら、それぞれの得意分野を広げてきました。"},"geometry":{"type":"Point","coordinates":[139.759977,35.6958427]}},{"type":"Feature","properties":{"id":"osm-node-10753771862","osmId":10753771862,"name":"手塚書房","category":"antiquarian_bookstore","subcategory":"books","floor":null,"address":null,"era":"unknown","hours":null,"website":null,"sourceLabel":"OpenStreetMap","sourceUrl":"https://www.openstreetmap.org/node/10753771862","sourceType":"open_data","observedAt":"2026-09-22","confidence":"reference","buildingId":"building-1691423"},"geometry":{"type":"Point","coordinates":[139.7598225,35.6950542]}},{"type":"Feature","properties":{"id":"osm-node-3163979862","osmId":3163979862,"name":"日本特価書籍","category":"antiquarian_bookstore","subcategory":"books","floor":null,"address":null,"era":"unknown","hours":null,"website":null,"sourceLabel":"OpenStreetMap","sourceUrl":"https://www.openstreetmap.org/node/3163979862","sourceType":"open_data","observedAt":"2026-09-22","confidence":"reference","buildingId":"building-1688625"},"geometry":{"type":"Point","coordinates":[139.7567499,35.6957121]}},{"type":"Feature","properties":{"id":"osm-node-810027463","osmId":810027463,"name":"明倫館書店","category":"antiquarian_bookstore","subcategory":"books","floor":null,"address":null,"era":"unknown","hours":"We,Su off","website":null,"sourceLabel":"OpenStreetMap","sourceUrl":"https://www.openstreetmap.org/node/810027463","sourceType":"open_data","observedAt":"2026-09-22","confidence":"reference","buildingId":"building-1691113"},"geometry":{"type":"Point","coordinates":[139.7587198,35.6957794]}},{"type":"Feature","properties":{"id":"takayama-honten","name":"書肆 髙山本店","aliases":["高山本店","髙山本店","書肆高山本店"],"category":"antiquarian_bookstore","subcategory":"古書店","address":"東京都千代田区神田神保町2-3-3","floor":"神田古書センタービル1階","foundedYear":1875,"currentLocationSince":1978,"specialty":"能楽・武道・古典籍","website":"https://www.takayamabookstore.com/","sourceLabel":"髙山本店 公式サイト","sourceUrl":"https://www.takayamabookstore.com/高山本店の歴史","sourceType":"official","confidence":"confirmed","note":"創業年は事業の起点。神保町で店を営み始めた時期、現在地への移転年とは別です。","osmId":3343046279,"era":"prewar","observedAt":"2026-09-25","buildingId":"building-1694669","description":"能楽・武道の古書を専門に扱う店。神田古書センター1階で、皇居と江戸城を重ねた絵図なども販売しています。","descriptionSourceLabel":"髙山本店 公式サイト","descriptionSourceUrl":"https://www.takayamabookstore.com/"},"geometry":{"type":"Point","coordinates":[139.7573723,35.6957784]}},{"type":"Feature","properties":{"id":"osm-node-3606951989","osmId":3606951989,"name":"書肆ひぐらし","category":"antiquarian_bookstore","subcategory":"books","floor":null,"address":null,"era":"unknown","hours":null,"website":null,"sourceLabel":"OpenStreetMap","sourceUrl":"https://www.openstreetmap.org/node/3606951989","sourceType":"open_data","observedAt":"2026-09-22","confidence":"reference","buildingId":"building-1695771"},"geometry":{"type":"Point","coordinates":[139.7592395,35.6969836]}},{"type":"Feature","properties":{"id":"osm-node-1634100106","osmId":1634100106,"name":"東陽堂書店","category":"antiquarian_bookstore","subcategory":"books","floor":null,"address":null,"era":"unknown","hours":null,"website":null,"sourceLabel":"OpenStreetMap","sourceUrl":"https://www.openstreetmap.org/node/1634100106","sourceType":"open_data","observedAt":"2026-09-22","confidence":"reference","buildingId":"building-1694658"},"geometry":{"type":"Point","coordinates":[139.7602753,35.6958307]}},{"type":"Feature","properties":{"id":"osm-node-9295007356","osmId":9295007356,"name":"永森書店","category":"antiquarian_bookstore","subcategory":"books","floor":"1","address":null,"era":"unknown","hours":null,"website":null,"sourceLabel":"OpenStreetMap","sourceUrl":"https://www.openstreetmap.org/node/9295007356","sourceType":"open_data","observedAt":"2026-09-22","confidence":"reference","buildingId":"building-1694700"},"geometry":{"type":"Point","coordinates":[139.7585525,35.695389]}},{"type":"Feature","properties":{"id":"osm-node-3342922552","osmId":3342922552,"name":"波多野書店","category":"antiquarian_bookstore","subcategory":"books","floor":null,"address":null,"era":"unknown","hours":null,"website":null,"sourceLabel":"OpenStreetMap","sourceUrl":"https://www.openstreetmap.org/node/3342922552","sourceType":"open_data","observedAt":"2026-09-22","confidence":"reference","buildingId":"building-1695962"},"geometry":{"type":"Point","coordinates":[139.7560761,35.6957357]}},{"type":"Feature","properties":{"id":"osm-node-3163982261","osmId":3163982261,"name":"澤口書店","category":"antiquarian_bookstore","subcategory":"books","floor":null,"address":null,"era":"unknown","hours":null,"website":null,"sourceLabel":"OpenStreetMap","sourceUrl":"https://www.openstreetmap.org/node/3163982261","sourceType":"open_data","observedAt":"2026-09-22","confidence":"reference","buildingId":"building-1691139"},"geometry":{"type":"Point","coordinates":[139.756858,35.695744]}},{"type":"Feature","properties":{"id":"osm-node-3881308296","osmId":3881308296,"name":"澤口書店","category":"antiquarian_bookstore","subcategory":"books","floor":"0","address":null,"era":"unknown","hours":null,"website":null,"sourceLabel":"OpenStreetMap","sourceUrl":"https://www.openstreetmap.org/node/3881308296","sourceType":"open_data","observedAt":"2026-09-22","confidence":"reference","buildingId":"building-1691081"},"geometry":{"type":"Point","coordinates":[139.7591096,35.6958171]}},{"type":"Feature","properties":{"id":"osm-node-3881308297","osmId":3881308297,"name":"澤口書店","category":"antiquarian_bookstore","subcategory":"books","floor":"0","address":null,"era":"unknown","hours":null,"website":null,"sourceLabel":"OpenStreetMap","sourceUrl":"https://www.openstreetmap.org/node/3881308297","sourceType":"open_data","observedAt":"2026-09-22","confidence":"reference","buildingId":"building-1691115"},"geometry":{"type":"Point","coordinates":[139.7592931,35.6957887]}},{"type":"Feature","properties":{"id":"osm-node-1634100108","osmId":1634100108,"name":"玉英堂書店","category":"antiquarian_bookstore","subcategory":"books","floor":"0;1","address":null,"era":"unknown","hours":null,"website":null,"sourceLabel":"OpenStreetMap","sourceUrl":"https://www.openstreetmap.org/node/1634100108","sourceType":"open_data","observedAt":"2026-09-22","confidence":"reference","buildingId":"building-1694658"},"geometry":{"type":"Point","coordinates":[139.7602271,35.695831]}},{"type":"Feature","properties":{"id":"osm-node-1634100115","osmId":1634100115,"name":"田村書店","category":"antiquarian_bookstore","subcategory":"books","floor":"0;1","address":null,"era":"unknown","hours":null,"website":null,"sourceLabel":"OpenStreetMap","sourceUrl":"https://www.openstreetmap.org/node/1634100115","sourceType":"open_data","observedAt":"2026-09-22","confidence":"reference","buildingId":"building-1694646"},"geometry":{"type":"Point","coordinates":[139.7595044,35.6958268]}},{"type":"Feature","properties":{"id":"yaguchi-shoten","name":"矢口書店","aliases":["古書 矢口書店"],"category":"antiquarian_bookstore","subcategory":"古書店","address":"東京都千代田区神田神保町2-5-1","foundedYear":1918,"currentLocationSince":1934,"specialty":"映画、演劇、演芸、落語、戯曲、シナリオ、音楽","website":"https://yaguchishoten.jp/","sourceLabel":"矢口書店「店舗案内・略史」","sourceUrl":"https://yaguchishoten.jp/about/","sourceType":"official","confidence":"confirmed","osmId":3163981761,"era":"prewar","observedAt":"2026-09-25","buildingId":"building-1695963","description":"映画・演劇・落語の本に加え、台本やポスター、パンフレットを扱う店。隣の新店では映画雑誌のバックナンバーや音楽資料も探せます。"},"geometry":{"type":"Point","coordinates":[139.7570282,35.6957383]}},{"type":"Feature","properties":{"id":"osm-node-3163981463","osmId":3163981463,"name":"篠村書店","category":"antiquarian_bookstore","subcategory":"books","floor":null,"address":null,"era":"unknown","hours":null,"website":null,"sourceLabel":"OpenStreetMap","sourceUrl":"https://www.openstreetmap.org/node/3163981463","sourceType":"open_data","observedAt":"2026-09-22","confidence":"reference","buildingId":"building-1688625"},"geometry":{"type":"Point","coordinates":[139.756781,35.6957321]}},{"type":"Feature","properties":{"id":"osm-node-12425863846","osmId":12425863846,"name":"羊頭書店","category":"antiquarian_bookstore","subcategory":"books","floor":"0","address":null,"era":"unknown","hours":null,"website":null,"sourceLabel":"OpenStreetMap","sourceUrl":"https://www.openstreetmap.org/node/12425863846","sourceType":"open_data","observedAt":"2026-09-22","confidence":"reference","buildingId":"building-1691427"},"geometry":{"type":"Point","coordinates":[139.7606374,35.6949754]}},{"type":"Feature","properties":{"id":"osm-node-3786118923","osmId":3786118923,"name":"荒魂書店","category":"antiquarian_bookstore","subcategory":"books","floor":"2","address":null,"era":"unknown","hours":null,"website":null,"sourceLabel":"OpenStreetMap","sourceUrl":"https://www.openstreetmap.org/node/3786118923","sourceType":"open_data","observedAt":"2026-09-22","confidence":"reference","buildingId":"building-1694700"},"geometry":{"type":"Point","coordinates":[139.7585511,35.6954058]}},{"type":"Feature","properties":{"id":"osm-node-9295076534","osmId":9295076534,"name":"虔十書林","category":"antiquarian_bookstore","subcategory":"books","floor":null,"address":null,"era":"unknown","hours":"Mo-Fr 12:00-20:00; Sa 12:00-19:00; Su off","website":null,"sourceLabel":"OpenStreetMap","sourceUrl":"https://www.openstreetmap.org/node/9295076534","sourceType":"open_data","observedAt":"2026-09-22","confidence":"reference","buildingId":"building-1694720"},"geometry":{"type":"Point","coordinates":[139.7591239,35.6952748]}},{"type":"Feature","properties":{"id":"osm-node-3163981462","osmId":3163981462,"name":"長島書店","category":"antiquarian_bookstore","subcategory":"books","floor":null,"address":null,"era":"unknown","hours":null,"website":null,"sourceLabel":"OpenStreetMap","sourceUrl":"https://www.openstreetmap.org/node/3163981462","sourceType":"open_data","observedAt":"2026-09-22","confidence":"reference","buildingId":"building-1691139"},"geometry":{"type":"Point","coordinates":[139.756909,35.695759]}},{"type":"Feature","properties":{"id":"osm-node-4886953221","osmId":4886953221,"name":"風月洞書店","category":"antiquarian_bookstore","subcategory":"books","floor":null,"address":null,"era":"unknown","hours":null,"website":null,"sourceLabel":"OpenStreetMap","sourceUrl":"https://www.openstreetmap.org/node/4886953221","sourceType":"open_data","observedAt":"2026-09-22","confidence":"reference","buildingId":"building-1691334"},"geometry":{"type":"Point","coordinates":[139.7590796,35.6952738]}},{"type":"Feature","properties":{"id":"osm-node-3343046278","osmId":3343046278,"name":"飯島書店","category":"antiquarian_bookstore","subcategory":"books","floor":"1","address":null,"era":"unknown","hours":null,"website":null,"sourceLabel":"OpenStreetMap","sourceUrl":"https://www.openstreetmap.org/node/3343046278","sourceType":"open_data","observedAt":"2026-09-22","confidence":"reference","buildingId":"building-1691171"},"geometry":{"type":"Point","coordinates":[139.7572692,35.6957276]}},{"type":"Feature","properties":{"id":"osm-node-3343046280","osmId":3343046280,"name":"鳥海書房","category":"antiquarian_bookstore","subcategory":"books","floor":"2","address":null,"era":"unknown","hours":null,"website":null,"sourceLabel":"OpenStreetMap","sourceUrl":"https://www.openstreetmap.org/node/3343046280","sourceType":"open_data","observedAt":"2026-09-22","confidence":"reference","buildingId":"building-1694669"},"geometry":{"type":"Point","coordinates":[139.7573718,35.695733]}},{"type":"Feature","properties":{"id":"osm-node-5445799066","osmId":5445799066,"name":"B-space","category":"bookstore","subcategory":"books","floor":null,"address":null,"era":"unknown","hours":null,"website":null,"sourceLabel":"OpenStreetMap","sourceUrl":"https://www.openstreetmap.org/node/5445799066","sourceType":"open_data","observedAt":"2026-09-22","confidence":"reference","buildingId":"building-1696026"},"geometry":{"type":"Point","coordinates":[139.7598371,35.6952898]}},{"type":"Feature","properties":{"id":"osm-node-5613596243","osmId":5613596243,"name":"Nauka Japan","category":"bookstore","subcategory":"books","floor":"0","address":null,"era":"unknown","hours":null,"website":null,"sourceLabel":"OpenStreetMap","sourceUrl":"https://www.openstreetmap.org/node/5613596243","sourceType":"open_data","observedAt":"2026-09-22","confidence":"reference","buildingId":"building-1690429"},"geometry":{"type":"Point","coordinates":[139.7591665,35.6974852]}},{"type":"Feature","properties":{"id":"osm-node-12051029384","osmId":12051029384,"name":"PASSAGE SOLIDA","category":"bookstore","subcategory":"books","floor":null,"address":null,"era":"unknown","hours":"12:00-19:00","website":null,"sourceLabel":"OpenStreetMap","sourceUrl":"https://www.openstreetmap.org/node/12051029384","sourceType":"open_data","observedAt":"2026-09-22","confidence":"reference","buildingId":"building-1694653"},"geometry":{"type":"Point","coordinates":[139.7586107,35.695771]}},{"type":"Feature","properties":{"id":"osm-node-12051018767","osmId":12051018767,"name":"PASSAGE by ALL REVIEWS","category":"bookstore","subcategory":"books","floor":null,"address":null,"era":"unknown","hours":"12:00-19:00","website":null,"sourceLabel":"OpenStreetMap","sourceUrl":"https://www.openstreetmap.org/node/12051018767","sourceType":"open_data","observedAt":"2026-09-22","confidence":"reference","buildingId":"building-1694719"},"geometry":{"type":"Point","coordinates":[139.759173,35.6952713]}},{"type":"Feature","properties":{"id":"osm-node-4018929187","osmId":4018929187,"name":"magnif","category":"bookstore","subcategory":"books","floor":null,"address":null,"era":"unknown","hours":null,"website":null,"sourceLabel":"OpenStreetMap","sourceUrl":"https://www.openstreetmap.org/node/4018929187","sourceType":"open_data","observedAt":"2026-09-22","confidence":"reference","buildingId":"building-1696036"},"geometry":{"type":"Point","coordinates":[139.7597051,35.6952792]}},{"type":"Feature","properties":{"id":"osm-node-7942634252","osmId":7942634252,"name":"にほんご書店そうがく社","category":"bookstore","subcategory":"books","floor":null,"address":null,"era":"unknown","hours":null,"website":null,"sourceLabel":"OpenStreetMap","sourceUrl":"https://www.openstreetmap.org/node/7942634252","sourceType":"open_data","observedAt":"2026-09-22","confidence":"reference","buildingId":"building-1690362"},"geometry":{"type":"Point","coordinates":[139.7586338,35.6977959]}},{"type":"Feature","properties":{"id":"osm-node-1276856510","osmId":1276856510,"name":"みわ書房","category":"bookstore","subcategory":"books","floor":null,"address":null,"era":"unknown","hours":null,"website":null,"sourceLabel":"OpenStreetMap","sourceUrl":"https://www.openstreetmap.org/node/1276856510","sourceType":"open_data","observedAt":"2026-09-22","confidence":"reference","buildingId":"building-1694669"},"geometry":{"type":"Point","coordinates":[139.7573733,35.6956788]}},{"type":"Feature","properties":{"id":"osm-node-5594891738","osmId":5594891738,"name":"チェッコリ","category":"bookstore","subcategory":"korean","floor":"0","address":null,"era":"unknown","hours":"Tu-Fr 12:00-20:00; Sa 11:00-19:00; Mo,Su off","website":"https://www.chekccori.tokyo/","sourceLabel":"OpenStreetMap","sourceUrl":"https://www.openstreetmap.org/node/5594891738","sourceType":"open_data","observedAt":"2026-09-22","confidence":"reference","buildingId":"building-1694671"},"geometry":{"type":"Point","coordinates":[139.7589824,35.6957421]}},{"type":"Feature","properties":{"id":"osm-node-4018933615","osmId":4018933615,"name":"ビブリオ","category":"bookstore","subcategory":"books","floor":null,"address":null,"era":"unknown","hours":null,"website":null,"sourceLabel":"OpenStreetMap","sourceUrl":"https://www.openstreetmap.org/node/4018933615","sourceType":"open_data","observedAt":"2026-09-22","confidence":"reference","buildingId":"building-1696081"},"geometry":{"type":"Point","coordinates":[139.760288,35.694948]}},{"type":"Feature","properties":{"id":"book-house-cafe","name":"ブックハウスカフェ","aliases":["Book House Cafe"],"category":"bookstore","subcategory":"こどもの本専門店・カフェ","address":"東京都千代田区神田神保町2-5","floor":"北沢ビル1階","specialty":"絵本・児童書とカフェ、イベントスペース","website":"https://bookhousecafe.jp/","sourceLabel":"ブックハウスカフェ 公式サイト","sourceUrl":"https://bookhousecafe.jp/","sourceType":"official","confidence":"confirmed","osmId":6353835287,"era":"unknown","observedAt":"2026-09-25","buildingId":"building-1691109","description":"絵本と児童書を選べる、カフェ併設の本屋。店内では絵本の原画展やイベントも開かれ、本と絵の両方に触れられます。"},"geometry":{"type":"Point","coordinates":[139.7563166,35.6957397]}},{"type":"Feature","properties":{"id":"osm-node-3342922544","osmId":3342922544,"name":"ブックハウス神保町","category":"bookstore","subcategory":"books","floor":null,"address":null,"era":"unknown","hours":null,"website":null,"sourceLabel":"OpenStreetMap","sourceUrl":"https://www.openstreetmap.org/node/3342922544","sourceType":"open_data","observedAt":"2026-09-22","confidence":"reference","buildingId":"building-1691109"},"geometry":{"type":"Point","coordinates":[139.7562876,35.6957068]}},{"type":"Feature","properties":{"id":"osm-node-4018933612","osmId":4018933612,"name":"ロックオンキング","category":"bookstore","subcategory":"books","floor":"2","address":null,"era":"unknown","hours":null,"website":null,"sourceLabel":"OpenStreetMap","sourceUrl":"https://www.openstreetmap.org/node/4018933612","sourceType":"open_data","observedAt":"2026-09-22","confidence":"reference","buildingId":"building-1694712"},"geometry":{"type":"Point","coordinates":[139.7606069,35.6953108]}},{"type":"Feature","properties":{"id":"osm-node-10753765356","osmId":10753765356,"name":"㈱書肆秦川堂","category":"bookstore","subcategory":"books","floor":null,"address":null,"era":"unknown","hours":null,"website":null,"sourceLabel":"OpenStreetMap","sourceUrl":"https://www.openstreetmap.org/node/10753765356","sourceType":"open_data","observedAt":"2026-09-22","confidence":"reference","buildingId":"building-1694698"},"geometry":{"type":"Point","coordinates":[139.7573389,35.6953736]}},{"type":"Feature","properties":{"id":"osm-node-1634100040","osmId":1634100040,"name":"一心堂","category":"bookstore","subcategory":"books","floor":null,"address":null,"era":"unknown","hours":null,"website":null,"sourceLabel":"OpenStreetMap","sourceUrl":"https://www.openstreetmap.org/node/1634100040","sourceType":"open_data","observedAt":"2026-09-22","confidence":"reference","buildingId":"building-1695954"},"geometry":{"type":"Point","coordinates":[139.7598728,35.6958432]}},{"type":"Feature","properties":{"id":"osm-node-13744773825","osmId":13744773825,"name":"三省堂書店","category":"bookstore","subcategory":"books","floor":"0;1;2","address":"千代田区1","era":"unknown","hours":"Mo-Su 10:00-20:00","website":null,"sourceLabel":"OpenStreetMap","sourceUrl":"https://www.openstreetmap.org/node/13744773825","sourceType":"open_data","observedAt":"2026-09-22","confidence":"reference","buildingId":"building-1694660"},"geometry":{"type":"Point","coordinates":[139.7607245,35.6955431]}},{"type":"Feature","properties":{"id":"osm-node-1634100053","osmId":1634100053,"name":"三茶書房","category":"bookstore","subcategory":"books","floor":null,"address":null,"era":"unknown","hours":null,"website":null,"sourceLabel":"OpenStreetMap","sourceUrl":"https://www.openstreetmap.org/node/1634100053","sourceType":"open_data","observedAt":"2026-09-22","confidence":"reference","buildingId":"building-1694689"},"geometry":{"type":"Point","coordinates":[139.7609512,35.6955598]}},{"type":"Feature","properties":{"id":"osm-node-3343046272","osmId":3343046272,"name":"中川書店","category":"bookstore","subcategory":"books","floor":null,"address":null,"era":"unknown","hours":null,"website":null,"sourceLabel":"OpenStreetMap","sourceUrl":"https://www.openstreetmap.org/node/3343046272","sourceType":"open_data","observedAt":"2026-09-22","confidence":"reference","buildingId":"building-1691171"},"geometry":{"type":"Point","coordinates":[139.757185,35.6956844]}},{"type":"Feature","properties":{"id":"osm-node-1634100059","osmId":1634100059,"name":"八木書店","category":"bookstore","subcategory":"books","floor":"0;1;2","address":null,"era":"unknown","hours":null,"website":null,"sourceLabel":"OpenStreetMap","sourceUrl":"https://www.openstreetmap.org/node/1634100059","sourceType":"open_data","observedAt":"2026-09-22","confidence":"reference","buildingId":"building-1694659"},"geometry":{"type":"Point","coordinates":[139.760434,35.6958337]}},{"type":"Feature","properties":{"id":"uchiyama-shoten","name":"内山書店","aliases":["株式会社内山書店"],"category":"bookstore","subcategory":"中国・アジア専門書店","address":"東京都千代田区神田神保町1-15","foundedYear":1917,"jinbochoOpenedYear":1968,"specialty":"中国・香港・台湾・アジアの輸入書と関連書","website":"https://www.uchiyama-shoten.co.jp/","sourceLabel":"東京都書店商業組合「まちの本屋めぐり」","sourceUrl":"https://machihon.tokyo/bookstore/289/","sourceType":"association","confidence":"confirmed","note":"1917年は上海での創業。東京店は1935年開業、1968年に現在のすずらん通りへ移転。","osmId":6831790653,"era":"prewar","observedAt":"2026-09-25","buildingId":"building-1694722","description":"中国・香港・台湾の輸入書と、日本で刊行された中国・アジア関連書の専門店。ポップカルチャーから研究書まで扱っています。"},"geometry":{"type":"Point","coordinates":[139.7594626,35.6952444]}},{"type":"Feature","properties":{"id":"osm-node-12051018756","osmId":12051018756,"name":"十字屋書店","category":"bookstore","subcategory":"books","floor":"0","address":null,"era":"unknown","hours":null,"website":null,"sourceLabel":"OpenStreetMap","sourceUrl":"https://www.openstreetmap.org/node/12051018756","sourceType":"open_data","observedAt":"2026-09-22","confidence":"reference","buildingId":"building-1695965"},"geometry":{"type":"Point","coordinates":[139.7593918,35.6958159]}},{"type":"Feature","properties":{"id":"osm-node-3881341809","osmId":3881341809,"name":"南洋堂書店","category":"bookstore","subcategory":"books","floor":null,"address":null,"era":"unknown","hours":null,"website":null,"sourceLabel":"OpenStreetMap","sourceUrl":"https://www.openstreetmap.org/node/3881341809","sourceType":"open_data","observedAt":"2026-09-22","confidence":"reference","buildingId":"building-1694725"},"geometry":{"type":"Point","coordinates":[139.7611147,35.6951991]}},{"type":"Feature","properties":{"id":"osm-node-7124730785","osmId":7124730785,"name":"原書房","category":"bookstore","subcategory":"books","floor":null,"address":"千代田区322","era":"unknown","hours":null,"website":"https://www.harashobo.com/ukiyoe/","sourceLabel":"OpenStreetMap","sourceUrl":"https://www.openstreetmap.org/node/7124730785","sourceType":"open_data","observedAt":"2026-09-22","confidence":"reference","buildingId":"building-1691171"},"geometry":{"type":"Point","coordinates":[139.7572262,35.6957575]}},{"type":"Feature","properties":{"id":"osm-node-6768292067","osmId":6768292067,"name":"友愛書房","category":"bookstore","subcategory":"books","floor":null,"address":null,"era":"unknown","hours":null,"website":null,"sourceLabel":"OpenStreetMap","sourceUrl":"https://www.openstreetmap.org/node/6768292067","sourceType":"open_data","observedAt":"2026-09-22","confidence":"reference","buildingId":"building-1695677"},"geometry":{"type":"Point","coordinates":[139.757416,35.697848]}},{"type":"Feature","properties":{"id":"osm-node-1634100079","osmId":1634100079,"name":"大屋書房","category":"bookstore","subcategory":"books","floor":null,"address":null,"era":"unknown","hours":null,"website":null,"sourceLabel":"OpenStreetMap","sourceUrl":"https://www.openstreetmap.org/node/1634100079","sourceType":"open_data","observedAt":"2026-09-22","confidence":"reference","buildingId":"building-1694648"},"geometry":{"type":"Point","coordinates":[139.7605077,35.6958528]}},{"type":"Feature","properties":{"id":"osm-node-3163997161","osmId":3163997161,"name":"姉川書店 にゃんこ堂","category":"bookstore","subcategory":"books","floor":null,"address":null,"era":"unknown","hours":null,"website":null,"sourceLabel":"OpenStreetMap","sourceUrl":"https://www.openstreetmap.org/node/3163997161","sourceType":"open_data","observedAt":"2026-09-22","confidence":"reference","buildingId":"building-1694625"},"geometry":{"type":"Point","coordinates":[139.757846,35.696227]}},{"type":"Feature","properties":{"id":"osm-node-5463561339","osmId":5463561339,"name":"小学館ギャラリー","category":"bookstore","subcategory":"books","floor":null,"address":null,"era":"unknown","hours":null,"website":null,"sourceLabel":"OpenStreetMap","sourceUrl":"https://www.openstreetmap.org/node/5463561339","sourceType":"open_data","observedAt":"2026-09-22","confidence":"reference","buildingId":"building-1694729"},"geometry":{"type":"Point","coordinates":[139.7592695,35.6952787]}},{"type":"Feature","properties":{"id":"osm-node-5456398076","osmId":5456398076,"name":"廣文館書店","category":"bookstore","subcategory":"books","floor":"0","address":null,"era":"unknown","hours":null,"website":null,"sourceLabel":"OpenStreetMap","sourceUrl":"https://www.openstreetmap.org/node/5456398076","sourceType":"open_data","observedAt":"2026-09-22","confidence":"reference","buildingId":"building-1691112"},"geometry":{"type":"Point","coordinates":[139.7583398,35.69575]}},{"type":"Feature","properties":{"id":"osm-node-12425866016","osmId":12425866016,"name":"弘正堂図書販売","category":"bookstore","subcategory":"books","floor":null,"address":null,"era":"unknown","hours":null,"website":null,"sourceLabel":"OpenStreetMap","sourceUrl":"https://www.openstreetmap.org/node/12425866016","sourceType":"open_data","observedAt":"2026-09-22","confidence":"reference","buildingId":"building-1691514"},"geometry":{"type":"Point","coordinates":[139.7604208,35.6948331]}},{"type":"Feature","properties":{"id":"osm-node-13108052167","osmId":13108052167,"name":"慶文堂書店","category":"bookstore","subcategory":"books","floor":null,"address":null,"era":"unknown","hours":null,"website":null,"sourceLabel":"OpenStreetMap","sourceUrl":"https://www.openstreetmap.org/node/13108052167","sourceType":"open_data","observedAt":"2026-09-22","confidence":"reference","buildingId":"building-1694659"},"geometry":{"type":"Point","coordinates":[139.7603783,35.6958432]}},{"type":"Feature","properties":{"id":"osm-node-3163980561","osmId":3163980561,"name":"文華堂書店","category":"bookstore","subcategory":"books","floor":null,"address":null,"era":"unknown","hours":null,"website":null,"sourceLabel":"OpenStreetMap","sourceUrl":"https://www.openstreetmap.org/node/3163980561","sourceType":"open_data","observedAt":"2026-09-22","confidence":"reference","buildingId":"building-1691171"},"geometry":{"type":"Point","coordinates":[139.7572152,35.6956926]}},{"type":"Feature","properties":{"id":"osm-node-5875272070","osmId":5875272070,"name":"書泉","category":"bookstore","subcategory":"books","floor":null,"address":"千代田区32","era":"unknown","hours":"Mo-Fr 10:00-21:00; Sa-Su 10:00-20:00","website":"https://www.shosen.co.jp/grande/","sourceLabel":"OpenStreetMap","sourceUrl":"https://www.openstreetmap.org/node/5875272070","sourceType":"open_data","observedAt":"2026-09-22","confidence":"reference","buildingId":"building-1694674"},"geometry":{"type":"Point","coordinates":[139.7597546,35.695821]}},{"type":"Feature","properties":{"id":"osm-node-1634100102","osmId":1634100102,"name":"村山書店","category":"bookstore","subcategory":"books","floor":null,"address":null,"era":"unknown","hours":null,"website":null,"sourceLabel":"OpenStreetMap","sourceUrl":"https://www.openstreetmap.org/node/1634100102","sourceType":"open_data","observedAt":"2026-09-22","confidence":"reference","buildingId":"building-1694656"},"geometry":{"type":"Point","coordinates":[139.7600433,35.6958072]}},{"type":"Feature","properties":{"id":"osm-node-2511109406","osmId":2511109406,"name":"東京堂書店","category":"bookstore","subcategory":"books","floor":null,"address":"千代田区神田神保町17","era":"unknown","hours":null,"website":"http://www.tokyodo-web.co.jp/","sourceLabel":"OpenStreetMap","sourceUrl":"https://www.openstreetmap.org/node/2511109406","sourceType":"open_data","observedAt":"2026-09-22","confidence":"reference","buildingId":"building-1694723"},"geometry":{"type":"Point","coordinates":[139.7600131,35.695176]}},{"type":"Feature","properties":{"id":"osm-node-9065501747","osmId":9065501747,"name":"東方書店","category":"bookstore","subcategory":"books","floor":null,"address":null,"era":"unknown","hours":null,"website":null,"sourceLabel":"OpenStreetMap","sourceUrl":"https://www.openstreetmap.org/node/9065501747","sourceType":"open_data","observedAt":"2026-09-22","confidence":"reference","buildingId":"building-1691239"},"geometry":{"type":"Point","coordinates":[139.7599348,35.6954517]}},{"type":"Feature","properties":{"id":"osm-node-12425865979","osmId":12425865979,"name":"東武書籍","category":"bookstore","subcategory":"books","floor":null,"address":null,"era":"unknown","hours":null,"website":null,"sourceLabel":"OpenStreetMap","sourceUrl":"https://www.openstreetmap.org/node/12425865979","sourceType":"open_data","observedAt":"2026-09-22","confidence":"reference","buildingId":"building-1696105"},"geometry":{"type":"Point","coordinates":[139.7605351,35.694837]}},{"type":"Feature","properties":{"id":"osm-node-5614974721","osmId":5614974721,"name":"沙羅書房","category":"bookstore","subcategory":"books","floor":"0","address":"千代田区32","era":"unknown","hours":null,"website":null,"sourceLabel":"OpenStreetMap","sourceUrl":"https://www.openstreetmap.org/node/5614974721","sourceType":"open_data","observedAt":"2026-09-22","confidence":"reference","buildingId":"building-1695759"},"geometry":{"type":"Point","coordinates":[139.7584507,35.6971966]}},{"type":"Feature","properties":{"id":"osm-node-3343046276","osmId":3343046276,"name":"神保町ブックセンター","category":"bookstore","subcategory":"books","floor":null,"address":null,"era":"unknown","hours":null,"website":"https://www.jimbocho-book.jp","sourceLabel":"OpenStreetMap","sourceUrl":"https://www.openstreetmap.org/node/3343046276","sourceType":"open_data","observedAt":"2026-09-22","confidence":"reference","buildingId":"building-1691111"},"geometry":{"type":"Point","coordinates":[139.7575349,35.6957517]}},{"type":"Feature","properties":{"id":"osm-node-3881327215","osmId":3881327215,"name":"秦川堂書店","category":"bookstore","subcategory":"books","floor":null,"address":null,"era":"unknown","hours":null,"website":null,"sourceLabel":"OpenStreetMap","sourceUrl":"https://www.openstreetmap.org/node/3881327215","sourceType":"open_data","observedAt":"2026-09-22","confidence":"reference","buildingId":"building-1691081"},"geometry":{"type":"Point","coordinates":[139.7590452,35.6958106]}},{"type":"Feature","properties":{"id":"osm-node-4030794381","osmId":4030794381,"name":"秦川堂書店","category":"bookstore","subcategory":"books","floor":null,"address":null,"era":"unknown","hours":null,"website":null,"sourceLabel":"OpenStreetMap","sourceUrl":"https://www.openstreetmap.org/node/4030794381","sourceType":"open_data","observedAt":"2026-09-22","confidence":"reference","buildingId":"building-1691111"},"geometry":{"type":"Point","coordinates":[139.7575369,35.6957167]}},{"type":"Feature","properties":{"id":"osm-node-3342922554","osmId":3342922554,"name":"芳賀書店","category":"bookstore","subcategory":"books","floor":null,"address":null,"era":"unknown","hours":null,"website":null,"sourceLabel":"OpenStreetMap","sourceUrl":"https://www.openstreetmap.org/node/3342922554","sourceType":"open_data","observedAt":"2026-09-22","confidence":"reference","buildingId":"building-1691169"},"geometry":{"type":"Point","coordinates":[139.7558162,35.6957422]}},{"type":"Feature","properties":{"id":"osm-node-3343046277","osmId":3343046277,"name":"芳賀書店","category":"bookstore","subcategory":"books","floor":"7","address":null,"era":"unknown","hours":null,"website":null,"sourceLabel":"OpenStreetMap","sourceUrl":"https://www.openstreetmap.org/node/3343046277","sourceType":"open_data","observedAt":"2026-09-22","confidence":"reference","buildingId":"building-1694669"},"geometry":{"type":"Point","coordinates":[139.757374,35.6956472]}},{"type":"Feature","properties":{"id":"osm-node-4018939477","osmId":4018939477,"name":"蒐堂","category":"bookstore","subcategory":"books","floor":null,"address":null,"era":"unknown","hours":null,"website":null,"sourceLabel":"OpenStreetMap","sourceUrl":"https://www.openstreetmap.org/node/4018939477","sourceType":"open_data","observedAt":"2026-09-22","confidence":"reference","buildingId":"building-1694633"},"geometry":{"type":"Point","coordinates":[139.7588272,35.6961967]}},{"type":"Feature","properties":{"id":"osm-node-6768292056","osmId":6768292056,"name":"誠心堂書店","category":"bookstore","subcategory":"books","floor":null,"address":null,"era":"unknown","hours":null,"website":null,"sourceLabel":"OpenStreetMap","sourceUrl":"https://www.openstreetmap.org/node/6768292056","sourceType":"open_data","observedAt":"2026-09-22","confidence":"reference","buildingId":"building-1694556"},"geometry":{"type":"Point","coordinates":[139.7571287,35.6975466]}},{"type":"Feature","properties":{"id":"osm-node-13108052162","osmId":13108052162,"name":"誠心堂書店","category":"bookstore","subcategory":"books","floor":null,"address":null,"era":"unknown","hours":null,"website":null,"sourceLabel":"OpenStreetMap","sourceUrl":"https://www.openstreetmap.org/node/13108052162","sourceType":"open_data","observedAt":"2026-09-22","confidence":"reference","buildingId":"building-1690422"},"geometry":{"type":"Point","coordinates":[139.7570883,35.6976241]}},{"type":"Feature","properties":{"id":"osm-node-1635037312","osmId":1635037312,"name":"軍学堂","category":"bookstore","subcategory":"books","floor":"1","address":null,"era":"unknown","hours":null,"website":null,"sourceLabel":"OpenStreetMap","sourceUrl":"https://www.openstreetmap.org/node/1635037312","sourceType":"open_data","observedAt":"2026-09-22","confidence":"reference","buildingId":"building-1695990"},"geometry":{"type":"Point","coordinates":[139.7609792,35.6955227]}},{"type":"Feature","properties":{"id":"osm-node-12455450511","osmId":12455450511,"name":"BRITANNIA TEA","category":"cafe","subcategory":"cafe","floor":"0;0;1;3","address":null,"era":"unknown","hours":null,"website":null,"sourceLabel":"OpenStreetMap","sourceUrl":"https://www.openstreetmap.org/node/12455450511","sourceType":"open_data","observedAt":"2026-09-22","confidence":"reference","buildingId":"building-1694647"},"geometry":{"type":"Point","coordinates":[139.7605709,35.6958222]}},{"type":"Feature","properties":{"id":"osm-node-5445799075","osmId":5445799075,"name":"Cafe Bar Karakorum","category":"cafe","subcategory":"cafe","floor":null,"address":null,"era":"unknown","hours":null,"website":null,"sourceLabel":"OpenStreetMap","sourceUrl":"https://www.openstreetmap.org/node/5445799075","sourceType":"open_data","observedAt":"2026-09-22","confidence":"reference","buildingId":"building-1698282"},"geometry":{"type":"Point","coordinates":[139.7593664,35.6944447]}},{"type":"Feature","properties":{"id":"osm-node-5594891739","osmId":5594891739,"name":"Cafe Klein Blue","category":"cafe","subcategory":"cafe","floor":"1","address":null,"era":"unknown","hours":null,"website":null,"sourceLabel":"OpenStreetMap","sourceUrl":"https://www.openstreetmap.org/node/5594891739","sourceType":"open_data","observedAt":"2026-09-22","confidence":"reference","buildingId":"building-1694671"},"geometry":{"type":"Point","coordinates":[139.7589811,35.695766]}},{"type":"Feature","properties":{"id":"osm-node-7922902161","osmId":7922902161,"name":"Coffee House due","category":"cafe","subcategory":"cafe","floor":null,"address":null,"era":"unknown","hours":null,"website":null,"sourceLabel":"OpenStreetMap","sourceUrl":"https://www.openstreetmap.org/node/7922902161","sourceType":"open_data","observedAt":"2026-09-22","confidence":"reference","buildingId":"building-1695987"},"geometry":{"type":"Point","coordinates":[139.7542217,35.695656]}},{"type":"Feature","properties":{"id":"osm-node-13739213761","osmId":13739213761,"name":"Jazz Big Boy","category":"cafe","subcategory":"cafe","floor":null,"address":null,"era":"unknown","hours":null,"website":"https://jazzbigboy.sakura.ne.jp/","sourceLabel":"OpenStreetMap","sourceUrl":"https://www.openstreetmap.org/node/13739213761","sourceType":"open_data","observedAt":"2026-09-22","confidence":"reference","buildingId":"building-1691173"},"geometry":{"type":"Point","coordinates":[139.7583917,35.6954866]}},{"type":"Feature","properties":{"id":"osm-node-13848544782","osmId":13848544782,"name":"Jazz INCUS Coffee","category":"cafe","subcategory":"cafe","floor":null,"address":null,"era":"unknown","hours":null,"website":"https://cafeincus.buyshop.jp/","sourceLabel":"OpenStreetMap","sourceUrl":"https://www.openstreetmap.org/node/13848544782","sourceType":"open_data","observedAt":"2026-09-22","confidence":"reference","buildingId":"building-1694655"},"geometry":{"type":"Point","coordinates":[139.7601465,35.6958167]}},{"type":"Feature","properties":{"id":"osm-node-13744846710","osmId":13744846710,"name":"Kissako","category":"cafe","subcategory":"cafe","floor":null,"address":null,"era":"unknown","hours":null,"website":null,"sourceLabel":"OpenStreetMap","sourceUrl":"https://www.openstreetmap.org/node/13744846710","sourceType":"open_data","observedAt":"2026-09-22","confidence":"reference","buildingId":"building-1694556"},"geometry":{"type":"Point","coordinates":[139.7571619,35.6975771]}},{"type":"Feature","properties":{"id":"osm-node-12051018762","osmId":12051018762,"name":"PASSAGE bis!","category":"cafe","subcategory":"cafe","floor":"2","address":null,"era":"unknown","hours":"12:00-19:00","website":null,"sourceLabel":"OpenStreetMap","sourceUrl":"https://www.openstreetmap.org/node/12051018762","sourceType":"open_data","observedAt":"2026-09-22","confidence":"reference","buildingId":"building-1694719"},"geometry":{"type":"Point","coordinates":[139.759175,35.6952472]}},{"type":"Feature","properties":{"id":"osm-node-2317100893","osmId":2317100893,"name":"PRONTO","category":"cafe","subcategory":"coffee_shop","floor":"0","address":null,"era":"unknown","hours":null,"website":"https://www.pronto.co.jp/","sourceLabel":"OpenStreetMap","sourceUrl":"https://www.openstreetmap.org/node/2317100893","sourceType":"open_data","observedAt":"2026-09-22","confidence":"reference","buildingId":"building-1691162"},"geometry":{"type":"Point","coordinates":[139.7532512,35.69547]}},{"type":"Feature","properties":{"id":"osm-node-2511109303","osmId":2511109303,"name":"PaperBackCafe","category":"cafe","subcategory":"cafe","floor":null,"address":null,"era":"unknown","hours":null,"website":null,"sourceLabel":"OpenStreetMap","sourceUrl":"https://www.openstreetmap.org/node/2511109303","sourceType":"open_data","observedAt":"2026-09-22","confidence":"reference","buildingId":"building-1694723"},"geometry":{"type":"Point","coordinates":[139.7599198,35.6952612]}},{"type":"Feature","properties":{"id":"osm-node-11328955209","osmId":11328955209,"name":"Pharos","category":"cafe","subcategory":"cafe","floor":"0","address":null,"era":"unknown","hours":null,"website":null,"sourceLabel":"OpenStreetMap","sourceUrl":"https://www.openstreetmap.org/node/11328955209","sourceType":"open_data","observedAt":"2026-09-22","confidence":"reference","buildingId":"building-1691426"},"geometry":{"type":"Point","coordinates":[139.760539,35.6949668]}},{"type":"Feature","properties":{"id":"osm-node-13083963801","osmId":13083963801,"name":"Sendai Kaffee","category":"cafe","subcategory":"cafe","floor":null,"address":null,"era":"unknown","hours":null,"website":null,"sourceLabel":"OpenStreetMap","sourceUrl":"https://www.openstreetmap.org/node/13083963801","sourceType":"open_data","observedAt":"2026-09-22","confidence":"reference","buildingId":"building-1692867"},"geometry":{"type":"Point","coordinates":[139.753348,35.6960988]}},{"type":"Feature","properties":{"id":"osm-node-1634099726","osmId":1634099726,"name":"TAM TAM","category":"cafe","subcategory":"cafe","floor":null,"address":null,"era":"unknown","hours":null,"website":null,"sourceLabel":"OpenStreetMap","sourceUrl":"https://www.openstreetmap.org/node/1634099726","sourceType":"open_data","observedAt":"2026-09-22","confidence":"reference","buildingId":"building-1695964"},"geometry":{"type":"Point","coordinates":[139.7587331,35.6956743]}},{"type":"Feature","properties":{"id":"osm-node-5252152108","osmId":5252152108,"name":"avocafe","category":"cafe","subcategory":"cafe","floor":null,"address":null,"era":"unknown","hours":null,"website":null,"sourceLabel":"OpenStreetMap","sourceUrl":"https://www.openstreetmap.org/node/5252152108","sourceType":"open_data","observedAt":"2026-09-22","confidence":"reference","buildingId":"building-1694598"},"geometry":{"type":"Point","coordinates":[139.7599346,35.6965159]}},{"type":"Feature","properties":{"id":"sabouru","name":"さぼうる","aliases":["サボウル","Sabouru"],"category":"cafe","subcategory":"純喫茶","address":"東京都千代田区神田神保町1-11","foundedYear":1955,"specialty":"純喫茶、クリームソーダ、軽食","sourceLabel":"千代田区観光協会「さぼうる」","sourceUrl":"https://visit-chiyoda.tokyo/app/spot/detail/482","sourceType":"association","confidence":"confirmed","notableReason":"千代田区観光協会公式サイト掲載","osmId":1634099746,"era":"1945-1969","observedAt":"2026-09-25","buildingId":"building-1694686","description":"色を選べるクリームソーダやいちごジュースがある喫茶店。サンドイッチやピザトーストもあり、地下と小上がりを含む3フロアの店内が特徴です。","descriptionSourceLabel":"千代田区観光協会「写真映えスポット7選」さぼうる","descriptionSourceUrl":"https://visit-chiyoda.tokyo/app/feature/detail/149"},"geometry":{"type":"Point","coordinates":[139.7586758,35.6955733]}},{"type":"Feature","properties":{"id":"osm-node-1634099739","osmId":1634099739,"name":"さぼうる2","category":"cafe","subcategory":"cafe","floor":null,"address":null,"era":"unknown","hours":"Mo-Sa 09:00-22:00","website":null,"sourceLabel":"OpenStreetMap","sourceUrl":"https://www.openstreetmap.org/node/1634099739","sourceType":"open_data","observedAt":"2026-09-22","confidence":"reference","buildingId":"building-1694685"},"geometry":{"type":"Point","coordinates":[139.758563,35.6955716]}},{"type":"Feature","properties":{"id":"osm-node-4027548389","osmId":4027548389,"name":"らくごカフェ","category":"cafe","subcategory":"cafe","floor":null,"address":null,"era":"unknown","hours":null,"website":null,"sourceLabel":"OpenStreetMap","sourceUrl":"https://www.openstreetmap.org/node/4027548389","sourceType":"open_data","observedAt":"2026-09-22","confidence":"reference","buildingId":"building-1694669"},"geometry":{"type":"Point","coordinates":[139.7573744,35.6956151]}},{"type":"Feature","properties":{"id":"osm-node-13844005501","osmId":13844005501,"name":"アソビ Cafe - Game Cafe & Bar","category":"cafe","subcategory":"cafe","floor":null,"address":null,"era":"unknown","hours":null,"website":null,"sourceLabel":"OpenStreetMap","sourceUrl":"https://www.openstreetmap.org/node/13844005501","sourceType":"open_data","observedAt":"2026-09-22","confidence":"reference","buildingId":"building-1690522"},"geometry":{"type":"Point","coordinates":[139.7579573,35.6973212]}},{"type":"Feature","properties":{"id":"osm-node-13739236972","osmId":13739236972,"name":"アディロンダックカフェ","category":"cafe","subcategory":"cafe","floor":null,"address":null,"era":"unknown","hours":null,"website":"http://www.sango.sakura.ne.jp/~akira_n/cafe/adirondack.html","sourceLabel":"OpenStreetMap","sourceUrl":"https://www.openstreetmap.org/node/13739236972","sourceType":"open_data","observedAt":"2026-09-22","confidence":"reference","buildingId":"building-1690781"},"geometry":{"type":"Point","coordinates":[139.7600493,35.6964527]}},{"type":"Feature","properties":{"id":"osm-node-13192415501","osmId":13192415501,"name":"アルフィーネ","category":"cafe","subcategory":"cafe","floor":null,"address":null,"era":"unknown","hours":"Mo-Tu, Th-Sa 11:00-18:00","website":null,"sourceLabel":"OpenStreetMap","sourceUrl":"https://www.openstreetmap.org/node/13192415501","sourceType":"open_data","observedAt":"2026-09-22","confidence":"reference","buildingId":"building-1697258"},"geometry":{"type":"Point","coordinates":[139.7550353,35.695518]}},{"type":"Feature","properties":{"id":"osm-node-14019482401","osmId":14019482401,"name":"オトナリ珈琲","category":"cafe","subcategory":"coffee_shop","floor":null,"address":null,"era":"unknown","hours":null,"website":null,"sourceLabel":"OpenStreetMap","sourceUrl":"https://www.openstreetmap.org/node/14019482401","sourceType":"open_data","observedAt":"2026-09-22","confidence":"reference","buildingId":"building-1699050"},"geometry":{"type":"Point","coordinates":[139.7566151,35.698214]}},{"type":"Feature","properties":{"id":"osm-node-3163990965","osmId":3163990965,"name":"カフェ・ベローチェ","category":"cafe","subcategory":"coffee_shop","floor":"0","address":"千代田区8","era":"unknown","hours":"Mo-Fr 06:45-23:00; Sa,Su,PH 07:00-23:00","website":"https://chatnoir-company.com/chatnoir/html/brand/brand_veloce.html","sourceLabel":"OpenStreetMap","sourceUrl":"https://www.openstreetmap.org/node/3163990965","sourceType":"open_data","observedAt":"2026-09-22","confidence":"reference","buildingId":"building-1694620"},"geometry":{"type":"Point","coordinates":[139.759061,35.696311]}},{"type":"Feature","properties":{"id":"osm-node-7899253261","osmId":7899253261,"name":"キャンパス","category":"cafe","subcategory":"cafe","floor":null,"address":null,"era":"unknown","hours":null,"website":null,"sourceLabel":"OpenStreetMap","sourceUrl":"https://www.openstreetmap.org/node/7899253261","sourceType":"open_data","observedAt":"2026-09-22","confidence":"reference","buildingId":"building-1690909"},"geometry":{"type":"Point","coordinates":[139.7559898,35.696542]}},{"type":"Feature","properties":{"id":"osm-node-2511109592","osmId":2511109592,"name":"サンマルクカフェ","category":"cafe","subcategory":"coffee_shop","floor":null,"address":"千代田区51","era":"unknown","hours":"Mo-Su 07:00-22:00","website":"http://www.saint-marc-hd.com/cafe/","sourceLabel":"OpenStreetMap","sourceUrl":"https://www.openstreetmap.org/node/2511109592","sourceType":"open_data","observedAt":"2026-09-22","confidence":"reference","buildingId":"building-1691207"},"geometry":{"type":"Point","coordinates":[139.759524,35.695434]}},{"type":"Feature","properties":{"id":"osm-node-3626203879","osmId":3626203879,"name":"タリーズコーヒー","category":"cafe","subcategory":"coffee_shop","floor":null,"address":"千代田区105","era":"unknown","hours":"Mo-Fr 07:30-20:00; Sa,Su,PH 08:00-19:00","website":"https://www.tullys.co.jp/","sourceLabel":"OpenStreetMap","sourceUrl":"https://www.openstreetmap.org/node/3626203879","sourceType":"open_data","observedAt":"2026-09-22","confidence":"reference","buildingId":"building-1691622"},"geometry":{"type":"Point","coordinates":[139.7607408,35.6942382]}},{"type":"Feature","properties":{"id":"osm-node-3626212560","osmId":3626212560,"name":"タリーズコーヒー","category":"cafe","subcategory":"coffee_shop","floor":null,"address":"千代田区7","era":"unknown","hours":"Mo-Fr 07:00-21:00; Sa 08:00-20:00; Su,PH 09:00-19:00","website":"https://www.tullys.co.jp/","sourceLabel":"OpenStreetMap","sourceUrl":"https://www.openstreetmap.org/node/3626212560","sourceType":"open_data","observedAt":"2026-09-22","confidence":"reference","buildingId":"building-1691170"},"geometry":{"type":"Point","coordinates":[139.7557951,35.6955411]}},{"type":"Feature","properties":{"id":"osm-node-2505682007","osmId":2505682007,"name":"ドトールコーヒーショップ","category":"cafe","subcategory":"coffee_shop","floor":null,"address":"千代田区101","era":"unknown","hours":"Mo-Fr 07:00-22:00; Sa,Su,PH 08:00-20:00","website":"https://www.doutor.co.jp/dcs/","sourceLabel":"OpenStreetMap","sourceUrl":"https://www.openstreetmap.org/node/2505682007","sourceType":"open_data","observedAt":"2026-09-22","confidence":"reference","buildingId":"building-1690952"},"geometry":{"type":"Point","coordinates":[139.7584856,35.696155]}},{"type":"Feature","properties":{"id":"osm-node-2511109252","osmId":2511109252,"name":"ドトールコーヒーショップ","category":"cafe","subcategory":"coffee_shop","floor":null,"address":"千代田区17","era":"unknown","hours":"Mo-Fr 07:00-21:00; Sa 08:00-20:00; Su,PH 09:00-19:00","website":"https://www.doutor.co.jp/dcs/","sourceLabel":"OpenStreetMap","sourceUrl":"https://www.openstreetmap.org/node/2511109252","sourceType":"open_data","observedAt":"2026-09-22","confidence":"reference","buildingId":"building-1694710"},"geometry":{"type":"Point","coordinates":[139.76013,35.695295]}},{"type":"Feature","properties":{"id":"osm-node-3632293538","osmId":3632293538,"name":"ドトールコーヒーショップ","category":"cafe","subcategory":"coffee_shop","floor":"0","address":"千代田区17","era":"unknown","hours":"Mo-Fr 07:30-20:00; PH,Sa09:00-18:00, Su closed","website":"https://www.doutor.co.jp/dcs/","sourceLabel":"OpenStreetMap","sourceUrl":"https://www.openstreetmap.org/node/3632293538","sourceType":"open_data","observedAt":"2026-09-22","confidence":"reference","buildingId":"building-1691418"},"geometry":{"type":"Point","coordinates":[139.7580429,35.6950041]}},{"type":"Feature","properties":{"id":"osm-node-3632300630","osmId":3632300630,"name":"ドトールコーヒーショップ","category":"cafe","subcategory":"coffee_shop","floor":null,"address":"千代田区144","era":"unknown","hours":"Mo-Fr 07:30-20:30; Sa-Su,PH 08:00-20:00","website":"https://www.doutor.co.jp/dcs/","sourceLabel":"OpenStreetMap","sourceUrl":"https://www.openstreetmap.org/node/3632300630","sourceType":"open_data","observedAt":"2026-09-22","confidence":"reference","buildingId":"building-1694575"},"geometry":{"type":"Point","coordinates":[139.7574698,35.6969198]}},{"type":"Feature","properties":{"id":"osm-node-3632301439","osmId":3632301439,"name":"ドトールコーヒーショップ","category":"cafe","subcategory":"coffee_shop","floor":null,"address":"千代田区2","era":"unknown","hours":"Mo-Fr 07:30-19:30; Sa 08:00-18:00; Su,PH off","website":"https://www.doutor.co.jp/dcs/","sourceLabel":"OpenStreetMap","sourceUrl":"https://www.openstreetmap.org/node/3632301439","sourceType":"open_data","observedAt":"2026-09-22","confidence":"reference","buildingId":"building-1694642"},"geometry":{"type":"Point","coordinates":[139.7549283,35.6960385]}},{"type":"Feature","properties":{"id":"osm-node-10743318078","osmId":10743318078,"name":"ブリュッケ","category":"cafe","subcategory":"cafe","floor":null,"address":null,"era":"unknown","hours":null,"website":null,"sourceLabel":"OpenStreetMap","sourceUrl":"https://www.openstreetmap.org/node/10743318078","sourceType":"open_data","observedAt":"2026-09-22","confidence":"reference","buildingId":"building-1698109"},"geometry":{"type":"Point","coordinates":[139.7590922,35.697278]}},{"type":"Feature","properties":{"id":"milonga-nueva","name":"ミロンガ ヌオーバ","aliases":["ミロンガ","ミロンガ・ヌォーバ","Milonga Nueva"],"category":"cafe","subcategory":"タンゴ喫茶","address":"東京都千代田区神田神保町1-3-3","foundedYear":1953,"specialty":"アルゼンチン・タンゴ、炭火焙煎珈琲、世界のビール","sourceLabel":"千代田区観光協会「ミロンガ ヌオーバ」","sourceUrl":"https://visit-chiyoda.tokyo/app/spot/detail/882","sourceType":"association","confidence":"confirmed","notableReason":"千代田区観光協会公式サイト掲載","osmId":13000949507,"era":"1945-1969","observedAt":"2026-09-25","buildingId":"building-1695978","description":"アルゼンチン・タンゴを聴きながら過ごせる喫茶店。炭火焙煎の豆を一杯ずつハンドドリップする珈琲や、世界のビールを楽しめます。"},"geometry":{"type":"Point","coordinates":[139.7597011,35.695613]}},{"type":"Feature","properties":{"id":"ladrio","name":"ラドリオ","aliases":["LADRIO"],"category":"cafe","subcategory":"喫茶店","address":"東京都千代田区神田神保町1-3","foundedYear":1949,"specialty":"シャンソンとジャズ、ウィンナー・コーヒー","sourceLabel":"千代田区観光協会「ラドリオ」","sourceUrl":"https://visit-chiyoda.tokyo/app/spot/detail/320","sourceType":"association","confidence":"confirmed","notableReason":"千代田区観光協会公式サイト掲載","osmId":4018935292,"era":"1945-1969","observedAt":"2026-09-25","buildingId":"building-1695978","description":"生クリームをのせたウィンナー・コーヒーが名物の喫茶店。シャンソンやジャズが流れ、夕方からはお酒も楽しめます。"},"geometry":{"type":"Point","coordinates":[139.7598036,35.6956566]}},{"type":"Feature","properties":{"id":"osm-node-7215839946","osmId":7215839946,"name":"古瀬戸","category":"cafe","subcategory":"cafe","floor":"0","address":null,"era":"unknown","hours":null,"website":null,"sourceLabel":"OpenStreetMap","sourceUrl":"https://www.openstreetmap.org/node/7215839946","sourceType":"open_data","observedAt":"2026-09-22","confidence":"reference","buildingId":"building-1691082"},"geometry":{"type":"Point","coordinates":[139.7594151,35.6956365]}},{"type":"Feature","properties":{"id":"osm-node-12051029379","osmId":12051029379,"name":"古瀬戸","category":"cafe","subcategory":"cafe","floor":"0","address":null,"era":"unknown","hours":"10:00-20:00","website":null,"sourceLabel":"OpenStreetMap","sourceUrl":"https://www.openstreetmap.org/node/12051029379","sourceType":"open_data","observedAt":"2026-09-22","confidence":"reference","buildingId":"building-1691082"},"geometry":{"type":"Point","coordinates":[139.7593579,35.6957906]}},{"type":"Feature","properties":{"id":"osm-node-3343070906","osmId":3343070906,"name":"壹眞珈琲店","category":"cafe","subcategory":"cafe","floor":"-1","address":null,"era":"unknown","hours":null,"website":null,"sourceLabel":"OpenStreetMap","sourceUrl":"https://www.openstreetmap.org/node/3343070906","sourceType":"open_data","observedAt":"2026-09-22","confidence":"reference","buildingId":"building-1694633"},"geometry":{"type":"Point","coordinates":[139.758808,35.6961826]}},{"type":"Feature","properties":{"id":"osm-node-7923010312","osmId":7923010312,"name":"大丸やき茶房","category":"cafe","subcategory":"cafe","floor":"0","address":null,"era":"unknown","hours":null,"website":null,"sourceLabel":"OpenStreetMap","sourceUrl":"https://www.openstreetmap.org/node/7923010312","sourceType":"open_data","observedAt":"2026-09-22","confidence":"reference","buildingId":"building-1696011"},"geometry":{"type":"Point","coordinates":[139.7560203,35.6953336]}},{"type":"Feature","properties":{"id":"osm-node-3606951990","osmId":3606951990,"name":"珈琲エリカ","category":"cafe","subcategory":"cafe","floor":null,"address":"千代田区32","era":"unknown","hours":null,"website":null,"sourceLabel":"OpenStreetMap","sourceUrl":"https://www.openstreetmap.org/node/3606951990","sourceType":"open_data","observedAt":"2026-09-22","confidence":"reference","buildingId":"building-1695748"},"geometry":{"type":"Point","coordinates":[139.7585532,35.6972221]}},{"type":"Feature","properties":{"id":"osm-node-3244179961","osmId":3244179961,"name":"珈琲館","category":"cafe","subcategory":"coffee_shop","floor":null,"address":null,"era":"unknown","hours":"Mo-Fr 07:30-22:00; Sa,Su,PH 08:00-20:00","website":null,"sourceLabel":"OpenStreetMap","sourceUrl":"https://www.openstreetmap.org/node/3244179961","sourceType":"open_data","observedAt":"2026-09-22","confidence":"reference","buildingId":"building-1695977"},"geometry":{"type":"Point","coordinates":[139.755041,35.695677]}},{"type":"Feature","properties":{"id":"osm-node-6299113696","osmId":6299113696,"name":"神田伯剌西爾","category":"cafe","subcategory":"coffee_shop;cake","floor":null,"address":null,"era":"unknown","hours":"Mo-Sa 11:00-21:00; Su 11:00-19:00","website":null,"sourceLabel":"OpenStreetMap","sourceUrl":"https://www.openstreetmap.org/node/6299113696","sourceType":"open_data","observedAt":"2026-09-22","confidence":"reference","buildingId":"building-1694682"},"geometry":{"type":"Point","coordinates":[139.7595676,35.6957714]}},{"type":"Feature","properties":{"id":"osm-node-4018914746","osmId":4018914746,"name":"茶房きゃんどる","category":"cafe","subcategory":"cafe","floor":null,"address":null,"era":"unknown","hours":null,"website":null,"sourceLabel":"OpenStreetMap","sourceUrl":"https://www.openstreetmap.org/node/4018914746","sourceType":"open_data","observedAt":"2026-09-22","confidence":"reference","buildingId":"building-1698282"},"geometry":{"type":"Point","coordinates":[139.7592189,35.6943072]}},{"type":"Feature","properties":{"id":"osm-node-13937740701","osmId":13937740701,"name":"襤褸","category":"cafe","subcategory":"coffee_shop","floor":null,"address":null,"era":"unknown","hours":null,"website":null,"sourceLabel":"OpenStreetMap","sourceUrl":"https://www.openstreetmap.org/node/13937740701","sourceType":"open_data","observedAt":"2026-09-22","confidence":"reference","buildingId":"building-1695966"},"geometry":{"type":"Point","coordinates":[139.7598839,35.6956992]}},{"type":"Feature","properties":{"id":"osm-node-6896063116","osmId":6896063116,"name":"青海珈琲","category":"cafe","subcategory":"cafe","floor":"0","address":null,"era":"unknown","hours":null,"website":null,"sourceLabel":"OpenStreetMap","sourceUrl":"https://www.openstreetmap.org/node/6896063116","sourceType":"open_data","observedAt":"2026-09-22","confidence":"reference","buildingId":"building-1690491"},"geometry":{"type":"Point","coordinates":[139.7593596,35.6973881]}},{"type":"Feature","properties":{"id":"osm-node-5445799065","osmId":5445799065,"name":"Gallery Hinoki","category":"culture","subcategory":null,"floor":null,"address":null,"era":"unknown","hours":null,"website":null,"sourceLabel":"OpenStreetMap","sourceUrl":"https://www.openstreetmap.org/node/5445799065","sourceType":"open_data","observedAt":"2026-09-22","confidence":"reference","buildingId":"building-1696036"},"geometry":{"type":"Point","coordinates":[139.7597075,35.6952821]}},{"type":"Feature","properties":{"id":"osm-node-5254061967","osmId":5254061967,"name":"三田アート画廊","category":"culture","subcategory":"arts_centre","floor":"3","address":null,"era":"unknown","hours":null,"website":null,"sourceLabel":"OpenStreetMap","sourceUrl":"https://www.openstreetmap.org/node/5254061967","sourceType":"open_data","observedAt":"2026-09-22","confidence":"reference","buildingId":"building-1690952"},"geometry":{"type":"Point","coordinates":[139.7584963,35.6962088]}},{"type":"Feature","properties":{"id":"osm-node-10049569324","osmId":10049569324,"name":"恵比寿堂ギャラリー","category":"culture","subcategory":null,"floor":null,"address":null,"era":"unknown","hours":null,"website":"http://ebisu-do.com","sourceLabel":"OpenStreetMap","sourceUrl":"https://www.openstreetmap.org/node/10049569324","sourceType":"open_data","observedAt":"2026-09-22","confidence":"reference","buildingId":"building-1691112"},"geometry":{"type":"Point","coordinates":[139.7584412,35.6957884]}},{"type":"Feature","properties":{"id":"osm-node-3762241704","osmId":3762241704,"name":"神保町シアター","category":"culture","subcategory":"cinema","floor":null,"address":null,"era":"unknown","hours":null,"website":"https://www.shogakukan.co.jp/jinbocho-theater/","sourceLabel":"OpenStreetMap","sourceUrl":"https://www.openstreetmap.org/node/3762241704","sourceType":"open_data","observedAt":"2026-09-22","confidence":"reference","buildingId":"building-1688762"},"geometry":{"type":"Point","coordinates":[139.7608196,35.6950264]}},{"type":"Feature","properties":{"id":"osm-way-372670125","osmId":372670125,"name":"共立女子短期大学","category":"education","subcategory":"college","floor":null,"address":null,"era":"unknown","hours":null,"website":null,"sourceLabel":"OpenStreetMap","sourceUrl":"https://www.openstreetmap.org/way/372670125","sourceType":"open_data","observedAt":"2026-09-22","confidence":"reference","buildingId":"building-1688632"},"geometry":{"type":"Point","coordinates":[139.75495074419769,35.69451204834061]}},{"type":"Feature","properties":{"id":"osm-node-6768292063","osmId":6768292063,"name":"日本ウェルネス保育専門学校","category":"education","subcategory":"college","floor":null,"address":null,"era":"unknown","hours":null,"website":null,"sourceLabel":"OpenStreetMap","sourceUrl":"https://www.openstreetmap.org/node/6768292063","sourceType":"open_data","observedAt":"2026-09-22","confidence":"reference","buildingId":"building-1688532"},"geometry":{"type":"Point","coordinates":[139.7573052,35.6980046]}},{"type":"Feature","properties":{"id":"osm-node-3342922550","osmId":3342922550,"name":"日本工業大学","category":"education","subcategory":"university","floor":null,"address":null,"era":"unknown","hours":null,"website":null,"sourceLabel":"OpenStreetMap","sourceUrl":"https://www.openstreetmap.org/node/3342922550","sourceType":"open_data","observedAt":"2026-09-22","confidence":"reference","buildingId":"building-1688625"},"geometry":{"type":"Point","coordinates":[139.7566685,35.6957405]}},{"type":"Feature","properties":{"id":"osm-node-3888589355","osmId":3888589355,"name":"ANGOLO","category":"restaurant","subcategory":"italian","floor":null,"address":"千代田区422","era":"unknown","hours":null,"website":null,"sourceLabel":"OpenStreetMap","sourceUrl":"https://www.openstreetmap.org/node/3888589355","sourceType":"open_data","observedAt":"2026-09-22","confidence":"reference","buildingId":"building-1690423"},"geometry":{"type":"Point","coordinates":[139.7575504,35.6975224]}},{"type":"Feature","properties":{"id":"osm-node-5463561348","osmId":5463561348,"name":"Alcázar","category":"restaurant","subcategory":"steak_house","floor":"-1","address":null,"era":"unknown","hours":null,"website":null,"sourceLabel":"OpenStreetMap","sourceUrl":"https://www.openstreetmap.org/node/5463561348","sourceType":"open_data","observedAt":"2026-09-22","confidence":"reference","buildingId":"building-1691236"},"geometry":{"type":"Point","coordinates":[139.7588501,35.6954074]}},{"type":"Feature","properties":{"id":"osm-node-7899874353","osmId":7899874353,"name":"B queen","category":"restaurant","subcategory":"bar","floor":null,"address":null,"era":"unknown","hours":null,"website":null,"sourceLabel":"OpenStreetMap","sourceUrl":"https://www.openstreetmap.org/node/7899874353","sourceType":"open_data","observedAt":"2026-09-22","confidence":"reference","buildingId":"building-1691293"},"geometry":{"type":"Point","coordinates":[139.757683,35.6951833]}},{"type":"Feature","properties":{"id":"osm-node-13086510101","osmId":13086510101,"name":"Bar 37°C","category":"restaurant","subcategory":"bar","floor":null,"address":null,"era":"unknown","hours":null,"website":null,"sourceLabel":"OpenStreetMap","sourceUrl":"https://www.openstreetmap.org/node/13086510101","sourceType":"open_data","observedAt":"2026-09-22","confidence":"reference","buildingId":"building-1694643"},"geometry":{"type":"Point","coordinates":[139.7562369,35.6960533]}},{"type":"Feature","properties":{"id":"osm-node-5388406300","osmId":5388406300,"name":"Beer Pub 8taps","category":"restaurant","subcategory":"pub","floor":"0","address":null,"era":"unknown","hours":null,"website":null,"sourceLabel":"OpenStreetMap","sourceUrl":"https://www.openstreetmap.org/node/5388406300","sourceType":"open_data","observedAt":"2026-09-22","confidence":"reference","buildingId":"building-1690746"},"geometry":{"type":"Point","coordinates":[139.7596167,35.6962226]}},{"type":"Feature","properties":{"id":"osm-node-6187350565","osmId":6187350565,"name":"Bettola Sanbal","category":"restaurant","subcategory":"restaurant","floor":null,"address":null,"era":"unknown","hours":null,"website":null,"sourceLabel":"OpenStreetMap","sourceUrl":"https://www.openstreetmap.org/node/6187350565","sourceType":"open_data","observedAt":"2026-09-22","confidence":"reference","buildingId":"building-1691622"},"geometry":{"type":"Point","coordinates":[139.7602257,35.6944509]}},{"type":"Feature","properties":{"id":"osm-node-5463561338","osmId":5463561338,"name":"Bistro Liberté","category":"restaurant","subcategory":"french","floor":null,"address":null,"era":"unknown","hours":null,"website":null,"sourceLabel":"OpenStreetMap","sourceUrl":"https://www.openstreetmap.org/node/5463561338","sourceType":"open_data","observedAt":"2026-09-22","confidence":"reference","buildingId":"building-1691174"},"geometry":{"type":"Point","coordinates":[139.7591481,35.6954179]}},{"type":"Feature","properties":{"id":"osm-node-13086509501","osmId":13086509501,"name":"Bánh Mì Sandwich Tokyo","category":"restaurant","subcategory":"vietnamese","floor":null,"address":null,"era":"unknown","hours":null,"website":null,"sourceLabel":"OpenStreetMap","sourceUrl":"https://www.openstreetmap.org/node/13086509501","sourceType":"open_data","observedAt":"2026-09-22","confidence":"reference","buildingId":"building-1695921"},"geometry":{"type":"Point","coordinates":[139.7562816,35.6960627]}},{"type":"Feature","properties":{"id":"osm-node-3606951975","osmId":3606951975,"name":"Ceppo","category":"restaurant","subcategory":"italian;french","floor":null,"address":null,"era":"unknown","hours":null,"website":"http://ceppo.jp/","sourceLabel":"OpenStreetMap","sourceUrl":"https://www.openstreetmap.org/node/3606951975","sourceType":"open_data","observedAt":"2026-09-22","confidence":"reference","buildingId":"building-1695780"},"geometry":{"type":"Point","coordinates":[139.7591373,35.6969459]}},{"type":"Feature","properties":{"id":"osm-node-7899845541","osmId":7899845541,"name":"Chaton","category":"restaurant","subcategory":"restaurant","floor":null,"address":null,"era":"unknown","hours":null,"website":null,"sourceLabel":"OpenStreetMap","sourceUrl":"https://www.openstreetmap.org/node/7899845541","sourceType":"open_data","observedAt":"2026-09-22","confidence":"reference","buildingId":"building-1695828"},"geometry":{"type":"Point","coordinates":[139.7568159,35.696548]}},{"type":"Feature","properties":{"id":"osm-node-5445799072","osmId":5445799072,"name":"Chef's table Remare","category":"restaurant","subcategory":"bar","floor":null,"address":null,"era":"unknown","hours":null,"website":null,"sourceLabel":"OpenStreetMap","sourceUrl":"https://www.openstreetmap.org/node/5445799072","sourceType":"open_data","observedAt":"2026-09-22","confidence":"reference","buildingId":"building-1696071"},"geometry":{"type":"Point","coordinates":[139.7597106,35.6950594]}},{"type":"Feature","properties":{"id":"osm-node-5455368502","osmId":5455368502,"name":"Grand Time Café","category":"restaurant","subcategory":"restaurant","floor":null,"address":null,"era":"unknown","hours":null,"website":null,"sourceLabel":"OpenStreetMap","sourceUrl":"https://www.openstreetmap.org/node/5455368502","sourceType":"open_data","observedAt":"2026-09-22","confidence":"reference","buildingId":"building-1696042"},"geometry":{"type":"Point","coordinates":[139.7606488,35.6952211]}},{"type":"Feature","properties":{"id":"osm-node-3343070430","osmId":3343070430,"name":"Il Vigore","category":"restaurant","subcategory":"italian","floor":null,"address":null,"era":"unknown","hours":null,"website":null,"sourceLabel":"OpenStreetMap","sourceUrl":"https://www.openstreetmap.org/node/3343070430","sourceType":"open_data","observedAt":"2026-09-22","confidence":"reference","buildingId":"building-1694635"},"geometry":{"type":"Point","coordinates":[139.7598481,35.6961716]}},{"type":"Feature","properties":{"id":"osm-node-14006214202","osmId":14006214202,"name":"Kalm","category":"restaurant","subcategory":"restaurant","floor":null,"address":null,"era":"unknown","hours":null,"website":null,"sourceLabel":"OpenStreetMap","sourceUrl":"https://www.openstreetmap.org/node/14006214202","sourceType":"open_data","observedAt":"2026-09-22","confidence":"reference","buildingId":"building-1691011"},"geometry":{"type":"Point","coordinates":[139.7530485,35.6960406]}},{"type":"Feature","properties":{"id":"osm-node-1634100120","osmId":1634100120,"name":"L'EPIQUE","category":"restaurant","subcategory":"bar","floor":null,"address":null,"era":"unknown","hours":null,"website":null,"sourceLabel":"OpenStreetMap","sourceUrl":"https://www.openstreetmap.org/node/1634100120","sourceType":"open_data","observedAt":"2026-09-22","confidence":"reference","buildingId":"building-1694673"},"geometry":{"type":"Point","coordinates":[139.7594656,35.6958268]}},{"type":"Feature","properties":{"id":"osm-node-4848619825","osmId":4848619825,"name":"Loving Hut","category":"restaurant","subcategory":"international","floor":"3","address":"千代田区神田神保町54","era":"unknown","hours":"Mo-Fr 11:30-17:00; Sa-Su 11:30-15:30","website":"https://lovinghut.jp/","sourceLabel":"OpenStreetMap","sourceUrl":"https://www.openstreetmap.org/node/4848619825","sourceType":"open_data","observedAt":"2026-09-22","confidence":"reference","buildingId":"building-1690219"},"geometry":{"type":"Point","coordinates":[139.7575736,35.6983843]}},{"type":"Feature","properties":{"id":"osm-node-7922127571","osmId":7922127571,"name":"Misty","category":"restaurant","subcategory":"bar","floor":null,"address":null,"era":"unknown","hours":null,"website":null,"sourceLabel":"OpenStreetMap","sourceUrl":"https://www.openstreetmap.org/node/7922127571","sourceType":"open_data","observedAt":"2026-09-22","confidence":"reference","buildingId":"building-1690857"},"geometry":{"type":"Point","coordinates":[139.7562755,35.696357]}},{"type":"Feature","properties":{"id":"osm-node-5456398079","osmId":5456398079,"name":"Muang Thai","category":"restaurant","subcategory":"thai","floor":"0","address":null,"era":"unknown","hours":null,"website":null,"sourceLabel":"OpenStreetMap","sourceUrl":"https://www.openstreetmap.org/node/5456398079","sourceType":"open_data","observedAt":"2026-09-22","confidence":"reference","buildingId":"building-1691267"},"geometry":{"type":"Point","coordinates":[139.7575605,35.6954016]}},{"type":"Feature","properties":{"id":"osm-node-11047689858","osmId":11047689858,"name":"Muang Thai","category":"restaurant","subcategory":"thai","floor":null,"address":null,"era":"unknown","hours":null,"website":null,"sourceLabel":"OpenStreetMap","sourceUrl":"https://www.openstreetmap.org/node/11047689858","sourceType":"open_data","observedAt":"2026-09-22","confidence":"reference","buildingId":"building-1694747"},"geometry":{"type":"Point","coordinates":[139.7591995,35.6947853]}},{"type":"Feature","properties":{"id":"osm-node-13083901701","osmId":13083901701,"name":"Olé Olé","category":"restaurant","subcategory":"spanish","floor":null,"address":null,"era":"unknown","hours":"Mo-Fr 11:00-14:30, 17:40-23:00; Sa-Su 11:30-16:00, 17:40-22:30","website":null,"sourceLabel":"OpenStreetMap","sourceUrl":"https://www.openstreetmap.org/node/13083901701","sourceType":"open_data","observedAt":"2026-09-22","confidence":"reference","buildingId":"building-1694635"},"geometry":{"type":"Point","coordinates":[139.7597424,35.6961928]}},{"type":"Feature","properties":{"id":"osm-node-11337843165","osmId":11337843165,"name":"Ono Grill","category":"restaurant","subcategory":"restaurant","floor":null,"address":null,"era":"unknown","hours":null,"website":null,"sourceLabel":"OpenStreetMap","sourceUrl":"https://www.openstreetmap.org/node/11337843165","sourceType":"open_data","observedAt":"2026-09-22","confidence":"reference","buildingId":"building-1698282"},"geometry":{"type":"Point","coordinates":[139.7591856,35.6943882]}},{"type":"Feature","properties":{"id":"osm-node-6823038538","osmId":6823038538,"name":"Plat","category":"restaurant","subcategory":"bar","floor":null,"address":null,"era":"unknown","hours":null,"website":null,"sourceLabel":"OpenStreetMap","sourceUrl":"https://www.openstreetmap.org/node/6823038538","sourceType":"open_data","observedAt":"2026-09-22","confidence":"reference","buildingId":"building-1690654"},"geometry":{"type":"Point","coordinates":[139.757981,35.6968269]}},{"type":"Feature","properties":{"id":"osm-node-13518795301","osmId":13518795301,"name":"Poke Do","category":"restaurant","subcategory":"fish","floor":null,"address":null,"era":"unknown","hours":null,"website":null,"sourceLabel":"OpenStreetMap","sourceUrl":"https://www.openstreetmap.org/node/13518795301","sourceType":"open_data","observedAt":"2026-09-22","confidence":"reference","buildingId":"building-1698282"},"geometry":{"type":"Point","coordinates":[139.7592136,35.6943874]}},{"type":"Feature","properties":{"id":"osm-node-5615071226","osmId":5615071226,"name":"ROBERTO","category":"restaurant","subcategory":"pub","floor":null,"address":null,"era":"unknown","hours":null,"website":null,"sourceLabel":"OpenStreetMap","sourceUrl":"https://www.openstreetmap.org/node/5615071226","sourceType":"open_data","observedAt":"2026-09-22","confidence":"reference","buildingId":"building-1690601"},"geometry":{"type":"Point","coordinates":[139.7581088,35.6970749]}},{"type":"Feature","properties":{"id":"osm-node-5463561352","osmId":5463561352,"name":"Restaurant boys","category":"restaurant","subcategory":"japanese","floor":null,"address":null,"era":"unknown","hours":null,"website":null,"sourceLabel":"OpenStreetMap","sourceUrl":"https://www.openstreetmap.org/node/5463561352","sourceType":"open_data","observedAt":"2026-09-22","confidence":"reference","buildingId":"building-1695922"},"geometry":{"type":"Point","coordinates":[139.7563567,35.6960608]}},{"type":"Feature","properties":{"id":"osm-node-5455368501","osmId":5455368501,"name":"Sangam","category":"restaurant","subcategory":"restaurant","floor":null,"address":null,"era":"unknown","hours":null,"website":null,"sourceLabel":"OpenStreetMap","sourceUrl":"https://www.openstreetmap.org/node/5455368501","sourceType":"open_data","observedAt":"2026-09-22","confidence":"reference","buildingId":"building-1696014"},"geometry":{"type":"Point","coordinates":[139.7589709,35.6952728]}},{"type":"Feature","properties":{"id":"osm-node-5517738601","osmId":5517738601,"name":"Sol Amigo","category":"restaurant","subcategory":"bar","floor":"-1","address":null,"era":"unknown","hours":null,"website":null,"sourceLabel":"OpenStreetMap","sourceUrl":"https://www.openstreetmap.org/node/5517738601","sourceType":"open_data","observedAt":"2026-09-22","confidence":"reference","buildingId":"building-1690860"},"geometry":{"type":"Point","coordinates":[139.7600154,35.6962114]}},{"type":"Feature","properties":{"id":"osm-node-7899845177","osmId":7899845177,"name":"Spicy bistro Taprobane","category":"restaurant","subcategory":"restaurant","floor":null,"address":null,"era":"unknown","hours":"Mo-Su 11:30-15:30, 17:30-23:30","website":"https://taprobane.info/","sourceLabel":"OpenStreetMap","sourceUrl":"https://www.openstreetmap.org/node/7899845177","sourceType":"open_data","observedAt":"2026-09-22","confidence":"reference","buildingId":"building-1695827"},"geometry":{"type":"Point","coordinates":[139.7556576,35.6965178]}},{"type":"Feature","properties":{"id":"osm-node-3343070429","osmId":3343070429,"name":"Taco Bell","category":"restaurant","subcategory":"tex-mex","floor":null,"address":null,"era":"unknown","hours":null,"website":null,"sourceLabel":"OpenStreetMap","sourceUrl":"https://www.openstreetmap.org/node/3343070429","sourceType":"open_data","observedAt":"2026-09-22","confidence":"reference","buildingId":"building-1695912"},"geometry":{"type":"Point","coordinates":[139.7591449,35.696149]}},{"type":"Feature","properties":{"id":"osm-node-10138002117","osmId":10138002117,"name":"best bar in tokyo","category":"restaurant","subcategory":"bar","floor":null,"address":null,"era":"unknown","hours":null,"website":null,"sourceLabel":"OpenStreetMap","sourceUrl":"https://www.openstreetmap.org/node/10138002117","sourceType":"open_data","observedAt":"2026-09-22","confidence":"reference","buildingId":"building-1690910"},"geometry":{"type":"Point","coordinates":[139.756738,35.696272]}},{"type":"Feature","properties":{"id":"osm-node-10099903017","osmId":10099903017,"name":"folk burgers&beers","category":"restaurant","subcategory":"burger","floor":null,"address":null,"era":"unknown","hours":"We-Fr 11:30-15:30, 18:00-22:00; Mo 11:30-15:00; Sa-Su 11:30-21:00","website":null,"sourceLabel":"OpenStreetMap","sourceUrl":"https://www.openstreetmap.org/node/10099903017","sourceType":"open_data","observedAt":"2026-09-22","confidence":"reference","buildingId":"building-1698135"},"geometry":{"type":"Point","coordinates":[139.7556116,35.6968061]}},{"type":"Feature","properties":{"id":"osm-node-13086515801","osmId":13086515801,"name":"あつ盛","category":"restaurant","subcategory":"bar","floor":null,"address":null,"era":"unknown","hours":null,"website":null,"sourceLabel":"OpenStreetMap","sourceUrl":"https://www.openstreetmap.org/node/13086515801","sourceType":"open_data","observedAt":"2026-09-22","confidence":"reference","buildingId":"building-1690907"},"geometry":{"type":"Point","coordinates":[139.7550318,35.6960577]}},{"type":"Feature","properties":{"id":"osm-node-6923897585","osmId":6923897585,"name":"いもや","category":"restaurant","subcategory":"japanese;friture;fish","floor":null,"address":null,"era":"unknown","hours":"Mo-Sa 11:30-15:00, 17:00-19:30","website":null,"sourceLabel":"OpenStreetMap","sourceUrl":"https://www.openstreetmap.org/node/6923897585","sourceType":"open_data","observedAt":"2026-09-22","confidence":"reference","buildingId":"building-1690523"},"geometry":{"type":"Point","coordinates":[139.758072,35.6973483]}},{"type":"Feature","properties":{"id":"osm-node-7202136550","osmId":7202136550,"name":"うなぎかねいち","category":"restaurant","subcategory":"うなぎ","floor":"0","address":null,"era":"unknown","hours":null,"website":null,"sourceLabel":"OpenStreetMap","sourceUrl":"https://www.openstreetmap.org/node/7202136550","sourceType":"open_data","observedAt":"2026-09-22","confidence":"reference","buildingId":"building-1696072"},"geometry":{"type":"Point","coordinates":[139.7602625,35.695021]}},{"type":"Feature","properties":{"id":"osm-node-3786123335","osmId":3786123335,"name":"おにぎりの小林","category":"restaurant","subcategory":"restaurant","floor":null,"address":null,"era":"unknown","hours":null,"website":null,"sourceLabel":"OpenStreetMap","sourceUrl":"https://www.openstreetmap.org/node/3786123335","sourceType":"open_data","observedAt":"2026-09-22","confidence":"reference","buildingId":"building-1694694"},"geometry":{"type":"Point","coordinates":[139.7590715,35.6954189]}},{"type":"Feature","properties":{"id":"osm-node-6934234285","osmId":6934234285,"name":"おむすびさが","category":"restaurant","subcategory":"japanese;regional","floor":null,"address":null,"era":"unknown","hours":null,"website":null,"sourceLabel":"OpenStreetMap","sourceUrl":"https://www.openstreetmap.org/node/6934234285","sourceType":"open_data","observedAt":"2026-09-22","confidence":"reference","buildingId":"building-1691550"},"geometry":{"type":"Point","coordinates":[139.7598595,35.6948025]}},{"type":"Feature","properties":{"id":"osm-node-5455368503","osmId":5455368503,"name":"から揚げ専門 から好し","category":"restaurant","subcategory":"restaurant","floor":null,"address":null,"era":"unknown","hours":null,"website":null,"sourceLabel":"OpenStreetMap","sourceUrl":"https://www.openstreetmap.org/node/5455368503","sourceType":"open_data","observedAt":"2026-09-22","confidence":"reference","buildingId":"building-1691294"},"geometry":{"type":"Point","coordinates":[139.7595593,35.6952826]}},{"type":"Feature","properties":{"id":"osm-node-7922136115","osmId":7922136115,"name":"き介","category":"restaurant","subcategory":"pub","floor":null,"address":null,"era":"unknown","hours":null,"website":null,"sourceLabel":"OpenStreetMap","sourceUrl":"https://www.openstreetmap.org/node/7922136115","sourceType":"open_data","observedAt":"2026-09-22","confidence":"reference","buildingId":"building-1691015"},"geometry":{"type":"Point","coordinates":[139.7556849,35.6963133]}},{"type":"Feature","properties":{"id":"osm-node-3343070431","osmId":3343070431,"name":"くいしんぼ","category":"restaurant","subcategory":"steak_house","floor":null,"address":null,"era":"unknown","hours":null,"website":null,"sourceLabel":"OpenStreetMap","sourceUrl":"https://www.openstreetmap.org/node/3343070431","sourceType":"open_data","observedAt":"2026-09-22","confidence":"reference","buildingId":"building-1690746"},"geometry":{"type":"Point","coordinates":[139.7595779,35.6961779]}},{"type":"Feature","properties":{"id":"osm-node-6934233985","osmId":6934233985,"name":"げんぱち","category":"restaurant","subcategory":"japanese;friture;grill","floor":null,"address":null,"era":"unknown","hours":"Mo-Fr 11:30-14:30, 17:30-22:00","website":null,"sourceLabel":"OpenStreetMap","sourceUrl":"https://www.openstreetmap.org/node/6934233985","sourceType":"open_data","observedAt":"2026-09-22","confidence":"reference","buildingId":"building-1696053"},"geometry":{"type":"Point","coordinates":[139.7565319,35.695168]}},{"type":"Feature","properties":{"id":"osm-node-3164004261","osmId":3164004261,"name":"こんごう庵","category":"restaurant","subcategory":"japanese","floor":null,"address":null,"era":"unknown","hours":null,"website":null,"sourceLabel":"OpenStreetMap","sourceUrl":"https://www.openstreetmap.org/node/3164004261","sourceType":"open_data","observedAt":"2026-09-22","confidence":"reference","buildingId":"building-1695817"},"geometry":{"type":"Point","coordinates":[139.75909,35.696588]}},{"type":"Feature","properties":{"id":"osm-node-3606951976","osmId":3606951976,"name":"すき家","category":"restaurant","subcategory":"beef_bowl","floor":null,"address":null,"era":"unknown","hours":null,"website":null,"sourceLabel":"OpenStreetMap","sourceUrl":"https://www.openstreetmap.org/node/3606951976","sourceType":"open_data","observedAt":"2026-09-22","confidence":"reference","buildingId":"building-1690745"},"geometry":{"type":"Point","coordinates":[139.7582532,35.6965889]}},{"type":"Feature","properties":{"id":"osm-node-5613596235","osmId":5613596235,"name":"すし庄","category":"restaurant","subcategory":"sushi","floor":null,"address":"千代田区32","era":"unknown","hours":null,"website":null,"sourceLabel":"OpenStreetMap","sourceUrl":"https://www.openstreetmap.org/node/5613596235","sourceType":"open_data","observedAt":"2026-09-22","confidence":"reference","buildingId":"building-1690545"},"geometry":{"type":"Point","coordinates":[139.7585092,35.6972684]}},{"type":"Feature","properties":{"id":"osm-node-11337867171","osmId":11337867171,"name":"たんどーる","category":"restaurant","subcategory":"curry","floor":null,"address":null,"era":"unknown","hours":null,"website":null,"sourceLabel":"OpenStreetMap","sourceUrl":"https://www.openstreetmap.org/node/11337867171","sourceType":"open_data","observedAt":"2026-09-22","confidence":"reference","buildingId":"building-1691382"},"geometry":{"type":"Point","coordinates":[139.7603754,35.6950779]}},{"type":"Feature","properties":{"id":"osm-node-7922952511","osmId":7922952511,"name":"つきじ満","category":"restaurant","subcategory":"restaurant","floor":"0","address":null,"era":"unknown","hours":null,"website":null,"sourceLabel":"OpenStreetMap","sourceUrl":"https://www.openstreetmap.org/node/7922952511","sourceType":"open_data","observedAt":"2026-09-22","confidence":"reference","buildingId":"building-1698214"},"geometry":{"type":"Point","coordinates":[139.7563319,35.6953327]}},{"type":"Feature","properties":{"id":"osm-node-3343070433","osmId":3343070433,"name":"とめ手羽","category":"restaurant","subcategory":"restaurant","floor":"2","address":null,"era":"unknown","hours":null,"website":null,"sourceLabel":"OpenStreetMap","sourceUrl":"https://www.openstreetmap.org/node/3343070433","sourceType":"open_data","observedAt":"2026-09-22","confidence":"reference","buildingId":"building-1694635"},"geometry":{"type":"Point","coordinates":[139.759884,35.6961911]}},{"type":"Feature","properties":{"id":"osm-node-13086513501","osmId":13086513501,"name":"とんかつおりべ","category":"restaurant","subcategory":"japanese","floor":null,"address":null,"era":"unknown","hours":"Mo-Fr 11:00-22:00; Sa-Su 11:00-21:00","website":null,"sourceLabel":"OpenStreetMap","sourceUrl":"https://www.openstreetmap.org/node/13086513501","sourceType":"open_data","observedAt":"2026-09-22","confidence":"reference","buildingId":"building-1690907"},"geometry":{"type":"Point","coordinates":[139.7550544,35.6960943]}},{"type":"Feature","properties":{"id":"osm-node-6934233785","osmId":6934233785,"name":"どんぶり丸福","category":"restaurant","subcategory":"japanese;friture;fish;beef_bowl","floor":null,"address":null,"era":"unknown","hours":"Mo-Fr 11:00-15:00, 17:00-20:00; Sa 11:00-15:00","website":null,"sourceLabel":"OpenStreetMap","sourceUrl":"https://www.openstreetmap.org/node/6934233785","sourceType":"open_data","observedAt":"2026-09-22","confidence":"reference","buildingId":"building-1694626"},"geometry":{"type":"Point","coordinates":[139.7588837,35.6961479]}},{"type":"Feature","properties":{"id":"osm-node-5456398077","osmId":5456398077,"name":"なかや","category":"restaurant","subcategory":"japanese","floor":null,"address":null,"era":"unknown","hours":null,"website":null,"sourceLabel":"OpenStreetMap","sourceUrl":"https://www.openstreetmap.org/node/5456398077","sourceType":"open_data","observedAt":"2026-09-22","confidence":"reference","buildingId":"building-1694698"},"geometry":{"type":"Point","coordinates":[139.7573425,35.6953963]}},{"type":"Feature","properties":{"id":"osm-node-12425865982","osmId":12425865982,"name":"はせ部","category":"restaurant","subcategory":"japanese","floor":null,"address":null,"era":"unknown","hours":null,"website":null,"sourceLabel":"OpenStreetMap","sourceUrl":"https://www.openstreetmap.org/node/12425865982","sourceType":"open_data","observedAt":"2026-09-22","confidence":"reference","buildingId":"building-1696105"},"geometry":{"type":"Point","coordinates":[139.7604945,35.6948307]}},{"type":"Feature","properties":{"id":"osm-node-4018929188","osmId":4018929188,"name":"はちまき","category":"restaurant","subcategory":"tempra;friture;japanese","floor":"0","address":"千代田区","era":"unknown","hours":"Mo-Sa 11:00-21:00; Su 11:00-20:00","website":null,"sourceLabel":"OpenStreetMap","sourceUrl":"https://www.openstreetmap.org/node/4018929188","sourceType":"open_data","observedAt":"2026-09-22","confidence":"reference","buildingId":"building-1696027"},"geometry":{"type":"Point","coordinates":[139.7603259,35.6953057]}},{"type":"Feature","properties":{"id":"osm-node-5177482048","osmId":5177482048,"name":"はなまるうどん","category":"restaurant","subcategory":"japanese;udon","floor":null,"address":null,"era":"unknown","hours":null,"website":null,"sourceLabel":"OpenStreetMap","sourceUrl":"https://www.openstreetmap.org/node/5177482048","sourceType":"open_data","observedAt":"2026-09-22","confidence":"reference","buildingId":"building-1691112"},"geometry":{"type":"Point","coordinates":[139.7584077,35.6957969]}},{"type":"Feature","properties":{"id":"osm-node-3684923927","osmId":3684923927,"name":"ふくの鳥","category":"restaurant","subcategory":"japanese","floor":"0","address":null,"era":"unknown","hours":null,"website":null,"sourceLabel":"OpenStreetMap","sourceUrl":"https://www.openstreetmap.org/node/3684923927","sourceType":"open_data","observedAt":"2026-09-22","confidence":"reference","buildingId":"building-1690620"},"geometry":{"type":"Point","coordinates":[139.7568487,35.6970447]}},{"type":"Feature","properties":{"id":"osm-node-6299235685","osmId":6299235685,"name":"ぶん華","category":"restaurant","subcategory":"chinese;noodles","floor":null,"address":"千代田区神田神保町2-10","era":"unknown","hours":"Mo-Fr 11:00-14:40, 17:30-19:30","website":null,"sourceLabel":"OpenStreetMap","sourceUrl":"https://www.openstreetmap.org/node/6299235685","sourceType":"open_data","observedAt":"2026-09-22","confidence":"reference","buildingId":"building-1690651"},"geometry":{"type":"Point","coordinates":[139.7569982,35.6968715]}},{"type":"Feature","properties":{"id":"osm-node-3606906653","osmId":3606906653,"name":"まんてん","category":"restaurant","subcategory":"curry;japanese;friture","floor":null,"address":"千代田区54","era":"unknown","hours":"Mo-Fr 11:00-20:00; Sa 11:00-16:00","website":null,"sourceLabel":"OpenStreetMap","sourceUrl":"https://www.openstreetmap.org/node/3606906653","sourceType":"open_data","observedAt":"2026-09-22","confidence":"reference","buildingId":"building-1690219"},"geometry":{"type":"Point","coordinates":[139.7576266,35.6982981]}},{"type":"Feature","properties":{"id":"osm-node-6832689590","osmId":6832689590,"name":"みさち屋","category":"restaurant","subcategory":"japanese","floor":"-1","address":null,"era":"unknown","hours":null,"website":null,"sourceLabel":"OpenStreetMap","sourceUrl":"https://www.openstreetmap.org/node/6832689590","sourceType":"open_data","observedAt":"2026-09-22","confidence":"reference","buildingId":"building-1691240"},"geometry":{"type":"Point","coordinates":[139.7602405,35.6955005]}},{"type":"Feature","properties":{"id":"osm-node-6299113388","osmId":6299113388,"name":"もり一 神保町店","category":"restaurant","subcategory":"sushi","floor":null,"address":null,"era":"unknown","hours":"Mo-Su 11:00-22:00","website":null,"sourceLabel":"OpenStreetMap","sourceUrl":"https://www.openstreetmap.org/node/6299113388","sourceType":"open_data","observedAt":"2026-09-22","confidence":"reference","buildingId":"building-1694559"},"geometry":{"type":"Point","coordinates":[139.7571902,35.6974957]}},{"type":"Feature","properties":{"id":"osm-node-4972920496","osmId":4972920496,"name":"やきとん","category":"restaurant","subcategory":"restaurant","floor":null,"address":null,"era":"unknown","hours":null,"website":null,"sourceLabel":"OpenStreetMap","sourceUrl":"https://www.openstreetmap.org/node/4972920496","sourceType":"open_data","observedAt":"2026-09-22","confidence":"reference","buildingId":"building-1690245"},"geometry":{"type":"Point","coordinates":[139.7563682,35.6982607]}},{"type":"Feature","properties":{"id":"osm-node-11597928422","osmId":11597928422,"name":"やまじょう","category":"restaurant","subcategory":"pub","floor":null,"address":null,"era":"unknown","hours":null,"website":null,"sourceLabel":"OpenStreetMap","sourceUrl":"https://www.openstreetmap.org/node/11597928422","sourceType":"open_data","observedAt":"2026-09-22","confidence":"reference","buildingId":"building-1690545"},"geometry":{"type":"Point","coordinates":[139.7584996,35.697208]}},{"type":"Feature","properties":{"id":"osm-node-6299235585","osmId":6299235585,"name":"ろしあ亭","category":"restaurant","subcategory":"russian","floor":null,"address":null,"era":"unknown","hours":"Mo-Fr 11:30-14:30, 17:30-22:00; Sa-Su 11:30-14:30, 17:30-21:00","website":null,"sourceLabel":"OpenStreetMap","sourceUrl":"https://www.openstreetmap.org/node/6299235585","sourceType":"open_data","observedAt":"2026-09-22","confidence":"reference","buildingId":"building-1694718"},"geometry":{"type":"Point","coordinates":[139.7587768,35.6952505]}},{"type":"Feature","properties":{"id":"osm-node-3343070434","osmId":3343070434,"name":"わがん","category":"restaurant","subcategory":"restaurant","floor":"1","address":null,"era":"unknown","hours":null,"website":null,"sourceLabel":"OpenStreetMap","sourceUrl":"https://www.openstreetmap.org/node/3343070434","sourceType":"open_data","observedAt":"2026-09-22","confidence":"reference","buildingId":"building-1690860"},"geometry":{"type":"Point","coordinates":[139.7599943,35.6962062]}},{"type":"Feature","properties":{"id":"osm-node-7922127572","osmId":7922127572,"name":"エスペリア","category":"restaurant","subcategory":"restaurant","floor":"0","address":null,"era":"unknown","hours":null,"website":null,"sourceLabel":"OpenStreetMap","sourceUrl":"https://www.openstreetmap.org/node/7922127572","sourceType":"open_data","observedAt":"2026-09-22","confidence":"reference","buildingId":"building-1690909"},"geometry":{"type":"Point","coordinates":[139.7561584,35.6963354]}},{"type":"Feature","properties":{"id":"osm-node-5340711633","osmId":5340711633,"name":"エーヤナディーキッチン","category":"restaurant","subcategory":"thai;myanmar","floor":"0","address":null,"era":"unknown","hours":null,"website":null,"sourceLabel":"OpenStreetMap","sourceUrl":"https://www.openstreetmap.org/node/5340711633","sourceType":"open_data","observedAt":"2026-09-22","confidence":"reference","buildingId":"building-1694711"},"geometry":{"type":"Point","coordinates":[139.7606547,35.6953363]}},{"type":"Feature","properties":{"id":"osm-node-6299113585","osmId":6299113585,"name":"ガヴィアル","category":"restaurant","subcategory":"curry","floor":"1","address":"千代田区9","era":"unknown","hours":"Mo-Su 11:00-21:30","website":null,"sourceLabel":"OpenStreetMap","sourceUrl":"https://www.openstreetmap.org/node/6299113585","sourceType":"open_data","observedAt":"2026-09-22","confidence":"reference","buildingId":"building-1691112"},"geometry":{"type":"Point","coordinates":[139.7584328,35.6957541]}},{"type":"Feature","properties":{"id":"osm-node-6299113691","osmId":6299113691,"name":"キッチン グラン","category":"restaurant","subcategory":"friture;japanese","floor":null,"address":null,"era":"unknown","hours":"Mo-Fr 11:30-15:00,18:00-20:00","website":null,"sourceLabel":"OpenStreetMap","sourceUrl":"https://www.openstreetmap.org/node/6299113691","sourceType":"open_data","observedAt":"2026-09-22","confidence":"reference","buildingId":"building-1695715"},"geometry":{"type":"Point","coordinates":[139.7572231,35.6974483]}},{"type":"Feature","properties":{"id":"osm-node-6299113690","osmId":6299113690,"name":"キッチン マミー","category":"restaurant","subcategory":"friture;japanese","floor":null,"address":null,"era":"unknown","hours":"Mo-Sa 11:30-14:30","website":null,"sourceLabel":"OpenStreetMap","sourceUrl":"https://www.openstreetmap.org/node/6299113690","sourceType":"open_data","observedAt":"2026-09-22","confidence":"reference","buildingId":"building-1690383"},"geometry":{"type":"Point","coordinates":[139.7566516,35.6977324]}},{"type":"Feature","properties":{"id":"osm-node-3343070436","osmId":3343070436,"name":"キッチンジロー","category":"restaurant","subcategory":"restaurant","floor":"-1","address":null,"era":"unknown","hours":null,"website":null,"sourceLabel":"OpenStreetMap","sourceUrl":"https://www.openstreetmap.org/node/3343070436","sourceType":"open_data","observedAt":"2026-09-22","confidence":"reference","buildingId":"building-1690956"},"geometry":{"type":"Point","coordinates":[139.7594078,35.6961684]}},{"type":"Feature","properties":{"id":"osm-node-3786123334","osmId":3786123334,"name":"キッチン南海","category":"restaurant","subcategory":"curry;friture;japanese","floor":null,"address":null,"era":"unknown","hours":"Mo-Sa 11:15-15:00,17:00-19:30","website":null,"sourceLabel":"OpenStreetMap","sourceUrl":"https://www.openstreetmap.org/node/3786123334","sourceType":"open_data","observedAt":"2026-09-22","confidence":"reference","buildingId":"building-1696106"},"geometry":{"type":"Point","coordinates":[139.7606634,35.6948261]}},{"type":"Feature","properties":{"id":"osm-node-11577977369","osmId":11577977369,"name":"キング軒","category":"restaurant","subcategory":"ramen","floor":null,"address":null,"era":"unknown","hours":null,"website":null,"sourceLabel":"OpenStreetMap","sourceUrl":"https://www.openstreetmap.org/node/11577977369","sourceType":"open_data","observedAt":"2026-09-22","confidence":"reference","buildingId":"building-1690950"},"geometry":{"type":"Point","coordinates":[139.7569299,35.6961158]}},{"type":"Feature","properties":{"id":"osm-node-3343070437","osmId":3343070437,"name":"ゴーゴーカレー","category":"restaurant","subcategory":"curry","floor":null,"address":null,"era":"unknown","hours":null,"website":null,"sourceLabel":"OpenStreetMap","sourceUrl":"https://www.openstreetmap.org/node/3343070437","sourceType":"open_data","observedAt":"2026-09-22","confidence":"reference","buildingId":"building-1690746"},"geometry":{"type":"Point","coordinates":[139.759573,35.6961666]}},{"type":"Feature","properties":{"id":"osm-node-13080670799","osmId":13080670799,"name":"ゴーバル","category":"restaurant","subcategory":"restaurant","floor":null,"address":null,"era":"unknown","hours":null,"website":null,"sourceLabel":"OpenStreetMap","sourceUrl":"https://www.openstreetmap.org/node/13080670799","sourceType":"open_data","observedAt":"2026-09-22","confidence":"reference","buildingId":"building-1694688"},"geometry":{"type":"Point","coordinates":[139.7590256,35.6955471]}},{"type":"Feature","properties":{"id":"osm-node-3343070438","osmId":3343070438,"name":"サイゼリヤ","category":"restaurant","subcategory":"italian","floor":"0","address":null,"era":"unknown","hours":null,"website":null,"sourceLabel":"OpenStreetMap","sourceUrl":"https://www.openstreetmap.org/node/3343070438","sourceType":"open_data","observedAt":"2026-09-22","confidence":"reference","buildingId":"building-1690746"},"geometry":{"type":"Point","coordinates":[139.7595581,35.6962399]}},{"type":"Feature","properties":{"id":"osm-node-7899196722","osmId":7899196722,"name":"ザボン","category":"restaurant","subcategory":"ramen","floor":null,"address":null,"era":"unknown","hours":null,"website":null,"sourceLabel":"OpenStreetMap","sourceUrl":"https://www.openstreetmap.org/node/7899196722","sourceType":"open_data","observedAt":"2026-09-22","confidence":"reference","buildingId":"building-1697190"},"geometry":{"type":"Point","coordinates":[139.7564096,35.6965291]}},{"type":"Feature","properties":{"id":"osm-node-3342922521","osmId":3342922521,"name":"シディーク","category":"restaurant","subcategory":"indian","floor":null,"address":null,"era":"unknown","hours":null,"website":null,"sourceLabel":"OpenStreetMap","sourceUrl":"https://www.openstreetmap.org/node/3342922521","sourceType":"open_data","observedAt":"2026-09-22","confidence":"reference","buildingId":"building-1694667"},"geometry":{"type":"Point","coordinates":[139.7560171,35.6957293]}},{"type":"Feature","properties":{"id":"osm-node-5340711631","osmId":5340711631,"name":"スタイリッシュバー ダブルオー","category":"restaurant","subcategory":"bar","floor":"3","address":null,"era":"unknown","hours":null,"website":null,"sourceLabel":"OpenStreetMap","sourceUrl":"https://www.openstreetmap.org/node/5340711631","sourceType":"open_data","observedAt":"2026-09-22","confidence":"reference","buildingId":"building-1694711"},"geometry":{"type":"Point","coordinates":[139.7606567,35.6952974]}},{"type":"Feature","properties":{"id":"osm-node-6299113686","osmId":6299113686,"name":"スヰートポーヅ (餃子)","category":"restaurant","subcategory":"chinese","floor":null,"address":"千代田区神田神保町1-13-2","era":"unknown","hours":"Tu-Fr 11:30-15:00, 17:00-20:00; Sa 11:30-20:00","website":null,"sourceLabel":"OpenStreetMap","sourceUrl":"https://www.openstreetmap.org/node/6299113686","sourceType":"open_data","observedAt":"2026-09-22","confidence":"reference","buildingId":"building-1694718"},"geometry":{"type":"Point","coordinates":[139.7587982,35.6952571]}},{"type":"Feature","properties":{"id":"osm-node-6942382886","osmId":6942382886,"name":"スープデリ","category":"restaurant","subcategory":"deli;friture;curry","floor":null,"address":null,"era":"unknown","hours":null,"website":null,"sourceLabel":"OpenStreetMap","sourceUrl":"https://www.openstreetmap.org/node/6942382886","sourceType":"open_data","observedAt":"2026-09-22","confidence":"reference","buildingId":"building-1690517"},"geometry":{"type":"Point","coordinates":[139.755338,35.697239]}},{"type":"Feature","properties":{"id":"osm-node-6348564589","osmId":6348564589,"name":"タカセ","category":"restaurant","subcategory":"soba","floor":null,"address":null,"era":"unknown","hours":null,"website":null,"sourceLabel":"OpenStreetMap","sourceUrl":"https://www.openstreetmap.org/node/6348564589","sourceType":"open_data","observedAt":"2026-09-22","confidence":"reference","buildingId":"building-1696743"},"geometry":{"type":"Point","coordinates":[139.7564489,35.6949445]}},{"type":"Feature","properties":{"id":"osm-node-5254061968","osmId":5254061968,"name":"テング酒場","category":"restaurant","subcategory":"pub","floor":null,"address":null,"era":"unknown","hours":null,"website":null,"sourceLabel":"OpenStreetMap","sourceUrl":"https://www.openstreetmap.org/node/5254061968","sourceType":"open_data","observedAt":"2026-09-22","confidence":"reference","buildingId":"building-1690952"},"geometry":{"type":"Point","coordinates":[139.7585312,35.6961401]}},{"type":"Feature","properties":{"id":"osm-node-7899196742","osmId":7899196742,"name":"ピアンタ","category":"restaurant","subcategory":"italian","floor":"0;-1","address":null,"era":"unknown","hours":null,"website":null,"sourceLabel":"OpenStreetMap","sourceUrl":"https://www.openstreetmap.org/node/7899196742","sourceType":"open_data","observedAt":"2026-09-22","confidence":"reference","buildingId":"building-1698164"},"geometry":{"type":"Point","coordinates":[139.7569733,35.6965672]}},{"type":"Feature","properties":{"id":"osm-node-12425863828","osmId":12425863828,"name":"ベト屋","category":"restaurant","subcategory":"vietnamese","floor":null,"address":null,"era":"unknown","hours":null,"website":null,"sourceLabel":"OpenStreetMap","sourceUrl":"https://www.openstreetmap.org/node/12425863828","sourceType":"open_data","observedAt":"2026-09-22","confidence":"reference","buildingId":"building-1691336"},"geometry":{"type":"Point","coordinates":[139.7602588,35.6952474]}},{"type":"Feature","properties":{"id":"osm-node-6934341188","osmId":6934341188,"name":"ベーカリーアベ","category":"restaurant","subcategory":"sandwich","floor":null,"address":null,"era":"unknown","hours":null,"website":null,"sourceLabel":"OpenStreetMap","sourceUrl":"https://www.openstreetmap.org/node/6934341188","sourceType":"open_data","observedAt":"2026-09-22","confidence":"reference","buildingId":"building-1690307"},"geometry":{"type":"Point","coordinates":[139.7559,35.6980844]}},{"type":"Feature","properties":{"id":"osm-node-6299113694","osmId":6299113694,"name":"ペルソナ","category":"restaurant","subcategory":"curry","floor":null,"address":null,"era":"unknown","hours":"Mo-Sa 11:00-15:00, 17:30-18:00","website":null,"sourceLabel":"OpenStreetMap","sourceUrl":"https://www.openstreetmap.org/node/6299113694","sourceType":"open_data","observedAt":"2026-09-22","confidence":"reference","buildingId":"building-1690602"},"geometry":{"type":"Point","coordinates":[139.7588047,35.6970772]}},{"type":"Feature","properties":{"id":"osm-node-3164005861","osmId":3164005861,"name":"ボヌール","category":"restaurant","subcategory":"restaurant","floor":null,"address":null,"era":"unknown","hours":"Mo-Fr 11:00-23:00;Sa,Su 17:00-23:00","website":null,"sourceLabel":"OpenStreetMap","sourceUrl":"https://www.openstreetmap.org/node/3164005861","sourceType":"open_data","observedAt":"2026-09-22","confidence":"reference","buildingId":"building-1695850"},"geometry":{"type":"Point","coordinates":[139.759597,35.69644]}},{"type":"Feature","properties":{"id":"osm-node-4690223538","osmId":4690223538,"name":"ボーイズカレー","category":"restaurant","subcategory":"curry","floor":null,"address":null,"era":"unknown","hours":null,"website":null,"sourceLabel":"OpenStreetMap","sourceUrl":"https://www.openstreetmap.org/node/4690223538","sourceType":"open_data","observedAt":"2026-09-22","confidence":"reference","buildingId":"building-1690948"},"geometry":{"type":"Point","coordinates":[139.7564921,35.6960824]}},{"type":"Feature","properties":{"id":"osm-node-6299113287","osmId":6299113287,"name":"ボーイズカレー","category":"restaurant","subcategory":"curry","floor":null,"address":"千代田区神田神保町2-4","era":"unknown","hours":"Mo-Fr 11:00-20:00; Sa 11:00-14:00","website":null,"sourceLabel":"OpenStreetMap","sourceUrl":"https://www.openstreetmap.org/node/6299113287","sourceType":"open_data","observedAt":"2026-09-22","confidence":"reference","buildingId":"building-1695922"},"geometry":{"type":"Point","coordinates":[139.7563383,35.6960587]}},{"type":"Feature","properties":{"id":"osm-node-1969385479","osmId":1969385479,"name":"マクドナルド","category":"restaurant","subcategory":"burger","floor":"0;1;2","address":"千代田区神田神保町21","era":"unknown","hours":"Mo-Su 00:00-01:00,05:00-23:59","website":null,"sourceLabel":"OpenStreetMap","sourceUrl":"https://www.openstreetmap.org/node/1969385479","sourceType":"open_data","observedAt":"2026-09-22","confidence":"reference","buildingId":"building-1694636"},"geometry":{"type":"Point","coordinates":[139.7602946,35.6961962]}},{"type":"Feature","properties":{"id":"osm-node-4018941185","osmId":4018941185,"name":"マンダラ","category":"restaurant","subcategory":"curry;indian","floor":null,"address":null,"era":"unknown","hours":"Mo-Fr 11:00-15:00, 17:00-23:00; Sa-Su 11:00-15:00, 17:00-22:00","website":null,"sourceLabel":"OpenStreetMap","sourceUrl":"https://www.openstreetmap.org/node/4018941185","sourceType":"open_data","observedAt":"2026-09-22","confidence":"reference","buildingId":"building-1691293"},"geometry":{"type":"Point","coordinates":[139.7576698,35.6951533]}},{"type":"Feature","properties":{"id":"osm-node-5456398068","osmId":5456398068,"name":"メナムのほとり","category":"restaurant","subcategory":"thai","floor":"0","address":null,"era":"unknown","hours":null,"website":null,"sourceLabel":"OpenStreetMap","sourceUrl":"https://www.openstreetmap.org/node/5456398068","sourceType":"open_data","observedAt":"2026-09-22","confidence":"reference","buildingId":"building-1698935"},"geometry":{"type":"Point","coordinates":[139.757759,35.6953952]}},{"type":"Feature","properties":{"id":"osm-node-5252152112","osmId":5252152112,"name":"ユニーク","category":"restaurant","subcategory":"indian","floor":null,"address":null,"era":"unknown","hours":null,"website":null,"sourceLabel":"OpenStreetMap","sourceUrl":"https://www.openstreetmap.org/node/5252152112","sourceType":"open_data","observedAt":"2026-09-22","confidence":"reference","buildingId":"building-1695806"},"geometry":{"type":"Point","coordinates":[139.7598318,35.6966665]}},{"type":"Feature","properties":{"id":"osm-node-4018938382","osmId":4018938382,"name":"ランチョン","category":"restaurant","subcategory":"restaurant","floor":null,"address":null,"era":"unknown","hours":null,"website":null,"sourceLabel":"OpenStreetMap","sourceUrl":"https://www.openstreetmap.org/node/4018938382","sourceType":"open_data","observedAt":"2026-09-22","confidence":"reference","buildingId":"building-1690956"},"geometry":{"type":"Point","coordinates":[139.7593657,35.6961946]}},{"type":"Feature","properties":{"id":"luncheon","name":"ランチョン","aliases":["ビヤホール ランチョン"],"category":"restaurant","subcategory":"洋食・ビヤホール","address":"東京都千代田区神田神保町1-6","foundedYear":1909,"specialty":"洋食とビール","website":"http://www.luncheon.jp/","sourceLabel":"千代田区観光協会「ランチョン」","sourceUrl":"https://visit-chiyoda.tokyo/app/spot/detail/373","sourceType":"association","confidence":"confirmed","notableReason":"千代田区観光協会公式サイト掲載","osmId":3343070904,"era":"prewar","observedAt":"2026-09-25","buildingId":"building-1690746","description":"生ビールと洋食の店。作家・吉田健一の相談から生まれたビーフパイのほか、オムライスやメンチカツなどを味わえます。","descriptionSourceLabel":"ランチョン 公式サイト「お料理」","descriptionSourceUrl":"https://www.luncheon.jp/menu.html"},"geometry":{"type":"Point","coordinates":[139.7595358,35.696264]}},{"type":"Feature","properties":{"id":"osm-node-5251966322","osmId":5251966322,"name":"ラーメン二郎","category":"restaurant","subcategory":"ramen","floor":null,"address":"千代田区214","era":"unknown","hours":"Mo-Sa 11:00-17:00; PH off","website":null,"sourceLabel":"OpenStreetMap","sourceUrl":"https://www.openstreetmap.org/node/5251966322","sourceType":"open_data","observedAt":"2026-09-22","confidence":"reference","buildingId":"building-1697835"},"geometry":{"type":"Point","coordinates":[139.7608233,35.6951916]}},{"type":"Feature","properties":{"id":"osm-node-13448043001","osmId":13448043001,"name":"ルシ インドビリヤニ 神保町店","category":"restaurant","subcategory":"indian","floor":null,"address":null,"era":"unknown","hours":"Mo-Su 11:00-15:00, 17:30-21:30","website":null,"sourceLabel":"OpenStreetMap","sourceUrl":"https://www.openstreetmap.org/node/13448043001","sourceType":"open_data","observedAt":"2026-09-22","confidence":"reference","buildingId":"building-1690953"},"geometry":{"type":"Point","coordinates":[139.7585894,35.6962414]}},{"type":"Feature","properties":{"id":"osm-node-7230407716","osmId":7230407716,"name":"ロイヤルホスト","category":"restaurant","subcategory":"japanese;italian;french","floor":null,"address":null,"era":"unknown","hours":null,"website":null,"sourceLabel":"OpenStreetMap","sourceUrl":"https://www.openstreetmap.org/node/7230407716","sourceType":"open_data","observedAt":"2026-09-22","confidence":"reference","buildingId":"building-1698282"},"geometry":{"type":"Point","coordinates":[139.7589081,35.6940945]}},{"type":"Feature","properties":{"id":"osm-node-7030399205","osmId":7030399205,"name":"㐂道庵","category":"restaurant","subcategory":"noodle;soba","floor":"0","address":null,"era":"unknown","hours":null,"website":null,"sourceLabel":"OpenStreetMap","sourceUrl":"https://www.openstreetmap.org/node/7030399205","sourceType":"open_data","observedAt":"2026-09-22","confidence":"reference","buildingId":"building-1699289"},"geometry":{"type":"Point","coordinates":[139.7570586,35.6966912]}},{"type":"Feature","properties":{"id":"osm-node-4563670590","osmId":4563670590,"name":"一向","category":"restaurant","subcategory":"fast_food","floor":"0","address":null,"era":"unknown","hours":null,"website":null,"sourceLabel":"OpenStreetMap","sourceUrl":"https://www.openstreetmap.org/node/4563670590","sourceType":"open_data","observedAt":"2026-09-22","confidence":"reference","buildingId":"building-1690948"},"geometry":{"type":"Point","coordinates":[139.7564886,35.6963828]}},{"type":"Feature","properties":{"id":"osm-node-6299235885","osmId":6299235885,"name":"三好弥","category":"restaurant","subcategory":"friture;japanese","floor":null,"address":null,"era":"unknown","hours":"Mo-Fr 11:30-14:30, 17:00-20:30","website":null,"sourceLabel":"OpenStreetMap","sourceUrl":"https://www.openstreetmap.org/node/6299235885","sourceType":"open_data","observedAt":"2026-09-22","confidence":"reference","buildingId":"building-1695863"},"geometry":{"type":"Point","coordinates":[139.7540782,35.6963046]}},{"type":"Feature","properties":{"id":"osm-node-4249515023","osmId":4249515023,"name":"三幸園","category":"restaurant","subcategory":"chinese","floor":null,"address":"千代田区13","era":"unknown","hours":"Mo-Th 11:00-02:00; Fr 11:00-03:00; PH,Su 11:00-23:00; Sa 03:00-24:00 off","website":null,"sourceLabel":"OpenStreetMap","sourceUrl":"https://www.openstreetmap.org/node/4249515023","sourceType":"open_data","observedAt":"2026-09-22","confidence":"reference","buildingId":"building-1691268"},"geometry":{"type":"Point","coordinates":[139.7584704,35.695167]}},{"type":"Feature","properties":{"id":"osm-node-5463561340","osmId":5463561340,"name":"上海庭","category":"restaurant","subcategory":"chinese","floor":"-1","address":null,"era":"unknown","hours":null,"website":null,"sourceLabel":"OpenStreetMap","sourceUrl":"https://www.openstreetmap.org/node/5463561340","sourceType":"open_data","observedAt":"2026-09-22","confidence":"reference","buildingId":"building-1694729"},"geometry":{"type":"Point","coordinates":[139.759227,35.6952759]}},{"type":"Feature","properties":{"id":"osm-node-3606951988","osmId":3606951988,"name":"中華そば 伊峡","category":"restaurant","subcategory":"chinese","floor":null,"address":null,"era":"unknown","hours":"Mo-Fr 11:00-19:00; Sa 11:00-18:00","website":null,"sourceLabel":"OpenStreetMap","sourceUrl":"https://www.openstreetmap.org/node/3606951988","sourceType":"open_data","observedAt":"2026-09-22","confidence":"reference","buildingId":"building-1690747"},"geometry":{"type":"Point","coordinates":[139.7596521,35.6966196]}},{"type":"Feature","properties":{"id":"osm-node-5614976941","osmId":5614976941,"name":"中華料理 謝謝","category":"restaurant","subcategory":"chinese","floor":"0","address":"千代田区32","era":"unknown","hours":null,"website":null,"sourceLabel":"OpenStreetMap","sourceUrl":"https://www.openstreetmap.org/node/5614976941","sourceType":"open_data","observedAt":"2026-09-22","confidence":"reference","buildingId":"building-1695747"},"geometry":{"type":"Point","coordinates":[139.7583917,35.6971955]}},{"type":"Feature","properties":{"id":"osm-node-4964137906","osmId":4964137906,"name":"丼丸","category":"restaurant","subcategory":"japanese","floor":null,"address":null,"era":"unknown","hours":null,"website":null,"sourceLabel":"OpenStreetMap","sourceUrl":"https://www.openstreetmap.org/node/4964137906","sourceType":"open_data","observedAt":"2026-09-22","confidence":"reference","buildingId":"building-1690540"},"geometry":{"type":"Point","coordinates":[139.7541056,35.6973368]}},{"type":"Feature","properties":{"id":"osm-node-10600402272","osmId":10600402272,"name":"九州熱中屋","category":"restaurant","subcategory":"pub","floor":null,"address":null,"era":"unknown","hours":null,"website":null,"sourceLabel":"OpenStreetMap","sourceUrl":"https://www.openstreetmap.org/node/10600402272","sourceType":"open_data","observedAt":"2026-09-22","confidence":"reference","buildingId":"building-1694636"},"geometry":{"type":"Point","coordinates":[139.7601863,35.6962353]}},{"type":"Feature","properties":{"id":"osm-node-6784908474","osmId":6784908474,"name":"五島人","category":"restaurant","subcategory":"pub","floor":"1","address":null,"era":"unknown","hours":null,"website":null,"sourceLabel":"OpenStreetMap","sourceUrl":"https://www.openstreetmap.org/node/6784908474","sourceType":"open_data","observedAt":"2026-09-22","confidence":"reference","buildingId":"building-1694566"},"geometry":{"type":"Point","coordinates":[139.7572394,35.6973054]}},{"type":"Feature","properties":{"id":"osm-node-6920741085","osmId":6920741085,"name":"仙臺 (せんだい)","category":"restaurant","subcategory":"curry;japanese","floor":null,"address":null,"era":"unknown","hours":null,"website":null,"sourceLabel":"OpenStreetMap","sourceUrl":"https://www.openstreetmap.org/node/6920741085","sourceType":"open_data","observedAt":"2026-09-22","confidence":"reference","buildingId":"building-1695575"},"geometry":{"type":"Point","coordinates":[139.7582997,35.6987358]}},{"type":"Feature","properties":{"id":"osm-node-6187350571","osmId":6187350571,"name":"伊勢十","category":"restaurant","subcategory":"restaurant","floor":null,"address":null,"era":"unknown","hours":null,"website":null,"sourceLabel":"OpenStreetMap","sourceUrl":"https://www.openstreetmap.org/node/6187350571","sourceType":"open_data","observedAt":"2026-09-22","confidence":"reference","buildingId":"building-1691622"},"geometry":{"type":"Point","coordinates":[139.7600475,35.6944126]}},{"type":"Feature","properties":{"id":"osm-node-6920740985","osmId":6920740985,"name":"伊峡","category":"restaurant","subcategory":"ramen;chinese","floor":null,"address":"神田神保町1-17","era":"unknown","hours":null,"website":null,"sourceLabel":"OpenStreetMap","sourceUrl":"https://www.openstreetmap.org/node/6920740985","sourceType":"open_data","observedAt":"2026-09-22","confidence":"reference","buildingId":"building-1696040"},"geometry":{"type":"Point","coordinates":[139.760145,35.695151]}},{"type":"Feature","properties":{"id":"osm-node-1634100061","osmId":1634100061,"name":"六浜","category":"restaurant","subcategory":"sushi","floor":null,"address":null,"era":"unknown","hours":null,"website":null,"sourceLabel":"OpenStreetMap","sourceUrl":"https://www.openstreetmap.org/node/1634100061","sourceType":"open_data","observedAt":"2026-09-22","confidence":"reference","buildingId":"building-1694687"},"geometry":{"type":"Point","coordinates":[139.7587549,35.6955775]}},{"type":"Feature","properties":{"id":"osm-node-3335325793","osmId":3335325793,"name":"共栄堂","category":"restaurant","subcategory":"curry","floor":null,"address":null,"era":"unknown","hours":null,"website":null,"sourceLabel":"OpenStreetMap","sourceUrl":"https://www.openstreetmap.org/node/3335325793","sourceType":"open_data","observedAt":"2026-09-22","confidence":"reference","buildingId":"building-1690956"},"geometry":{"type":"Point","coordinates":[139.7593725,35.6961891]}},{"type":"Feature","properties":{"id":"osm-node-6299113386","osmId":6299113386,"name":"共栄堂","category":"restaurant","subcategory":"curry","floor":"-1","address":"千代田区神田神保町6B1","era":"unknown","hours":"Mo-Sa 11:00-19:45","website":null,"sourceLabel":"OpenStreetMap","sourceUrl":"https://www.openstreetmap.org/node/6299113386","sourceType":"open_data","observedAt":"2026-09-22","confidence":"reference","buildingId":"building-1690956"},"geometry":{"type":"Point","coordinates":[139.7594109,35.6961899]}},{"type":"Feature","properties":{"id":"osm-node-4018935293","osmId":4018935293,"name":"兵六","category":"restaurant","subcategory":"pub","floor":null,"address":null,"era":"unknown","hours":null,"website":null,"sourceLabel":"OpenStreetMap","sourceUrl":"https://www.openstreetmap.org/node/4018935293","sourceType":"open_data","observedAt":"2026-09-22","confidence":"reference","buildingId":"building-1694675"},"geometry":{"type":"Point","coordinates":[139.7601733,35.6957155]}},{"type":"Feature","properties":{"id":"osm-node-11337843168","osmId":11337843168,"name":"力也商店","category":"restaurant","subcategory":"restaurant","floor":null,"address":null,"era":"unknown","hours":"18:00-23:00","website":null,"sourceLabel":"OpenStreetMap","sourceUrl":"https://www.openstreetmap.org/node/11337843168","sourceType":"open_data","observedAt":"2026-09-22","confidence":"reference","buildingId":"building-1695756"},"geometry":{"type":"Point","coordinates":[139.7572185,35.6971826]}},{"type":"Feature","properties":{"id":"osm-node-5456398082","osmId":5456398082,"name":"加賀廣","category":"restaurant","subcategory":"pub","floor":"0","address":null,"era":"unknown","hours":null,"website":null,"sourceLabel":"OpenStreetMap","sourceUrl":"https://www.openstreetmap.org/node/5456398082","sourceType":"open_data","observedAt":"2026-09-22","confidence":"reference","buildingId":"building-1691293"},"geometry":{"type":"Point","coordinates":[139.7577027,35.6951586]}},{"type":"Feature","properties":{"id":"osm-node-6935097185","osmId":6935097185,"name":"北井商店","category":"restaurant","subcategory":"deli","floor":null,"address":null,"era":"unknown","hours":"Mo-Fr 09:00-18:00","website":null,"sourceLabel":"OpenStreetMap","sourceUrl":"https://www.openstreetmap.org/node/6935097185","sourceType":"open_data","observedAt":"2026-09-22","confidence":"reference","buildingId":"building-1691379"},"geometry":{"type":"Point","coordinates":[139.7562828,35.6951216]}},{"type":"Feature","properties":{"id":"osm-node-7899862080","osmId":7899862080,"name":"吉野鮨","category":"restaurant","subcategory":"restaurant","floor":"0","address":null,"era":"unknown","hours":null,"website":null,"sourceLabel":"OpenStreetMap","sourceUrl":"https://www.openstreetmap.org/node/7899862080","sourceType":"open_data","observedAt":"2026-09-22","confidence":"reference","buildingId":"building-1694728"},"geometry":{"type":"Point","coordinates":[139.7563904,35.6951408]}},{"type":"Feature","properties":{"id":"osm-node-11577916668","osmId":11577916668,"name":"大戸屋","category":"restaurant","subcategory":"japanese","floor":null,"address":null,"era":"unknown","hours":null,"website":null,"sourceLabel":"OpenStreetMap","sourceUrl":"https://www.openstreetmap.org/node/11577916668","sourceType":"open_data","observedAt":"2026-09-22","confidence":"reference","buildingId":"building-1690950"},"geometry":{"type":"Point","coordinates":[139.7569299,35.696166]}},{"type":"Feature","properties":{"id":"osm-node-5252152110","osmId":5252152110,"name":"大衆酒場けいちゃん","category":"restaurant","subcategory":"pub","floor":null,"address":null,"era":"unknown","hours":null,"website":null,"sourceLabel":"OpenStreetMap","sourceUrl":"https://www.openstreetmap.org/node/5252152110","sourceType":"open_data","observedAt":"2026-09-22","confidence":"reference","buildingId":"building-1690780"},"geometry":{"type":"Point","coordinates":[139.7599863,35.6964848]}},{"type":"Feature","properties":{"id":"osm-node-6784908475","osmId":6784908475,"name":"大金星","category":"restaurant","subcategory":"pub","floor":null,"address":null,"era":"unknown","hours":null,"website":null,"sourceLabel":"OpenStreetMap","sourceUrl":"https://www.openstreetmap.org/node/6784908475","sourceType":"open_data","observedAt":"2026-09-22","confidence":"reference","buildingId":"building-1694583"},"geometry":{"type":"Point","coordinates":[139.7580277,35.6967614]}},{"type":"Feature","properties":{"id":"osm-node-4870555922","osmId":4870555922,"name":"天ぷら いもや 神保町1丁目","category":"restaurant","subcategory":"fast_food","floor":null,"address":"千代田区32","era":"unknown","hours":"Mo-Fr 11:30-15:00, 17:00-20:00; Sa 11:00-15:00","website":null,"sourceLabel":"OpenStreetMap","sourceUrl":"https://www.openstreetmap.org/node/4870555922","sourceType":"open_data","observedAt":"2026-09-22","confidence":"reference","buildingId":"building-1690456"},"geometry":{"type":"Point","coordinates":[139.7582892,35.6974268]}},{"type":"Feature","properties":{"id":"osm-node-7929991513","osmId":7929991513,"name":"天鶏","category":"restaurant","subcategory":"singaporean","floor":"0","address":null,"era":"unknown","hours":null,"website":null,"sourceLabel":"OpenStreetMap","sourceUrl":"https://www.openstreetmap.org/node/7929991513","sourceType":"open_data","observedAt":"2026-09-22","confidence":"reference","buildingId":"building-1696039"},"geometry":{"type":"Point","coordinates":[139.7597258,35.6951394]}},{"type":"Feature","properties":{"id":"osm-node-3343070907","osmId":3343070907,"name":"富士そば","category":"restaurant","subcategory":"soba","floor":null,"address":null,"era":"unknown","hours":"24/7","website":null,"sourceLabel":"OpenStreetMap","sourceUrl":"https://www.openstreetmap.org/node/3343070907","sourceType":"open_data","observedAt":"2026-09-22","confidence":"reference","buildingId":"building-1690956"},"geometry":{"type":"Point","coordinates":[139.7595085,35.6961715]}},{"type":"Feature","properties":{"id":"osm-node-9065501742","osmId":9065501742,"name":"小諸そば","category":"restaurant","subcategory":"japanese","floor":null,"address":null,"era":"unknown","hours":null,"website":null,"sourceLabel":"OpenStreetMap","sourceUrl":"https://www.openstreetmap.org/node/9065501742","sourceType":"open_data","observedAt":"2026-09-22","confidence":"reference","buildingId":"building-1694694"},"geometry":{"type":"Point","coordinates":[139.7590688,35.6954628]}},{"type":"Feature","properties":{"id":"osm-node-5594891737","osmId":5594891737,"name":"嵯峨谷","category":"restaurant","subcategory":"japanese","floor":"0","address":null,"era":"unknown","hours":null,"website":null,"sourceLabel":"OpenStreetMap","sourceUrl":"https://www.openstreetmap.org/node/5594891737","sourceType":"open_data","observedAt":"2026-09-22","confidence":"reference","buildingId":"building-1694671"},"geometry":{"type":"Point","coordinates":[139.7589804,35.6957856]}},{"type":"Feature","properties":{"id":"osm-node-5455368496","osmId":5455368496,"name":"川国志","category":"restaurant","subcategory":"chinese","floor":"-1","address":null,"era":"unknown","hours":"11:00-23:30","website":null,"sourceLabel":"OpenStreetMap","sourceUrl":"https://www.openstreetmap.org/node/5455368496","sourceType":"open_data","observedAt":"2026-09-22","confidence":"reference","buildingId":"building-1696014"},"geometry":{"type":"Point","coordinates":[139.7589204,35.6951139]}},{"type":"Feature","properties":{"id":"osm-node-5455368497","osmId":5455368497,"name":"川府","category":"restaurant","subcategory":"chinese","floor":"1","address":null,"era":"unknown","hours":null,"website":null,"sourceLabel":"OpenStreetMap","sourceUrl":"https://www.openstreetmap.org/node/5455368497","sourceType":"open_data","observedAt":"2026-09-22","confidence":"reference","buildingId":"building-1691207"},"geometry":{"type":"Point","coordinates":[139.7594197,35.6954244]}},{"type":"Feature","properties":{"id":"osm-node-6768292058","osmId":6768292058,"name":"座楽","category":"restaurant","subcategory":"pub","floor":null,"address":null,"era":"unknown","hours":null,"website":null,"sourceLabel":"OpenStreetMap","sourceUrl":"https://www.openstreetmap.org/node/6768292058","sourceType":"open_data","observedAt":"2026-09-22","confidence":"reference","buildingId":"building-1694555"},"geometry":{"type":"Point","coordinates":[139.757153,35.6975207]}},{"type":"Feature","properties":{"id":"osm-node-7922127570","osmId":7922127570,"name":"弁慶","category":"restaurant","subcategory":"restaurant","floor":null,"address":null,"era":"unknown","hours":null,"website":null,"sourceLabel":"OpenStreetMap","sourceUrl":"https://www.openstreetmap.org/node/7922127570","sourceType":"open_data","observedAt":"2026-09-22","confidence":"reference","buildingId":"building-1690857"},"geometry":{"type":"Point","coordinates":[139.7563319,35.6963441]}},{"type":"Feature","properties":{"id":"osm-node-12014214569","osmId":12014214569,"name":"弐番亭","category":"restaurant","subcategory":"curry","floor":null,"address":null,"era":"unknown","hours":null,"website":null,"sourceLabel":"OpenStreetMap","sourceUrl":"https://www.openstreetmap.org/node/12014214569","sourceType":"open_data","observedAt":"2026-09-22","confidence":"reference","buildingId":"building-1690856"},"geometry":{"type":"Point","coordinates":[139.7545739,35.6963504]}},{"type":"Feature","properties":{"id":"osm-node-5506259360","osmId":5506259360,"name":"成光","category":"restaurant","subcategory":"ramen;chinese","floor":null,"address":"千代田区23","era":"unknown","hours":"Mo-Fr 11:15-15:00, 17:00-18:00; Sa 11:15-14:00","website":null,"sourceLabel":"OpenStreetMap","sourceUrl":"https://www.openstreetmap.org/node/5506259360","sourceType":"open_data","observedAt":"2026-09-22","confidence":"reference","buildingId":"building-1696052"},"geometry":{"type":"Point","coordinates":[139.7559192,35.6951245]}},{"type":"Feature","properties":{"id":"osm-node-3777997914","osmId":3777997914,"name":"揚子江菜館","category":"restaurant","subcategory":"chinese","floor":null,"address":null,"era":"unknown","hours":"Mo-Su 11:30-22:00","website":null,"sourceLabel":"OpenStreetMap","sourceUrl":"https://www.openstreetmap.org/node/3777997914","sourceType":"open_data","observedAt":"2026-09-22","confidence":"reference","buildingId":"building-1694701"},"geometry":{"type":"Point","coordinates":[139.7586116,35.6954053]}},{"type":"Feature","properties":{"id":"osm-node-4018943525","osmId":4018943525,"name":"新世界菜館","category":"restaurant","subcategory":"chinese","floor":null,"address":null,"era":"unknown","hours":null,"website":null,"sourceLabel":"OpenStreetMap","sourceUrl":"https://www.openstreetmap.org/node/4018943525","sourceType":"open_data","observedAt":"2026-09-22","confidence":"reference","buildingId":"building-1694631"},"geometry":{"type":"Point","coordinates":[139.7574196,35.6961638]}},{"type":"Feature","properties":{"id":"osm-node-7230407722","osmId":7230407722,"name":"新潟カツ丼 タレカツ","category":"restaurant","subcategory":"katsudon","floor":"0","address":null,"era":"unknown","hours":"Su 11:00-21:00, Mo-Th 11:00-22:00","website":null,"sourceLabel":"OpenStreetMap","sourceUrl":"https://www.openstreetmap.org/node/7230407722","sourceType":"open_data","observedAt":"2026-09-22","confidence":"reference","buildingId":"building-1694712"},"geometry":{"type":"Point","coordinates":[139.760623,35.6953321]}},{"type":"Feature","properties":{"id":"osm-node-5214254935","osmId":5214254935,"name":"日乃屋カレー","category":"restaurant","subcategory":"curry","floor":null,"address":null,"era":"unknown","hours":null,"website":null,"sourceLabel":"OpenStreetMap","sourceUrl":"https://www.openstreetmap.org/node/5214254935","sourceType":"open_data","observedAt":"2026-09-22","confidence":"reference","buildingId":"building-1690860"},"geometry":{"type":"Point","coordinates":[139.7599782,35.6961924]}},{"type":"Feature","properties":{"id":"osm-node-3343070909","osmId":3343070909,"name":"東京油組総本店","category":"restaurant","subcategory":"noodle;ramen","floor":null,"address":null,"era":"unknown","hours":null,"website":null,"sourceLabel":"OpenStreetMap","sourceUrl":"https://www.openstreetmap.org/node/3343070909","sourceType":"open_data","observedAt":"2026-09-22","confidence":"reference","buildingId":"building-1695912"},"geometry":{"type":"Point","coordinates":[139.7590679,35.6961497]}},{"type":"Feature","properties":{"id":"osm-node-10107576117","osmId":10107576117,"name":"森のブッチャーズ","category":"restaurant","subcategory":"pub","floor":null,"address":null,"era":"unknown","hours":null,"website":null,"sourceLabel":"OpenStreetMap","sourceUrl":"https://www.openstreetmap.org/node/10107576117","sourceType":"open_data","observedAt":"2026-09-22","confidence":"reference","buildingId":"building-1696052"},"geometry":{"type":"Point","coordinates":[139.755927,35.6951492]}},{"type":"Feature","properties":{"id":"osm-node-3343070911","osmId":3343070911,"name":"極や","category":"restaurant","subcategory":"noodle;ramen","floor":"0","address":null,"era":"unknown","hours":null,"website":null,"sourceLabel":"OpenStreetMap","sourceUrl":"https://www.openstreetmap.org/node/3343070911","sourceType":"open_data","observedAt":"2026-09-22","confidence":"reference","buildingId":"building-1694635"},"geometry":{"type":"Point","coordinates":[139.7597737,35.6961727]}},{"type":"Feature","properties":{"id":"osm-node-11597928417","osmId":11597928417,"name":"横浜家系ラーメン 麺家福増","category":"restaurant","subcategory":"ramen;iekei","floor":null,"address":null,"era":"unknown","hours":null,"website":null,"sourceLabel":"OpenStreetMap","sourceUrl":"https://www.openstreetmap.org/node/11597928417","sourceType":"open_data","observedAt":"2026-09-22","confidence":"reference","buildingId":"building-1694604"},"geometry":{"type":"Point","coordinates":[139.7576948,35.696549]}},{"type":"Feature","properties":{"id":"bondy-jimbocho","name":"欧風カレー ボンディ 神保町本店","aliases":["ボンディ","Bondy"],"category":"restaurant","subcategory":"欧風カレー","address":"東京都千代田区神田神保町2-3","floor":"神田古書センター2階","specialty":"欧風カレー","website":"http://bondy.co.jp/web/","sourceLabel":"千代田区観光協会「欧風カレー ボンディ 神保町本店」","sourceUrl":"https://visit-chiyoda.tokyo/app/spot/detail/376","sourceType":"association","confidence":"confirmed","notableReason":"神田カレーグランプリ グランプリ受賞（公式観光情報に記載）","osmId":1276856487,"era":"unknown","observedAt":"2026-09-25","buildingId":"building-1694669","description":"乳製品と野菜・果物を使い、甘みの中に辛さを効かせた欧風カレーの店。神田古書センターの2階に本店があります。"},"geometry":{"type":"Point","coordinates":[139.757376,35.6955618]}},{"type":"Feature","properties":{"id":"osm-node-6384667704","osmId":6384667704,"name":"浅草割烹 天とよ 神保町店","category":"restaurant","subcategory":"sashimi;tempura","floor":null,"address":"千代田区181","era":"unknown","hours":"Mo-Fr 17:00-23:00, Sa-Su, PH 17:00-22:00, Mo-Th 11:30-14:00","website":"https://ggcf400.gorp.jp/","sourceLabel":"OpenStreetMap","sourceUrl":"https://www.openstreetmap.org/node/6384667704","sourceType":"open_data","observedAt":"2026-09-22","confidence":"reference","buildingId":"building-1695817"},"geometry":{"type":"Point","coordinates":[139.7592018,35.6966023]}},{"type":"Feature","properties":{"id":"osm-node-5455368499","osmId":5455368499,"name":"源","category":"restaurant","subcategory":"japanese;seafood","floor":"-1","address":null,"era":"unknown","hours":"Mo-Su 11:30-23:00","website":null,"sourceLabel":"OpenStreetMap","sourceUrl":"https://www.openstreetmap.org/node/5455368499","sourceType":"open_data","observedAt":"2026-09-22","confidence":"reference","buildingId":"building-1691207"},"geometry":{"type":"Point","coordinates":[139.759569,35.6954642]}},{"type":"Feature","properties":{"id":"osm-node-6823038546","osmId":6823038546,"name":"炒飯屋","category":"restaurant","subcategory":"chinese","floor":null,"address":null,"era":"unknown","hours":null,"website":null,"sourceLabel":"OpenStreetMap","sourceUrl":"https://www.openstreetmap.org/node/6823038546","sourceType":"open_data","observedAt":"2026-09-22","confidence":"reference","buildingId":"building-1694609"},"geometry":{"type":"Point","coordinates":[139.7577573,35.696413]}},{"type":"Feature","properties":{"id":"osm-node-6299113885","osmId":6299113885,"name":"焼きそば専門 みかさ","category":"restaurant","subcategory":"restaurant","floor":null,"address":"千代田区243","era":"unknown","hours":"Mo-Sa 11:00-17:00","website":null,"sourceLabel":"OpenStreetMap","sourceUrl":"https://www.openstreetmap.org/node/6299113885","sourceType":"open_data","observedAt":"2026-09-22","confidence":"reference","buildingId":"building-1695710"},"geometry":{"type":"Point","coordinates":[139.7571245,35.6975755]}},{"type":"Feature","properties":{"id":"osm-node-7899253251","osmId":7899253251,"name":"焼鳥さつま屋","category":"restaurant","subcategory":"pub","floor":"0","address":null,"era":"unknown","hours":null,"website":null,"sourceLabel":"OpenStreetMap","sourceUrl":"https://www.openstreetmap.org/node/7899253251","sourceType":"open_data","observedAt":"2026-09-22","confidence":"reference","buildingId":"building-1690909"},"geometry":{"type":"Point","coordinates":[139.7560508,35.6965349]}},{"type":"Feature","properties":{"id":"osm-node-13108052164","osmId":13108052164,"name":"甘蘭牛角麺","category":"restaurant","subcategory":"ramen","floor":null,"address":null,"era":"unknown","hours":null,"website":null,"sourceLabel":"OpenStreetMap","sourceUrl":"https://www.openstreetmap.org/node/13108052164","sourceType":"open_data","observedAt":"2026-09-22","confidence":"reference","buildingId":"building-1690385"},"geometry":{"type":"Point","coordinates":[139.757539,35.697687]}},{"type":"Feature","properties":{"id":"osm-node-7922860938","osmId":7922860938,"name":"用心棒","category":"restaurant","subcategory":"ramen","floor":"0","address":null,"era":"unknown","hours":null,"website":null,"sourceLabel":"OpenStreetMap","sourceUrl":"https://www.openstreetmap.org/node/7922860938","sourceType":"open_data","observedAt":"2026-09-22","confidence":"reference","buildingId":"building-1695846"},"geometry":{"type":"Point","coordinates":[139.7566776,35.6964121]}},{"type":"Feature","properties":{"id":"osm-node-11042128895","osmId":11042128895,"name":"白木屋","category":"restaurant","subcategory":"pub","floor":null,"address":null,"era":"unknown","hours":null,"website":null,"sourceLabel":"OpenStreetMap","sourceUrl":"https://www.openstreetmap.org/node/11042128895","sourceType":"open_data","observedAt":"2026-09-22","confidence":"reference","buildingId":"building-1690908"},"geometry":{"type":"Point","coordinates":[139.7549178,35.6962667]}},{"type":"Feature","properties":{"id":"osm-node-6299113689","osmId":6299113689,"name":"神保町 可以","category":"restaurant","subcategory":"ramen","floor":null,"address":null,"era":"unknown","hours":"Mo-Su 11:00-20:00","website":null,"sourceLabel":"OpenStreetMap","sourceUrl":"https://www.openstreetmap.org/node/6299113689","sourceType":"open_data","observedAt":"2026-09-22","confidence":"reference","buildingId":"building-1690821"},"geometry":{"type":"Point","coordinates":[139.7574151,35.6964122]}},{"type":"Feature","properties":{"id":"osm-node-5214277748","osmId":5214277748,"name":"神保町 餃子小籠包","category":"restaurant","subcategory":"chinese","floor":null,"address":null,"era":"unknown","hours":null,"website":null,"sourceLabel":"OpenStreetMap","sourceUrl":"https://www.openstreetmap.org/node/5214277748","sourceType":"open_data","observedAt":"2026-09-22","confidence":"reference","buildingId":"building-1691427"},"geometry":{"type":"Point","coordinates":[139.7606497,35.6950416]}},{"type":"Feature","properties":{"id":"osm-node-5252152109","osmId":5252152109,"name":"神保町KACCI","category":"restaurant","subcategory":"restaurant","floor":null,"address":null,"era":"unknown","hours":null,"website":null,"sourceLabel":"OpenStreetMap","sourceUrl":"https://www.openstreetmap.org/node/5252152109","sourceType":"open_data","observedAt":"2026-09-22","confidence":"reference","buildingId":"building-1694598"},"geometry":{"type":"Point","coordinates":[139.7599534,35.6965262]}},{"type":"Feature","properties":{"id":"osm-node-3343070913","osmId":3343070913,"name":"神保町ティーヌン","category":"restaurant","subcategory":"asian;thai","floor":"-1","address":null,"era":"unknown","hours":null,"website":null,"sourceLabel":"OpenStreetMap","sourceUrl":"https://www.openstreetmap.org/node/3343070913","sourceType":"open_data","observedAt":"2026-09-22","confidence":"reference","buildingId":"building-1690746"},"geometry":{"type":"Point","coordinates":[139.7595939,35.6961687]}},{"type":"Feature","properties":{"id":"osm-node-5456398075","osmId":5456398075,"name":"神保町マカン","category":"restaurant","subcategory":"asian","floor":"1","address":null,"era":"unknown","hours":null,"website":null,"sourceLabel":"OpenStreetMap","sourceUrl":"https://www.openstreetmap.org/node/5456398075","sourceType":"open_data","observedAt":"2026-09-22","confidence":"reference","buildingId":"building-1694699"},"geometry":{"type":"Point","coordinates":[139.7576915,35.6954017]}},{"type":"Feature","properties":{"id":"osm-node-6784908472","osmId":6784908472,"name":"神保町食肉センター","category":"restaurant","subcategory":"restaurant","floor":null,"address":null,"era":"unknown","hours":null,"website":null,"sourceLabel":"OpenStreetMap","sourceUrl":"https://www.openstreetmap.org/node/6784908472","sourceType":"open_data","observedAt":"2026-09-22","confidence":"reference","buildingId":"building-1694568"},"geometry":{"type":"Point","coordinates":[139.7573003,35.6972224]}},{"type":"Feature","properties":{"id":"osm-node-13695232701","osmId":13695232701,"name":"神保町魚金 弐 すずらん通り店","category":"restaurant","subcategory":"japanese","floor":null,"address":null,"era":"unknown","hours":"Mo-Fr 11:30-23:00; Sa-Su 15:00-23:00","website":null,"sourceLabel":"OpenStreetMap","sourceUrl":"https://www.openstreetmap.org/node/13695232701","sourceType":"open_data","observedAt":"2026-09-22","confidence":"reference","buildingId":"building-1696035"},"geometry":{"type":"Point","coordinates":[139.7586964,35.695262]}},{"type":"Feature","properties":{"id":"osm-node-12350277701","osmId":12350277701,"name":"神房","category":"restaurant","subcategory":"restaurant","floor":null,"address":null,"era":"unknown","hours":null,"website":null,"sourceLabel":"OpenStreetMap","sourceUrl":"https://www.openstreetmap.org/node/12350277701","sourceType":"open_data","observedAt":"2026-09-22","confidence":"reference","buildingId":"building-1694669"},"geometry":{"type":"Point","coordinates":[139.757423,35.6955603]}},{"type":"Feature","properties":{"id":"osm-node-6299113288","osmId":6299113288,"name":"神田天丼家","category":"restaurant","subcategory":"friture;japanese","floor":null,"address":null,"era":"unknown","hours":"Mo-Fr 11:00-15:00","website":null,"sourceLabel":"OpenStreetMap","sourceUrl":"https://www.openstreetmap.org/node/6299113288","sourceType":"open_data","observedAt":"2026-09-22","confidence":"reference","buildingId":"building-1691202"},"geometry":{"type":"Point","coordinates":[139.7547463,35.6955603]}},{"type":"Feature","properties":{"id":"osm-node-6299114285","osmId":6299114285,"name":"神田餃子屋 本店","category":"restaurant","subcategory":"chinese","floor":null,"address":null,"era":"unknown","hours":"Mo-Fr 11:00-16:00, 17:00-22:30; Sa-Su 11:30-19:30","website":null,"sourceLabel":"OpenStreetMap","sourceUrl":"https://www.openstreetmap.org/node/6299114285","sourceType":"open_data","observedAt":"2026-09-22","confidence":"reference","buildingId":"building-1695833"},"geometry":{"type":"Point","coordinates":[139.7597758,35.6965012]}},{"type":"Feature","properties":{"id":"osm-node-7202136547","osmId":7202136547,"name":"秋","category":"restaurant","subcategory":"restaurant","floor":null,"address":null,"era":"unknown","hours":null,"website":null,"sourceLabel":"OpenStreetMap","sourceUrl":"https://www.openstreetmap.org/node/7202136547","sourceType":"open_data","observedAt":"2026-09-22","confidence":"reference","buildingId":"building-1698266"},"geometry":{"type":"Point","coordinates":[139.7597144,35.6947518]}},{"type":"Feature","properties":{"id":"osm-node-13108052161","osmId":13108052161,"name":"笠岡ラーメン","category":"restaurant","subcategory":"ramen","floor":null,"address":null,"era":"unknown","hours":"Mo-Su 10:00-23:00","website":null,"sourceLabel":"OpenStreetMap","sourceUrl":"https://www.openstreetmap.org/node/13108052161","sourceType":"open_data","observedAt":"2026-09-22","confidence":"reference","buildingId":"building-1694659"},"geometry":{"type":"Point","coordinates":[139.7603364,35.6958444]}},{"type":"Feature","properties":{"id":"osm-node-5252152113","osmId":5252152113,"name":"篝記","category":"restaurant","subcategory":"chinese","floor":"0","address":null,"era":"unknown","hours":null,"website":null,"sourceLabel":"OpenStreetMap","sourceUrl":"https://www.openstreetmap.org/node/5252152113","sourceType":"open_data","observedAt":"2026-09-22","confidence":"reference","buildingId":"building-1695806"},"geometry":{"type":"Point","coordinates":[139.7598626,35.6966795]}},{"type":"Feature","properties":{"id":"osm-node-5214277739","osmId":5214277739,"name":"紅とん","category":"restaurant","subcategory":"pub","floor":"0","address":null,"era":"unknown","hours":null,"website":null,"sourceLabel":"OpenStreetMap","sourceUrl":"https://www.openstreetmap.org/node/5214277739","sourceType":"open_data","observedAt":"2026-09-22","confidence":"reference","buildingId":"building-1691296"},"geometry":{"type":"Point","coordinates":[139.7607923,35.695334]}},{"type":"Feature","properties":{"id":"osm-node-7929991525","osmId":7929991525,"name":"花の樹","category":"restaurant","subcategory":"bar","floor":null,"address":null,"era":"unknown","hours":null,"website":null,"sourceLabel":"OpenStreetMap","sourceUrl":"https://www.openstreetmap.org/node/7929991525","sourceType":"open_data","observedAt":"2026-09-22","confidence":"reference","buildingId":"building-1696041"},"geometry":{"type":"Point","coordinates":[139.7603416,35.695174]}},{"type":"Feature","properties":{"id":"osm-node-3606951991","osmId":3606951991,"name":"華龍飯店","category":"restaurant","subcategory":"chinese","floor":null,"address":"千代田区321","era":"unknown","hours":null,"website":null,"sourceLabel":"OpenStreetMap","sourceUrl":"https://www.openstreetmap.org/node/3606951991","sourceType":"open_data","observedAt":"2026-09-22","confidence":"reference","buildingId":"building-1690490"},"geometry":{"type":"Point","coordinates":[139.7583918,35.6974645]}},{"type":"Feature","properties":{"id":"osm-node-12364432301","osmId":12364432301,"name":"蔵や","category":"restaurant","subcategory":"pub","floor":null,"address":null,"era":"unknown","hours":null,"website":null,"sourceLabel":"OpenStreetMap","sourceUrl":"https://www.openstreetmap.org/node/12364432301","sourceType":"open_data","observedAt":"2026-09-22","confidence":"reference","buildingId":"building-1695803"},"geometry":{"type":"Point","coordinates":[139.7585112,35.6966731]}},{"type":"Feature","properties":{"id":"osm-node-7899845544","osmId":7899845544,"name":"蘭奢待","category":"restaurant","subcategory":"restaurant","floor":null,"address":null,"era":"unknown","hours":null,"website":null,"sourceLabel":"OpenStreetMap","sourceUrl":"https://www.openstreetmap.org/node/7899845544","sourceType":"open_data","observedAt":"2026-09-22","confidence":"reference","buildingId":"building-1695829"},"geometry":{"type":"Point","coordinates":[139.7567046,35.6965322]}},{"type":"Feature","properties":{"id":"osm-node-6817614546","osmId":6817614546,"name":"虎連坊","category":"restaurant","subcategory":"pub","floor":"-1","address":null,"era":"unknown","hours":null,"website":null,"sourceLabel":"OpenStreetMap","sourceUrl":"https://www.openstreetmap.org/node/6817614546","sourceType":"open_data","observedAt":"2026-09-22","confidence":"reference","buildingId":"building-1691206"},"geometry":{"type":"Point","coordinates":[139.7577828,35.6956489]}},{"type":"Feature","properties":{"id":"osm-node-7863493838","osmId":7863493838,"name":"西安麺荘秦唐記","category":"restaurant","subcategory":"chinese","floor":"0","address":null,"era":"unknown","hours":null,"website":null,"sourceLabel":"OpenStreetMap","sourceUrl":"https://www.openstreetmap.org/node/7863493838","sourceType":"open_data","observedAt":"2026-09-22","confidence":"reference","buildingId":"building-1690906"},"geometry":{"type":"Point","coordinates":[139.7541618,35.6960253]}},{"type":"Feature","properties":{"id":"osm-node-6299113688","osmId":6299113688,"name":"覆麺 智","category":"restaurant","subcategory":"ramen","floor":null,"address":"千代田区212","era":"unknown","hours":"Mo 09:00-18:00; Tu, Th-Fr 09:00-20:00; We 09:00-15:00; Sa-Su 11:00-17:00","website":"https://ramendb.supleks.jp/s/16080.html","sourceLabel":"OpenStreetMap","sourceUrl":"https://www.openstreetmap.org/node/6299113688","sourceType":"open_data","observedAt":"2026-09-22","confidence":"reference","buildingId":"building-1690820"},"geometry":{"type":"Point","coordinates":[139.757089,35.6964242]}},{"type":"Feature","properties":{"id":"osm-node-3343070914","osmId":3343070914,"name":"豚ちゃん","category":"restaurant","subcategory":"fast_food","floor":null,"address":null,"era":"unknown","hours":null,"website":null,"sourceLabel":"OpenStreetMap","sourceUrl":"https://www.openstreetmap.org/node/3343070914","sourceType":"open_data","observedAt":"2026-09-22","confidence":"reference","buildingId":"building-1694626"},"geometry":{"type":"Point","coordinates":[139.7588644,35.6961497]}},{"type":"Feature","properties":{"id":"osm-node-7592937686","osmId":7592937686,"name":"豚大学 神保町校舎","category":"restaurant","subcategory":"japanese","floor":null,"address":"千代田区8","era":"unknown","hours":"Mo-Sa 11:00-22:15","website":"https://butadaigaku.jp/","sourceLabel":"OpenStreetMap","sourceUrl":"https://www.openstreetmap.org/node/7592937686","sourceType":"open_data","observedAt":"2026-09-22","confidence":"reference","buildingId":"building-1694626"},"geometry":{"type":"Point","coordinates":[139.758881,35.6961735]}},{"type":"Feature","properties":{"id":"osm-node-3606906669","osmId":3606906669,"name":"酉たけ","category":"restaurant","subcategory":"pub","floor":null,"address":null,"era":"unknown","hours":null,"website":null,"sourceLabel":"OpenStreetMap","sourceUrl":"https://www.openstreetmap.org/node/3606906669","sourceType":"open_data","observedAt":"2026-09-22","confidence":"reference","buildingId":"building-1695650"},"geometry":{"type":"Point","coordinates":[139.7581713,35.698165]}},{"type":"Feature","properties":{"id":"osm-node-5214277754","osmId":5214277754,"name":"酒蔵駒忠","category":"restaurant","subcategory":"pub","floor":"0","address":null,"era":"unknown","hours":null,"website":null,"sourceLabel":"OpenStreetMap","sourceUrl":"https://www.openstreetmap.org/node/5214277754","sourceType":"open_data","observedAt":"2026-09-22","confidence":"reference","buildingId":"building-1696119"},"geometry":{"type":"Point","coordinates":[139.7606293,35.6947231]}},{"type":"Feature","properties":{"id":"osm-node-7030399214","osmId":7030399214,"name":"銀漢亭","category":"restaurant","subcategory":"pub","floor":null,"address":null,"era":"unknown","hours":null,"website":null,"sourceLabel":"OpenStreetMap","sourceUrl":"https://www.openstreetmap.org/node/7030399214","sourceType":"open_data","observedAt":"2026-09-22","confidence":"reference","buildingId":"building-1690619"},"geometry":{"type":"Point","coordinates":[139.7569198,35.6968993]}},{"type":"Feature","properties":{"id":"osm-node-5455368498","osmId":5455368498,"name":"青蓮","category":"restaurant","subcategory":"chinese","floor":null,"address":null,"era":"unknown","hours":null,"website":null,"sourceLabel":"OpenStreetMap","sourceUrl":"https://www.openstreetmap.org/node/5455368498","sourceType":"open_data","observedAt":"2026-09-22","confidence":"reference","buildingId":"building-1696080"},"geometry":{"type":"Point","coordinates":[139.7589007,35.6949183]}},{"type":"Feature","properties":{"id":"osm-node-13108052159","osmId":13108052159,"name":"餃子八","category":"restaurant","subcategory":"pub","floor":null,"address":null,"era":"unknown","hours":null,"website":null,"sourceLabel":"OpenStreetMap","sourceUrl":"https://www.openstreetmap.org/node/13108052159","sourceType":"open_data","observedAt":"2026-09-22","confidence":"reference","buildingId":"building-1698077"},"geometry":{"type":"Point","coordinates":[139.7575813,35.6976129]}},{"type":"Feature","properties":{"id":"osm-node-7899874352","osmId":7899874352,"name":"馬さん餃子酒場","category":"restaurant","subcategory":"pub","floor":null,"address":null,"era":"unknown","hours":null,"website":null,"sourceLabel":"OpenStreetMap","sourceUrl":"https://www.openstreetmap.org/node/7899874352","sourceType":"open_data","observedAt":"2026-09-22","confidence":"reference","buildingId":"building-1691293"},"geometry":{"type":"Point","coordinates":[139.757639,35.6951675]}},{"type":"Feature","properties":{"id":"osm-node-5214254926","osmId":5214254926,"name":"馬子禄牛肉面","category":"restaurant","subcategory":"chinese;noodle","floor":"0","address":null,"era":"unknown","hours":"11:00-14:30,17:00-20:30;We off","website":null,"sourceLabel":"OpenStreetMap","sourceUrl":"https://www.openstreetmap.org/node/5214254926","sourceType":"open_data","observedAt":"2026-09-22","confidence":"reference","buildingId":"building-1694655"},"geometry":{"type":"Point","coordinates":[139.760085,35.6958127]}},{"type":"Feature","properties":{"id":"osm-node-5614976936","osmId":5614976936,"name":"魚玉","category":"restaurant","subcategory":"restaurant","floor":"0","address":"千代田区32","era":"unknown","hours":null,"website":null,"sourceLabel":"OpenStreetMap","sourceUrl":"https://www.openstreetmap.org/node/5614976936","sourceType":"open_data","observedAt":"2026-09-22","confidence":"reference","buildingId":"building-1695758"},"geometry":{"type":"Point","coordinates":[139.7583541,35.6971737]}},{"type":"Feature","properties":{"id":"osm-node-3606951992","osmId":3606951992,"name":"魚百","category":"restaurant","subcategory":"pub","floor":null,"address":null,"era":"unknown","hours":null,"website":null,"sourceLabel":"OpenStreetMap","sourceUrl":"https://www.openstreetmap.org/node/3606951992","sourceType":"open_data","observedAt":"2026-09-22","confidence":"reference","buildingId":"building-1694590"},"geometry":{"type":"Point","coordinates":[139.7597638,35.6966553]}},{"type":"Feature","properties":{"id":"osm-node-7030399216","osmId":7030399216,"name":"魚酒場 一","category":"restaurant","subcategory":"pub","floor":"0","address":null,"era":"unknown","hours":null,"website":null,"sourceLabel":"OpenStreetMap","sourceUrl":"https://www.openstreetmap.org/node/7030399216","sourceType":"open_data","observedAt":"2026-09-22","confidence":"reference","buildingId":"building-1690620"},"geometry":{"type":"Point","coordinates":[139.7568829,35.6969657]}},{"type":"Feature","properties":{"id":"osm-node-6831816064","osmId":6831816064,"name":"魚金","category":"restaurant","subcategory":"pub","floor":"0","address":null,"era":"unknown","hours":null,"website":null,"sourceLabel":"OpenStreetMap","sourceUrl":"https://www.openstreetmap.org/node/6831816064","sourceType":"open_data","observedAt":"2026-09-22","confidence":"reference","buildingId":"building-1696035"},"geometry":{"type":"Point","coordinates":[139.7586979,35.6952248]}},{"type":"Feature","properties":{"id":"osm-node-13108052166","osmId":13108052166,"name":"鰹が昇るまで","category":"restaurant","subcategory":"ramen","floor":null,"address":null,"era":"unknown","hours":null,"website":null,"sourceLabel":"OpenStreetMap","sourceUrl":"https://www.openstreetmap.org/node/13108052166","sourceType":"open_data","observedAt":"2026-09-22","confidence":"reference","buildingId":"building-1695730"},"geometry":{"type":"Point","coordinates":[139.7572418,35.6973921]}},{"type":"Feature","properties":{"id":"osm-node-1634100056","osmId":1634100056,"name":"鳥元","category":"restaurant","subcategory":"pub","floor":null,"address":null,"era":"unknown","hours":null,"website":null,"sourceLabel":"OpenStreetMap","sourceUrl":"https://www.openstreetmap.org/node/1634100056","sourceType":"open_data","observedAt":"2026-09-22","confidence":"reference","buildingId":"building-1694680"},"geometry":{"type":"Point","coordinates":[139.7585388,35.695631]}},{"type":"Feature","properties":{"id":"osm-node-5254061965","osmId":5254061965,"name":"鳥貴族","category":"restaurant","subcategory":"pub","floor":null,"address":null,"era":"unknown","hours":null,"website":null,"sourceLabel":"OpenStreetMap","sourceUrl":"https://www.openstreetmap.org/node/5254061965","sourceType":"open_data","observedAt":"2026-09-22","confidence":"reference","buildingId":"building-1694634"},"geometry":{"type":"Point","coordinates":[139.7589523,35.6961804]}},{"type":"Feature","properties":{"id":"osm-node-5455368495","osmId":5455368495,"name":"鴻","category":"restaurant","subcategory":"curry","floor":null,"address":null,"era":"unknown","hours":null,"website":null,"sourceLabel":"OpenStreetMap","sourceUrl":"https://www.openstreetmap.org/node/5455368495","sourceType":"open_data","observedAt":"2026-09-22","confidence":"reference","buildingId":"building-1696072"},"geometry":{"type":"Point","coordinates":[139.7602674,35.6950488]}},{"type":"Feature","properties":{"id":"osm-node-4972920497","osmId":4972920497,"name":"鶏ジロー","category":"restaurant","subcategory":"restaurant","floor":null,"address":null,"era":"unknown","hours":null,"website":null,"sourceLabel":"OpenStreetMap","sourceUrl":"https://www.openstreetmap.org/node/4972920497","sourceType":"open_data","observedAt":"2026-09-22","confidence":"reference","buildingId":"building-1694487"},"geometry":{"type":"Point","coordinates":[139.7565382,35.6983558]}},{"type":"Feature","properties":{"id":"osm-node-6403201415","osmId":6403201415,"name":"鶴八","category":"restaurant","subcategory":"sushi","floor":null,"address":null,"era":"unknown","hours":null,"website":null,"sourceLabel":"OpenStreetMap","sourceUrl":"https://www.openstreetmap.org/node/6403201415","sourceType":"open_data","observedAt":"2026-09-22","confidence":"reference","buildingId":"building-1695875"},"geometry":{"type":"Point","coordinates":[139.7564255,35.6963047]}},{"type":"Feature","properties":{"id":"osm-node-6768292069","osmId":6768292069,"name":"麺屋33","category":"restaurant","subcategory":"restaurant","floor":null,"address":null,"era":"unknown","hours":null,"website":null,"sourceLabel":"OpenStreetMap","sourceUrl":"https://www.openstreetmap.org/node/6768292069","sourceType":"open_data","observedAt":"2026-09-22","confidence":"reference","buildingId":"building-1690335"},"geometry":{"type":"Point","coordinates":[139.7573915,35.6978792]}},{"type":"Feature","properties":{"id":"osm-node-4964039144","osmId":4964039144,"name":"ABC MART","category":"retail","subcategory":"shoes","floor":null,"address":null,"era":"unknown","hours":null,"website":null,"sourceLabel":"OpenStreetMap","sourceUrl":"https://www.openstreetmap.org/node/4964039144","sourceType":"open_data","observedAt":"2026-09-22","confidence":"reference","buildingId":"building-1694702"},"geometry":{"type":"Point","coordinates":[139.7611079,35.6953132]}},{"type":"Feature","properties":{"id":"osm-node-13086503102","osmId":13086503102,"name":"Aeon Liquor","category":"retail","subcategory":"alcohol","floor":null,"address":null,"era":"unknown","hours":null,"website":null,"sourceLabel":"OpenStreetMap","sourceUrl":"https://www.openstreetmap.org/node/13086503102","sourceType":"open_data","observedAt":"2026-09-22","confidence":"reference","buildingId":"building-1690948"},"geometry":{"type":"Point","coordinates":[139.7565801,35.6960841]}},{"type":"Feature","properties":{"id":"osm-node-5613596246","osmId":5613596246,"name":"BLUE BLUE KANDA","category":"retail","subcategory":"clothes","floor":"0","address":null,"era":"unknown","hours":null,"website":null,"sourceLabel":"OpenStreetMap","sourceUrl":"https://www.openstreetmap.org/node/5613596246","sourceType":"open_data","observedAt":"2026-09-22","confidence":"reference","buildingId":"building-1690429"},"geometry":{"type":"Point","coordinates":[139.7592197,35.6975085]}},{"type":"Feature","properties":{"id":"osm-node-3778007074","osmId":3778007074,"name":"CANDY BOUQUET","category":"retail","subcategory":"gift","floor":null,"address":null,"era":"unknown","hours":null,"website":null,"sourceLabel":"OpenStreetMap","sourceUrl":"https://www.openstreetmap.org/node/3778007074","sourceType":"open_data","observedAt":"2026-09-22","confidence":"reference","buildingId":"building-1691549"},"geometry":{"type":"Point","coordinates":[139.7595821,35.6947031]}},{"type":"Feature","properties":{"id":"osm-node-3342922518","osmId":3342922518,"name":"COCO","category":"retail","subcategory":"hairdresser","floor":"1","address":null,"era":"unknown","hours":null,"website":null,"sourceLabel":"OpenStreetMap","sourceUrl":"https://www.openstreetmap.org/node/3342922518","sourceType":"open_data","observedAt":"2026-09-22","confidence":"reference","buildingId":"building-1695962"},"geometry":{"type":"Point","coordinates":[139.7560761,35.6956833]}},{"type":"Feature","properties":{"id":"osm-node-3824414773","osmId":3824414773,"name":"Corso","category":"retail","subcategory":"art","floor":null,"address":null,"era":"unknown","hours":null,"website":null,"sourceLabel":"OpenStreetMap","sourceUrl":"https://www.openstreetmap.org/node/3824414773","sourceType":"open_data","observedAt":"2026-09-22","confidence":"reference","buildingId":"building-1695975"},"geometry":{"type":"Point","coordinates":[139.7549678,35.6956608]}},{"type":"Feature","properties":{"id":"osm-node-3342922519","osmId":3342922519,"name":"DEPAK","category":"retail","subcategory":"variety_store","floor":null,"address":null,"era":"unknown","hours":null,"website":null,"sourceLabel":"OpenStreetMap","sourceUrl":"https://www.openstreetmap.org/node/3342922519","sourceType":"open_data","observedAt":"2026-09-22","confidence":"reference","buildingId":"building-1699298"},"geometry":{"type":"Point","coordinates":[139.7564862,35.6957451]}},{"type":"Feature","properties":{"id":"osm-node-6823038535","osmId":6823038535,"name":"HOMME HAIR Zero","category":"retail","subcategory":"hairdresser","floor":null,"address":null,"era":"unknown","hours":null,"website":null,"sourceLabel":"OpenStreetMap","sourceUrl":"https://www.openstreetmap.org/node/6823038535","sourceType":"open_data","observedAt":"2026-09-22","confidence":"reference","buildingId":"building-1694582"},"geometry":{"type":"Point","coordinates":[139.7579987,35.6967942]}},{"type":"Feature","properties":{"id":"osm-node-5388406297","osmId":5388406297,"name":"K-Village","category":"retail","subcategory":"sports","floor":null,"address":null,"era":"unknown","hours":null,"website":"https://www.k-village.jp/","sourceLabel":"OpenStreetMap","sourceUrl":"https://www.openstreetmap.org/node/5388406297","sourceType":"open_data","observedAt":"2026-09-22","confidence":"reference","buildingId":"building-1690954"},"geometry":{"type":"Point","coordinates":[139.7586486,35.6961864]}},{"type":"Feature","properties":{"id":"osm-way-231779049","osmId":231779049,"name":"K-Village","category":"retail","subcategory":"yes","floor":null,"address":"千代田区神田神保町10","era":"unknown","hours":null,"website":"https://company.kandahar.co.jp/shop/kvillage/","sourceLabel":"OpenStreetMap","sourceUrl":"https://www.openstreetmap.org/way/231779049","sourceType":"open_data","observedAt":"2026-09-22","confidence":"reference","buildingId":"building-1690954"},"geometry":{"type":"Point","coordinates":[139.75865105,35.69619240000001]}},{"type":"Feature","properties":{"id":"osm-node-5252152105","osmId":5252152105,"name":"KANDAHAR","category":"retail","subcategory":"sports","floor":"0","address":null,"era":"unknown","hours":null,"website":"https://www.kandahar.co.jp","sourceLabel":"OpenStreetMap","sourceUrl":"https://www.openstreetmap.org/node/5252152105","sourceType":"open_data","observedAt":"2026-09-22","confidence":"reference","buildingId":"building-1690748"},"geometry":{"type":"Point","coordinates":[139.7599299,35.6965889]}},{"type":"Feature","properties":{"id":"osm-node-5254109507","osmId":5254109507,"name":"KANDAHAR","category":"retail","subcategory":"sports","floor":"0","address":null,"era":"unknown","hours":null,"website":"https://www.kandahar.co.jp","sourceLabel":"OpenStreetMap","sourceUrl":"https://www.openstreetmap.org/node/5254109507","sourceType":"open_data","observedAt":"2026-09-22","confidence":"reference","buildingId":"building-1690605"},"geometry":{"type":"Point","coordinates":[139.7596208,35.6970664]}},{"type":"Feature","properties":{"id":"osm-node-5254109508","osmId":5254109508,"name":"KANDAHAR","category":"retail","subcategory":"sports","floor":"0","address":null,"era":"unknown","hours":null,"website":"https://www.kandahar.co.jp","sourceLabel":"OpenStreetMap","sourceUrl":"https://www.openstreetmap.org/node/5254109508","sourceType":"open_data","observedAt":"2026-09-22","confidence":"reference","buildingId":"building-1690626"},"geometry":{"type":"Point","coordinates":[139.7597234,35.6969189]}},{"type":"Feature","properties":{"id":"osm-node-7215839959","osmId":7215839959,"name":"Kandahar","category":"retail","subcategory":"sports","floor":null,"address":null,"era":"unknown","hours":null,"website":null,"sourceLabel":"OpenStreetMap","sourceUrl":"https://www.openstreetmap.org/node/7215839959","sourceType":"open_data","observedAt":"2026-09-22","confidence":"reference","buildingId":"building-1695797"},"geometry":{"type":"Point","coordinates":[139.7598305,35.6967873]}},{"type":"Feature","properties":{"id":"osm-node-7923010314","osmId":7923010314,"name":"Ken House","category":"retail","subcategory":"tailor","floor":null,"address":null,"era":"unknown","hours":null,"website":null,"sourceLabel":"OpenStreetMap","sourceUrl":"https://www.openstreetmap.org/node/7923010314","sourceType":"open_data","observedAt":"2026-09-22","confidence":"reference","buildingId":"building-1691264"},"geometry":{"type":"Point","coordinates":[139.7560735,35.695326]}},{"type":"Feature","properties":{"id":"osm-node-10743318079","osmId":10743318079,"name":"Kinonedo","category":"retail","subcategory":"confectionery","floor":null,"address":"千代田区32","era":"unknown","hours":null,"website":null,"sourceLabel":"OpenStreetMap","sourceUrl":"https://www.openstreetmap.org/node/10743318079","sourceType":"open_data","observedAt":"2026-09-22","confidence":"reference","buildingId":"building-1695732"},"geometry":{"type":"Point","coordinates":[139.7584597,35.6973702]}},{"type":"Feature","properties":{"id":"osm-node-4030801427","osmId":4030801427,"name":"LaLaさかいや","category":"retail","subcategory":"sports","floor":null,"address":null,"era":"unknown","hours":"11:00-20:00","website":"https://www.sakaiya.com/wp/shopinfo/lala","sourceLabel":"OpenStreetMap","sourceUrl":"https://www.openstreetmap.org/node/4030801427","sourceType":"open_data","observedAt":"2026-09-22","confidence":"reference","buildingId":"building-1690310"},"geometry":{"type":"Point","coordinates":[139.7564796,35.6980347]}},{"type":"Feature","properties":{"id":"osm-node-6768292065","osmId":6768292065,"name":"MJG整体院","category":"retail","subcategory":"massage","floor":null,"address":null,"era":"unknown","hours":null,"website":null,"sourceLabel":"OpenStreetMap","sourceUrl":"https://www.openstreetmap.org/node/6768292065","sourceType":"open_data","observedAt":"2026-09-22","confidence":"reference","buildingId":"building-1698074"},"geometry":{"type":"Point","coordinates":[139.7574849,35.6978054]}},{"type":"Feature","properties":{"id":"osm-node-5252152097","osmId":5252152097,"name":"QBハウス","category":"retail","subcategory":"hairdresser","floor":"0","address":null,"era":"unknown","hours":null,"website":null,"sourceLabel":"OpenStreetMap","sourceUrl":"https://www.openstreetmap.org/node/5252152097","sourceType":"open_data","observedAt":"2026-09-22","confidence":"reference","buildingId":"building-1695787"},"geometry":{"type":"Point","coordinates":[139.7597546,35.6968532]}},{"type":"Feature","properties":{"id":"osm-node-5615071227","osmId":5615071227,"name":"RimShot","category":"retail","subcategory":"musical_instrument","floor":null,"address":null,"era":"unknown","hours":null,"website":null,"sourceLabel":"OpenStreetMap","sourceUrl":"https://www.openstreetmap.org/node/5615071227","sourceType":"open_data","observedAt":"2026-09-22","confidence":"reference","buildingId":"building-1695764"},"geometry":{"type":"Point","coordinates":[139.7581797,35.6971044]}},{"type":"Feature","properties":{"id":"osm-node-11337867170","osmId":11337867170,"name":"Sankyo Cleaning","category":"retail","subcategory":"dry_cleaning","floor":null,"address":null,"era":"unknown","hours":null,"website":null,"sourceLabel":"OpenStreetMap","sourceUrl":"https://www.openstreetmap.org/node/11337867170","sourceType":"open_data","observedAt":"2026-09-22","confidence":"reference","buildingId":"building-1698282"},"geometry":{"type":"Point","coordinates":[139.7590975,35.6943716]}},{"type":"Feature","properties":{"id":"osm-node-1634099722","osmId":1634099722,"name":"Suit Select","category":"retail","subcategory":"clothes","floor":"0","address":null,"era":"unknown","hours":null,"website":null,"sourceLabel":"OpenStreetMap","sourceUrl":"https://www.openstreetmap.org/node/1634099722","sourceType":"open_data","observedAt":"2026-09-22","confidence":"reference","buildingId":"building-1691206"},"geometry":{"type":"Point","coordinates":[139.7578121,35.6956989]}},{"type":"Feature","properties":{"id":"osm-node-12425865958","osmId":12425865958,"name":"The Willow","category":"retail","subcategory":"hairdresser","floor":"1","address":null,"era":"unknown","hours":"Mo-Fr 11:00-21:00; Sa,Su 11:00-20:00","website":null,"sourceLabel":"OpenStreetMap","sourceUrl":"https://www.openstreetmap.org/node/12425865958","sourceType":"open_data","observedAt":"2026-09-22","confidence":"reference","buildingId":"building-1691336"},"geometry":{"type":"Point","coordinates":[139.7602576,35.6952963]}},{"type":"Feature","properties":{"id":"osm-node-10600402270","osmId":10600402270,"name":"Trek","category":"retail","subcategory":"bicycle","floor":"0;1","address":null,"era":"unknown","hours":"Mo,We-Su 11:00-19:00","website":null,"sourceLabel":"OpenStreetMap","sourceUrl":"https://www.openstreetmap.org/node/10600402270","sourceType":"open_data","observedAt":"2026-09-22","confidence":"reference","buildingId":"building-1694636"},"geometry":{"type":"Point","coordinates":[139.7602018,35.6961834]}},{"type":"Feature","properties":{"id":"osm-node-6784840891","osmId":6784840891,"name":"Vanfu","category":"retail","subcategory":"bag","floor":null,"address":null,"era":"unknown","hours":null,"website":null,"sourceLabel":"OpenStreetMap","sourceUrl":"https://www.openstreetmap.org/node/6784840891","sourceType":"open_data","observedAt":"2026-09-22","confidence":"reference","buildingId":"building-1694608"},"geometry":{"type":"Point","coordinates":[139.7577699,35.6963774]}},{"type":"Feature","properties":{"id":"osm-node-7923010308","osmId":7923010308,"name":"きのえねや","category":"retail","subcategory":"alcohol","floor":"0","address":null,"era":"unknown","hours":null,"website":"https://www.kinoeneya.net/","sourceLabel":"OpenStreetMap","sourceUrl":"https://www.openstreetmap.org/node/7923010308","sourceType":"open_data","observedAt":"2026-09-22","confidence":"reference","buildingId":"building-1696012"},"geometry":{"type":"Point","coordinates":[139.7558995,35.6952999]}},{"type":"Feature","properties":{"id":"osm-node-6784918732","osmId":6784918732,"name":"こころ整骨院","category":"retail","subcategory":"massage","floor":null,"address":null,"era":"unknown","hours":null,"website":null,"sourceLabel":"OpenStreetMap","sourceUrl":"https://www.openstreetmap.org/node/6784918732","sourceType":"open_data","observedAt":"2026-09-22","confidence":"reference","buildingId":"building-1695757"},"geometry":{"type":"Point","coordinates":[139.7573586,35.6971476]}},{"type":"Feature","properties":{"id":"osm-node-13706202490","osmId":13706202490,"name":"さかいやスポーツ","category":"retail","subcategory":"outdoor","floor":null,"address":null,"era":"unknown","hours":"Mo-Sa,PH 11:00-20:00; Su 11:00-19:00; Dec 31-Jan 01 off","website":null,"sourceLabel":"OpenStreetMap","sourceUrl":"https://www.openstreetmap.org/node/13706202490","sourceType":"open_data","observedAt":"2026-09-22","confidence":"reference","buildingId":"building-1690357"},"geometry":{"type":"Point","coordinates":[139.7563411,35.6976554]}},{"type":"Feature","properties":{"id":"osm-node-5214254932","osmId":5214254932,"name":"じゃんぱら","category":"retail","subcategory":"computer","floor":"0","address":null,"era":"unknown","hours":null,"website":null,"sourceLabel":"OpenStreetMap","sourceUrl":"https://www.openstreetmap.org/node/5214254932","sourceType":"open_data","observedAt":"2026-09-22","confidence":"reference","buildingId":"building-1690860"},"geometry":{"type":"Point","coordinates":[139.7600345,35.6962]}},{"type":"Feature","properties":{"id":"osm-node-6817614530","osmId":6817614530,"name":"すごろくや","category":"retail","subcategory":"toys","floor":"6","address":"千代田区3","era":"unknown","hours":"Mo-Tu off; PH,We-Fr 12:00-20:00; Sa-Su 11:00-20:00","website":"https://sugorokuya.jp/shops/jimbocho","sourceLabel":"OpenStreetMap","sourceUrl":"https://www.openstreetmap.org/node/6817614530","sourceType":"open_data","observedAt":"2026-09-22","confidence":"reference","buildingId":"building-1694669"},"geometry":{"type":"Point","coordinates":[139.7573721,35.6956938]}},{"type":"Feature","properties":{"id":"osm-node-6768292064","osmId":6768292064,"name":"てもみん","category":"retail","subcategory":"massage","floor":null,"address":null,"era":"unknown","hours":null,"website":null,"sourceLabel":"OpenStreetMap","sourceUrl":"https://www.openstreetmap.org/node/6768292064","sourceType":"open_data","observedAt":"2026-09-22","confidence":"reference","buildingId":"building-1694521"},"geometry":{"type":"Point","coordinates":[139.7573217,35.6979674]}},{"type":"Feature","properties":{"id":"osm-node-4964137904","osmId":4964137904,"name":"はぐるまや模型店","category":"retail","subcategory":"toys","floor":"1","address":null,"era":"unknown","hours":null,"website":null,"sourceLabel":"OpenStreetMap","sourceUrl":"https://www.openstreetmap.org/node/4964137904","sourceType":"open_data","observedAt":"2026-09-22","confidence":"reference","buildingId":"building-1690308"},"geometry":{"type":"Point","coordinates":[139.7559535,35.6980783]}},{"type":"Feature","properties":{"id":"osm-node-3777876587","osmId":3777876587,"name":"まいばすけっと","category":"retail","subcategory":"supermarket","floor":null,"address":null,"era":"unknown","hours":"Mo-Su 07:00-23:00","website":null,"sourceLabel":"OpenStreetMap","sourceUrl":"https://www.openstreetmap.org/node/3777876587","sourceType":"open_data","observedAt":"2026-09-22","confidence":"reference","buildingId":"building-1690332"},"geometry":{"type":"Point","coordinates":[139.7554548,35.6978707]}},{"type":"Feature","properties":{"id":"osm-node-11337843163","osmId":11337843163,"name":"まいばすけっと","category":"retail","subcategory":"supermarket","floor":"0","address":null,"era":"unknown","hours":"08:00-23:00","website":null,"sourceLabel":"OpenStreetMap","sourceUrl":"https://www.openstreetmap.org/node/11337843163","sourceType":"open_data","observedAt":"2026-09-22","confidence":"reference","buildingId":"building-1698282"},"geometry":{"type":"Point","coordinates":[139.7588329,35.6943958]}},{"type":"Feature","properties":{"id":"osm-node-6784811574","osmId":6784811574,"name":"みんなのてもみ","category":"retail","subcategory":"massage","floor":"1","address":null,"era":"unknown","hours":"Mo-Fr 11:00-22:00;Sa,Su,PH 11:00-20:00","website":null,"sourceLabel":"OpenStreetMap","sourceUrl":"https://www.openstreetmap.org/node/6784811574","sourceType":"open_data","observedAt":"2026-09-22","confidence":"reference","buildingId":"building-1694608"},"geometry":{"type":"Point","coordinates":[139.7577588,35.6963851]}},{"type":"Feature","properties":{"id":"osm-node-6784918731","osmId":6784918731,"name":"れんず屋","category":"retail","subcategory":"optician","floor":null,"address":null,"era":"unknown","hours":null,"website":null,"sourceLabel":"OpenStreetMap","sourceUrl":"https://www.openstreetmap.org/node/6784918731","sourceType":"open_data","observedAt":"2026-09-22","confidence":"reference","buildingId":"building-1694569"},"geometry":{"type":"Point","coordinates":[139.7573569,35.6970873]}},{"type":"Feature","properties":{"id":"osm-node-2135892988","osmId":2135892988,"name":"イディア・クラッシック","category":"retail","subcategory":"music","floor":null,"address":null,"era":"unknown","hours":null,"website":null,"sourceLabel":"OpenStreetMap","sourceUrl":"https://www.openstreetmap.org/node/2135892988","sourceType":"open_data","observedAt":"2026-09-22","confidence":"reference","buildingId":"building-1691291"},"geometry":{"type":"Point","coordinates":[139.754512,35.69528]}},{"type":"Feature","properties":{"id":"osm-node-12051029386","osmId":12051029386,"name":"カプセル楽局","category":"retail","subcategory":"toys","floor":null,"address":null,"era":"unknown","hours":"Mo-Su 10:00-22:00","website":null,"sourceLabel":"OpenStreetMap","sourceUrl":"https://www.openstreetmap.org/node/12051029386","sourceType":"open_data","observedAt":"2026-09-22","confidence":"reference","buildingId":"building-1691236"},"geometry":{"type":"Point","coordinates":[139.7588629,35.6954228]}},{"type":"Feature","properties":{"id":"osm-way-175987628","osmId":175987628,"name":"カンダハー本店","category":"retail","subcategory":"ski","floor":null,"address":"千代田区神田神保町2424","era":"unknown","hours":"11:00-20:00","website":"https://www.kandahar.co.jp/","sourceLabel":"OpenStreetMap","sourceUrl":"https://www.openstreetmap.org/way/175987628","sourceType":"open_data","observedAt":"2026-09-22","confidence":"reference","buildingId":"building-1690492"},"geometry":{"type":"Point","coordinates":[139.75938049999996,35.69726969999999]}},{"type":"Feature","properties":{"id":"osm-node-6784918729","osmId":6784918729,"name":"キャンドゥ","category":"retail","subcategory":"variety_store","floor":null,"address":null,"era":"unknown","hours":null,"website":null,"sourceLabel":"OpenStreetMap","sourceUrl":"https://www.openstreetmap.org/node/6784918729","sourceType":"open_data","observedAt":"2026-09-22","confidence":"reference","buildingId":"building-1694570"},"geometry":{"type":"Point","coordinates":[139.7574346,35.6969885]}},{"type":"Feature","properties":{"id":"osm-node-7923010315","osmId":7923010315,"name":"ギフトショップ若草","category":"retail","subcategory":"gift","floor":"0","address":null,"era":"unknown","hours":null,"website":null,"sourceLabel":"OpenStreetMap","sourceUrl":"https://www.openstreetmap.org/node/7923010315","sourceType":"open_data","observedAt":"2026-09-22","confidence":"reference","buildingId":"building-1691264"},"geometry":{"type":"Point","coordinates":[139.7561099,35.6953253]}},{"type":"Feature","properties":{"id":"osm-node-4018941183","osmId":4018941183,"name":"ギャラリーかわまつ","category":"retail","subcategory":"art","floor":null,"address":null,"era":"unknown","hours":null,"website":null,"sourceLabel":"OpenStreetMap","sourceUrl":"https://www.openstreetmap.org/node/4018941183","sourceType":"open_data","observedAt":"2026-09-22","confidence":"reference","buildingId":"building-1694603"},"geometry":{"type":"Point","coordinates":[139.7571695,35.6965538]}},{"type":"Feature","properties":{"id":"osm-node-5613596239","osmId":5613596239,"name":"ギャラリー内田","category":"retail","subcategory":"art","floor":"1","address":null,"era":"unknown","hours":null,"website":null,"sourceLabel":"OpenStreetMap","sourceUrl":"https://www.openstreetmap.org/node/5613596239","sourceType":"open_data","observedAt":"2026-09-22","confidence":"reference","buildingId":"building-1695749"},"geometry":{"type":"Point","coordinates":[139.7587061,35.6973027]}},{"type":"Feature","properties":{"id":"osm-node-1634099758","osmId":1634099758,"name":"ココカラファイン","category":"retail","subcategory":"chemist","floor":null,"address":null,"era":"unknown","hours":null,"website":null,"sourceLabel":"OpenStreetMap","sourceUrl":"https://www.openstreetmap.org/node/1634099758","sourceType":"open_data","observedAt":"2026-09-22","confidence":"reference","buildingId":"building-1691173"},"geometry":{"type":"Point","coordinates":[139.7584187,35.6954013]}},{"type":"Feature","properties":{"id":"osm-node-1530426500","osmId":1530426500,"name":"セブン-イレブン","category":"retail","subcategory":"convenience","floor":"0","address":"千代田区5","era":"unknown","hours":"24/7","website":"https://www.sej.co.jp/","sourceLabel":"OpenStreetMap","sourceUrl":"https://www.openstreetmap.org/node/1530426500","sourceType":"open_data","observedAt":"2026-09-22","confidence":"reference","buildingId":"building-1698218"},"geometry":{"type":"Point","coordinates":[139.75931,35.69544]}},{"type":"Feature","properties":{"id":"osm-node-2172603816","osmId":2172603816,"name":"セブン-イレブン","category":"retail","subcategory":"convenience","floor":"0","address":"千代田区381","era":"unknown","hours":"24/7","website":"https://www.sej.co.jp/","sourceLabel":"OpenStreetMap","sourceUrl":"https://www.openstreetmap.org/node/2172603816","sourceType":"open_data","observedAt":"2026-09-22","confidence":"reference","buildingId":"building-1690381"},"geometry":{"type":"Point","coordinates":[139.7546994,35.6975373]}},{"type":"Feature","properties":{"id":"osm-node-3244187061","osmId":3244187061,"name":"セブン-イレブン","category":"retail","subcategory":"convenience","floor":"0","address":"千代田区2","era":"unknown","hours":"24/7","website":"https://www.sej.co.jp/","sourceLabel":"OpenStreetMap","sourceUrl":"https://www.openstreetmap.org/node/3244187061","sourceType":"open_data","observedAt":"2026-09-22","confidence":"reference","buildingId":"building-1690951"},"geometry":{"type":"Point","coordinates":[139.757066,35.696122]}},{"type":"Feature","properties":{"id":"osm-node-3396652567","osmId":3396652567,"name":"セブン-イレブン","category":"retail","subcategory":"convenience","floor":"0","address":"千代田区26","era":"unknown","hours":"24/7","website":"https://www.sej.co.jp/","sourceLabel":"OpenStreetMap","sourceUrl":"https://www.openstreetmap.org/node/3396652567","sourceType":"open_data","observedAt":"2026-09-22","confidence":"reference","buildingId":"building-1691052"},"geometry":{"type":"Point","coordinates":[139.7539974,35.6960288]}},{"type":"Feature","properties":{"id":"osm-node-3606906654","osmId":3606906654,"name":"セブン-イレブン","category":"retail","subcategory":"convenience","floor":"0","address":"千代田区582","era":"unknown","hours":"24/7","website":"https://www.sej.co.jp/","sourceLabel":"OpenStreetMap","sourceUrl":"https://www.openstreetmap.org/node/3606906654","sourceType":"open_data","observedAt":"2026-09-22","confidence":"reference","buildingId":"building-1688530"},"geometry":{"type":"Point","coordinates":[139.757061,35.698538]}},{"type":"Feature","properties":{"id":"osm-node-13375236001","osmId":13375236001,"name":"ゼロシーシー","category":"retail","subcategory":"music","floor":null,"address":null,"era":"unknown","hours":null,"website":"https://www.0cc.jp","sourceLabel":"OpenStreetMap","sourceUrl":"https://www.openstreetmap.org/node/13375236001","sourceType":"open_data","observedAt":"2026-09-22","confidence":"reference","buildingId":"building-1690651"},"geometry":{"type":"Point","coordinates":[139.7570091,35.6968744]}},{"type":"Feature","properties":{"id":"osm-node-6784918730","osmId":6784918730,"name":"タクト","category":"retail","subcategory":"music","floor":null,"address":null,"era":"unknown","hours":null,"website":null,"sourceLabel":"OpenStreetMap","sourceUrl":"https://www.openstreetmap.org/node/6784918730","sourceType":"open_data","observedAt":"2026-09-22","confidence":"reference","buildingId":"building-1694570"},"geometry":{"type":"Point","coordinates":[139.7574118,35.6970248]}},{"type":"Feature","properties":{"id":"osm-node-3625989194","osmId":3625989194,"name":"ダイソー","category":"retail","subcategory":"variety_store","floor":"0","address":null,"era":"unknown","hours":"Mo-Su 10:00-21:00","website":null,"sourceLabel":"OpenStreetMap","sourceUrl":"https://www.openstreetmap.org/node/3625989194","sourceType":"open_data","observedAt":"2026-09-22","confidence":"reference","buildingId":"building-1691240"},"geometry":{"type":"Point","coordinates":[139.7602828,35.6954652]}},{"type":"Feature","properties":{"id":"osm-node-5445799073","osmId":5445799073,"name":"ツルハドラッグ","category":"retail","subcategory":"chemist","floor":null,"address":null,"era":"unknown","hours":null,"website":null,"sourceLabel":"OpenStreetMap","sourceUrl":"https://www.openstreetmap.org/node/5445799073","sourceType":"open_data","observedAt":"2026-09-22","confidence":"reference","buildingId":"building-1691141"},"geometry":{"type":"Point","coordinates":[139.760128,35.6954568]}},{"type":"Feature","properties":{"id":"osm-node-4018933617","osmId":4018933617,"name":"ティーハウス　タカノ","category":"retail","subcategory":"tea","floor":null,"address":null,"era":"unknown","hours":null,"website":null,"sourceLabel":"OpenStreetMap","sourceUrl":"https://www.openstreetmap.org/node/4018933617","sourceType":"open_data","observedAt":"2026-09-22","confidence":"reference","buildingId":"building-1691238"},"geometry":{"type":"Point","coordinates":[139.7598213,35.6954665]}},{"type":"Feature","properties":{"id":"osm-node-5214254937","osmId":5214254937,"name":"ディスクユニオン","category":"retail","subcategory":"music","floor":"1","address":null,"era":"unknown","hours":null,"website":null,"sourceLabel":"OpenStreetMap","sourceUrl":"https://www.openstreetmap.org/node/5214254937","sourceType":"open_data","observedAt":"2026-09-22","confidence":"reference","buildingId":"building-1694635"},"geometry":{"type":"Point","coordinates":[139.7598394,35.696193]}},{"type":"Feature","properties":{"id":"osm-node-1635037270","osmId":1635037270,"name":"トミーズプリン","category":"retail","subcategory":"confectionery","floor":"0","address":null,"era":"unknown","hours":null,"website":null,"sourceLabel":"OpenStreetMap","sourceUrl":"https://www.openstreetmap.org/node/1635037270","sourceType":"open_data","observedAt":"2026-09-22","confidence":"reference","buildingId":"building-1695990"},"geometry":{"type":"Point","coordinates":[139.761002,35.695494]}},{"type":"Feature","properties":{"id":"osm-node-4018938381","osmId":4018938381,"name":"ハイテクタウン","category":"retail","subcategory":"sports","floor":null,"address":null,"era":"unknown","hours":null,"website":null,"sourceLabel":"OpenStreetMap","sourceUrl":"https://www.openstreetmap.org/node/4018938381","sourceType":"open_data","observedAt":"2026-09-22","confidence":"reference","buildingId":"building-1690197"},"geometry":{"type":"Point","coordinates":[139.7572716,35.6984922]}},{"type":"Feature","properties":{"id":"osm-node-6817614544","osmId":6817614544,"name":"パソコンロッジ","category":"retail","subcategory":"electronics","floor":"0","address":null,"era":"unknown","hours":null,"website":null,"sourceLabel":"OpenStreetMap","sourceUrl":"https://www.openstreetmap.org/node/6817614544","sourceType":"open_data","observedAt":"2026-09-22","confidence":"reference","buildingId":"building-1690858"},"geometry":{"type":"Point","coordinates":[139.7582651,35.6962077]}},{"type":"Feature","properties":{"id":"osm-node-3835260594","osmId":3835260594,"name":"パレットプラザ","category":"retail","subcategory":"photo","floor":null,"address":null,"era":"unknown","hours":null,"website":null,"sourceLabel":"OpenStreetMap","sourceUrl":"https://www.openstreetmap.org/node/3835260594","sourceType":"open_data","observedAt":"2026-09-22","confidence":"reference","buildingId":"building-1690907"},"geometry":{"type":"Point","coordinates":[139.7549991,35.6960419]}},{"type":"Feature","properties":{"id":"osm-node-3731202386","osmId":3731202386,"name":"ファミリーマート","category":"retail","subcategory":"convenience","floor":"0","address":null,"era":"unknown","hours":null,"website":null,"sourceLabel":"OpenStreetMap","sourceUrl":"https://www.openstreetmap.org/node/3731202386","sourceType":"open_data","observedAt":"2026-09-22","confidence":"reference","buildingId":"building-1691266"},"geometry":{"type":"Point","coordinates":[139.7574312,35.6954129]}},{"type":"Feature","properties":{"id":"osm-node-3731202387","osmId":3731202387,"name":"ファミリーマート","category":"retail","subcategory":"convenience","floor":null,"address":null,"era":"unknown","hours":"24/7","website":null,"sourceLabel":"OpenStreetMap","sourceUrl":"https://www.openstreetmap.org/node/3731202387","sourceType":"open_data","observedAt":"2026-09-22","confidence":"reference","buildingId":"building-1691421"},"geometry":{"type":"Point","coordinates":[139.7595652,35.6949773]}},{"type":"Feature","properties":{"id":"osm-node-3777815474","osmId":3777815474,"name":"ファミリーマート","category":"retail","subcategory":"convenience","floor":null,"address":"千代田区神田神保町","era":"unknown","hours":"24/7","website":null,"sourceLabel":"OpenStreetMap","sourceUrl":"https://www.openstreetmap.org/node/3777815474","sourceType":"open_data","observedAt":"2026-09-22","confidence":"reference","buildingId":"building-1690908"},"geometry":{"type":"Point","coordinates":[139.7549141,35.6963357]}},{"type":"Feature","properties":{"id":"osm-node-4405880060","osmId":4405880060,"name":"ファミリーマート","category":"retail","subcategory":"convenience","floor":null,"address":null,"era":"unknown","hours":null,"website":null,"sourceLabel":"OpenStreetMap","sourceUrl":"https://www.openstreetmap.org/node/4405880060","sourceType":"open_data","observedAt":"2026-09-22","confidence":"reference","buildingId":"building-1691378"},"geometry":{"type":"Point","coordinates":[139.7559414,35.6949989]}},{"type":"Feature","properties":{"id":"osm-node-4987355248","osmId":4987355248,"name":"ファミリーマート","category":"retail","subcategory":"convenience","floor":"0","address":null,"era":"unknown","hours":"24/7","website":null,"sourceLabel":"OpenStreetMap","sourceUrl":"https://www.openstreetmap.org/node/4987355248","sourceType":"open_data","observedAt":"2026-09-22","confidence":"reference","buildingId":"building-1694634"},"geometry":{"type":"Point","coordinates":[139.7589984,35.6961551]}},{"type":"Feature","properties":{"id":"osm-node-11338891469","osmId":11338891469,"name":"ファミリーマート","category":"retail","subcategory":"convenience","floor":null,"address":null,"era":"unknown","hours":null,"website":null,"sourceLabel":"OpenStreetMap","sourceUrl":"https://www.openstreetmap.org/node/11338891469","sourceType":"open_data","observedAt":"2026-09-22","confidence":"reference","buildingId":"building-1698226"},"geometry":{"type":"Point","coordinates":[139.7572711,35.6951851]}},{"type":"Feature","properties":{"id":"osm-node-10600402271","osmId":10600402271,"name":"ヘアラウンジ　セオリー","category":"retail","subcategory":"hairdresser","floor":"2","address":null,"era":"unknown","hours":null,"website":null,"sourceLabel":"OpenStreetMap","sourceUrl":"https://www.openstreetmap.org/node/10600402271","sourceType":"open_data","observedAt":"2026-09-22","confidence":"reference","buildingId":"building-1694636"},"geometry":{"type":"Point","coordinates":[139.7602039,35.6962189]}},{"type":"Feature","properties":{"id":"osm-node-6768292061","osmId":6768292061,"name":"ポニー","category":"retail","subcategory":"dry_cleaning","floor":null,"address":null,"era":"unknown","hours":null,"website":null,"sourceLabel":"OpenStreetMap","sourceUrl":"https://www.openstreetmap.org/node/6768292061","sourceType":"open_data","observedAt":"2026-09-22","confidence":"reference","buildingId":"building-1695716"},"geometry":{"type":"Point","coordinates":[139.757624,35.6974693]}},{"type":"Feature","properties":{"id":"osm-node-4964137902","osmId":4964137902,"name":"マルエツプチ","category":"retail","subcategory":"supermarket","floor":null,"address":null,"era":"unknown","hours":"Mo-Su 08:00-23:00","website":null,"sourceLabel":"OpenStreetMap","sourceUrl":"https://www.openstreetmap.org/node/4964137902","sourceType":"open_data","observedAt":"2026-09-22","confidence":"reference","buildingId":"building-1690334"},"geometry":{"type":"Point","coordinates":[139.7561064,35.6981532]}},{"type":"Feature","properties":{"id":"osm-node-6784908476","osmId":6784908476,"name":"ミツワ自動車","category":"retail","subcategory":"car","floor":null,"address":null,"era":"unknown","hours":null,"website":null,"sourceLabel":"OpenStreetMap","sourceUrl":"https://www.openstreetmap.org/node/6784908476","sourceType":"open_data","observedAt":"2026-09-22","confidence":"reference","buildingId":"building-1690654"},"geometry":{"type":"Point","coordinates":[139.7579634,35.696857]}},{"type":"Feature","properties":{"id":"osm-way-210687444","osmId":210687444,"name":"ミツワ自動車整備工場","category":"retail","subcategory":"car_repair","floor":null,"address":null,"era":"unknown","hours":null,"website":null,"sourceLabel":"OpenStreetMap","sourceUrl":"https://www.openstreetmap.org/way/210687444","sourceType":"open_data","observedAt":"2026-09-22","confidence":"reference","buildingId":"building-1698769"},"geometry":{"type":"Point","coordinates":[139.7580707,35.69688455]}},{"type":"Feature","properties":{"id":"osm-node-3662611398","osmId":3662611398,"name":"ミニストップ","category":"retail","subcategory":"convenience","floor":null,"address":null,"era":"unknown","hours":null,"website":null,"sourceLabel":"OpenStreetMap","sourceUrl":"https://www.openstreetmap.org/node/3662611398","sourceType":"open_data","observedAt":"2026-09-22","confidence":"reference","buildingId":"building-1690861"},"geometry":{"type":"Point","coordinates":[139.7601175,35.6963555]}},{"type":"Feature","properties":{"id":"osm-node-5756937726","osmId":5756937726,"name":"ミヤタ","category":"retail","subcategory":"stationery","floor":null,"address":"千代田区神田神保町3","era":"unknown","hours":"Mo-Fr 09:30-18:50; Sa-Su 10:30-17:00","website":"http://www.1886miyata.com/","sourceLabel":"OpenStreetMap","sourceUrl":"https://www.openstreetmap.org/node/5756937726","sourceType":"open_data","observedAt":"2026-09-22","confidence":"reference","buildingId":"building-1691237"},"geometry":{"type":"Point","coordinates":[139.7597126,35.6954434]}},{"type":"Feature","properties":{"id":"osm-node-9065501745","osmId":9065501745,"name":"リトルマーメイド","category":"retail","subcategory":"bakery","floor":"0","address":null,"era":"unknown","hours":null,"website":null,"sourceLabel":"OpenStreetMap","sourceUrl":"https://www.openstreetmap.org/node/9065501745","sourceType":"open_data","observedAt":"2026-09-22","confidence":"reference","buildingId":"building-1691337"},"geometry":{"type":"Point","coordinates":[139.7605256,35.6953019]}},{"type":"Feature","properties":{"id":"osm-node-1634100034","osmId":1634100034,"name":"レオ マカラズヤ","category":"retail","subcategory":"bag","floor":null,"address":null,"era":"unknown","hours":null,"website":null,"sourceLabel":"OpenStreetMap","sourceUrl":"https://www.openstreetmap.org/node/1634100034","sourceType":"open_data","observedAt":"2026-09-22","confidence":"reference","buildingId":"building-1694655"},"geometry":{"type":"Point","coordinates":[139.760131,35.6958458]}},{"type":"Feature","properties":{"id":"osm-node-3888633854","osmId":3888633854,"name":"レコード社","category":"retail","subcategory":"music","floor":null,"address":null,"era":"unknown","hours":null,"website":null,"sourceLabel":"OpenStreetMap","sourceUrl":"https://www.openstreetmap.org/node/3888633854","sourceType":"open_data","observedAt":"2026-09-22","confidence":"reference","buildingId":"building-1694538"},"geometry":{"type":"Point","coordinates":[139.7569671,35.6978425]}},{"type":"Feature","properties":{"id":"osm-node-3777815475","osmId":3777815475,"name":"ローソン","category":"retail","subcategory":"convenience","floor":null,"address":null,"era":"unknown","hours":null,"website":null,"sourceLabel":"OpenStreetMap","sourceUrl":"https://www.openstreetmap.org/node/3777815475","sourceType":"open_data","observedAt":"2026-09-22","confidence":"reference","buildingId":"building-1690815"},"geometry":{"type":"Point","coordinates":[139.755299,35.6963727]}},{"type":"Feature","properties":{"id":"osm-node-3777876588","osmId":3777876588,"name":"ローソン","category":"retail","subcategory":"convenience","floor":null,"address":null,"era":"unknown","hours":null,"website":null,"sourceLabel":"OpenStreetMap","sourceUrl":"https://www.openstreetmap.org/node/3777876588","sourceType":"open_data","observedAt":"2026-09-22","confidence":"reference","buildingId":"building-1694566"},"geometry":{"type":"Point","coordinates":[139.7572214,35.6972827]}},{"type":"Feature","properties":{"id":"osm-node-3343070905","osmId":3343070905,"name":"亀澤堂","category":"retail","subcategory":"confectionery","floor":null,"address":null,"era":"unknown","hours":null,"website":null,"sourceLabel":"OpenStreetMap","sourceUrl":"https://www.openstreetmap.org/node/3343070905","sourceType":"open_data","observedAt":"2026-09-22","confidence":"reference","buildingId":"building-1695876"},"geometry":{"type":"Point","coordinates":[139.7582018,35.6963254]}},{"type":"Feature","properties":{"id":"osm-node-13705640483","osmId":13705640483,"name":"信誠堂","category":"retail","subcategory":"stationery","floor":null,"address":null,"era":"unknown","hours":null,"website":null,"sourceLabel":"OpenStreetMap","sourceUrl":"https://www.openstreetmap.org/node/13705640483","sourceType":"open_data","observedAt":"2026-09-22","confidence":"reference","buildingId":"building-1690450"},"geometry":{"type":"Point","coordinates":[139.7564705,35.6974912]}},{"type":"Feature","properties":{"id":"osm-node-6823038528","osmId":6823038528,"name":"埼玉や","category":"retail","subcategory":"tailor","floor":null,"address":null,"era":"unknown","hours":null,"website":null,"sourceLabel":"OpenStreetMap","sourceUrl":"https://www.openstreetmap.org/node/6823038528","sourceType":"open_data","observedAt":"2026-09-22","confidence":"reference","buildingId":"building-1695765"},"geometry":{"type":"Point","coordinates":[139.7586364,35.6970927]}},{"type":"Feature","properties":{"id":"osm-node-3888636657","osmId":3888636657,"name":"奥野かるた店","category":"retail","subcategory":"games","floor":null,"address":null,"era":"unknown","hours":"Mo-Su 12:00-17:00","website":"https://okunokaruta.com","sourceLabel":"OpenStreetMap","sourceUrl":"https://www.openstreetmap.org/node/3888636657","sourceType":"open_data","observedAt":"2026-09-22","confidence":"reference","buildingId":"building-1695676"},"geometry":{"type":"Point","coordinates":[139.7569483,35.6978991]}},{"type":"Feature","properties":{"id":"osm-node-4018941184","osmId":4018941184,"name":"山形屋紙店","category":"retail","subcategory":"stationery","floor":null,"address":null,"era":"unknown","hours":null,"website":null,"sourceLabel":"OpenStreetMap","sourceUrl":"https://www.openstreetmap.org/node/4018941184","sourceType":"open_data","observedAt":"2026-09-22","confidence":"reference","buildingId":"building-1691330"},"geometry":{"type":"Point","coordinates":[139.7575671,35.6951687]}},{"type":"Feature","properties":{"id":"osm-way-231778775","osmId":231778775,"name":"成城石井","category":"retail","subcategory":"supermarket","floor":null,"address":"神田神保町3","era":"unknown","hours":"Mo-Su,PH 00:00-00:00","website":null,"sourceLabel":"OpenStreetMap","sourceUrl":"https://www.openstreetmap.org/way/231778775","sourceType":"open_data","observedAt":"2026-09-22","confidence":"reference","buildingId":"building-1691136"},"geometry":{"type":"Point","coordinates":[139.7546051,35.69565335]}},{"type":"Feature","properties":{"id":"osm-node-6768292054","osmId":6768292054,"name":"文化堂","category":"retail","subcategory":"video","floor":null,"address":null,"era":"unknown","hours":null,"website":null,"sourceLabel":"OpenStreetMap","sourceUrl":"https://www.openstreetmap.org/node/6768292054","sourceType":"open_data","observedAt":"2026-09-22","confidence":"reference","buildingId":"building-1694556"},"geometry":{"type":"Point","coordinates":[139.7571146,35.6975425]}},{"type":"Feature","properties":{"id":"osm-node-13108052165","osmId":13108052165,"name":"文化堂","category":"retail","subcategory":"video","floor":null,"address":null,"era":"unknown","hours":null,"website":null,"sourceLabel":"OpenStreetMap","sourceUrl":"https://www.openstreetmap.org/node/13108052165","sourceType":"open_data","observedAt":"2026-09-22","confidence":"reference","buildingId":"building-1690422"},"geometry":{"type":"Point","coordinates":[139.7570725,35.697661]}},{"type":"Feature","properties":{"id":"osm-node-4018933613","osmId":4018933613,"name":"文房堂","category":"retail","subcategory":"stationery","floor":null,"address":"千代田区神田神保町211","era":"unknown","hours":"Mo-Su 10:00-18:30","website":"http://www.bumpodo.co.jp/","sourceLabel":"OpenStreetMap","sourceUrl":"https://www.openstreetmap.org/node/4018933613","sourceType":"open_data","observedAt":"2026-09-22","confidence":"reference","buildingId":"building-1694724"},"geometry":{"type":"Point","coordinates":[139.7609316,35.6952732]}},{"type":"Feature","properties":{"id":"osm-node-12425866023","osmId":12425866023,"name":"松沢商店","category":"retail","subcategory":"tobacco","floor":"0","address":null,"era":"unknown","hours":null,"website":null,"sourceLabel":"OpenStreetMap","sourceUrl":"https://www.openstreetmap.org/node/12425866023","sourceType":"open_data","observedAt":"2026-09-22","confidence":"reference","buildingId":"building-1691425"},"geometry":{"type":"Point","coordinates":[139.7601406,35.6949605]}},{"type":"Feature","properties":{"id":"osm-node-7922952507","osmId":7922952507,"name":"柿島酒店","category":"retail","subcategory":"alcohol","floor":"0","address":null,"era":"unknown","hours":null,"website":null,"sourceLabel":"OpenStreetMap","sourceUrl":"https://www.openstreetmap.org/node/7922952507","sourceType":"open_data","observedAt":"2026-09-22","confidence":"reference","buildingId":"building-1696013"},"geometry":{"type":"Point","coordinates":[139.7562265,35.6953482]}},{"type":"Feature","properties":{"id":"osm-node-9295064420","osmId":9295064420,"name":"森八 東京店","category":"retail","subcategory":"confectionery","floor":null,"address":null,"era":"unknown","hours":"10:00-18:30","website":null,"sourceLabel":"OpenStreetMap","sourceUrl":"https://www.openstreetmap.org/node/9295064420","sourceType":"open_data","observedAt":"2026-09-22","confidence":"reference","buildingId":"building-1697809"},"geometry":{"type":"Point","coordinates":[139.7584261,35.6952461]}},{"type":"Feature","properties":{"id":"osm-node-10005582317","osmId":10005582317,"name":"橘昌文銭堂","category":"retail","subcategory":"confectionery","floor":null,"address":null,"era":"unknown","hours":null,"website":null,"sourceLabel":"OpenStreetMap","sourceUrl":"https://www.openstreetmap.org/node/10005582317","sourceType":"open_data","observedAt":"2026-09-22","confidence":"reference","buildingId":"building-1696014"},"geometry":{"type":"Point","coordinates":[139.7588878,35.6952617]}},{"type":"Feature","properties":{"id":"osm-node-3342922551","osmId":3342922551,"name":"武蔵屋商店","category":"retail","subcategory":"stationery","floor":null,"address":null,"era":"unknown","hours":null,"website":null,"sourceLabel":"OpenStreetMap","sourceUrl":"https://www.openstreetmap.org/node/3342922551","sourceType":"open_data","observedAt":"2026-09-22","confidence":"reference","buildingId":"building-1691138"},"geometry":{"type":"Point","coordinates":[139.755712,35.6957152]}},{"type":"Feature","properties":{"id":"osm-node-4018933616","osmId":4018933616,"name":"清泉堂","category":"retail","subcategory":"frame","floor":null,"address":null,"era":"unknown","hours":null,"website":null,"sourceLabel":"OpenStreetMap","sourceUrl":"https://www.openstreetmap.org/node/4018933616","sourceType":"open_data","observedAt":"2026-09-22","confidence":"reference","buildingId":"building-1696004"},"geometry":{"type":"Point","coordinates":[139.7598037,35.6954546]}},{"type":"Feature","properties":{"id":"osm-node-3343070912","osmId":3343070912,"name":"清美堂","category":"retail","subcategory":"stationery","floor":null,"address":null,"era":"unknown","hours":null,"website":null,"sourceLabel":"OpenStreetMap","sourceUrl":"https://www.openstreetmap.org/node/3343070912","sourceType":"open_data","observedAt":"2026-09-22","confidence":"reference","buildingId":"building-1695878"},"geometry":{"type":"Point","coordinates":[139.7588023,35.6962909]}},{"type":"Feature","properties":{"id":"osm-node-3164004262","osmId":3164004262,"name":"石井スポーツ","category":"retail","subcategory":"outdoor","floor":null,"address":null,"era":"unknown","hours":"11:00-20:00","website":"https://www.ici-sports.com","sourceLabel":"OpenStreetMap","sourceUrl":"https://www.openstreetmap.org/node/3164004262","sourceType":"open_data","observedAt":"2026-09-22","confidence":"reference","buildingId":"building-1690746"},"geometry":{"type":"Point","coordinates":[139.759272,35.696487]}},{"type":"Feature","properties":{"id":"osm-way-327519003","osmId":327519003,"name":"石井スポーツ","category":"retail","subcategory":"outdoor","floor":null,"address":null,"era":"unknown","hours":null,"website":"https://www.ici-sports.com","sourceLabel":"OpenStreetMap","sourceUrl":"https://www.openstreetmap.org/way/327519003","sourceType":"open_data","observedAt":"2026-09-22","confidence":"reference","buildingId":"building-1690746"},"geometry":{"type":"Point","coordinates":[139.75965853252742,35.696179437492276]}},{"type":"Feature","properties":{"id":"osm-node-7922860939","osmId":7922860939,"name":"神田神保町エステサロン","category":"retail","subcategory":"beauty","floor":"1,2","address":null,"era":"unknown","hours":null,"website":null,"sourceLabel":"OpenStreetMap","sourceUrl":"https://www.openstreetmap.org/node/7922860939","sourceType":"open_data","observedAt":"2026-09-22","confidence":"reference","buildingId":"building-1695846"},"geometry":{"type":"Point","coordinates":[139.7567021,35.6964169]}},{"type":"Feature","properties":{"id":"osm-node-12425863854","osmId":12425863854,"name":"花村モータース","category":"retail","subcategory":"bicycle","floor":"0","address":null,"era":"unknown","hours":null,"website":null,"sourceLabel":"OpenStreetMap","sourceUrl":"https://www.openstreetmap.org/node/12425863854","sourceType":"open_data","observedAt":"2026-09-22","confidence":"reference","buildingId":"building-1691427"},"geometry":{"type":"Point","coordinates":[139.7606482,35.6950105]}},{"type":"Feature","properties":{"id":"osm-node-12425866006","osmId":12425866006,"name":"萬羽軒","category":"retail","subcategory":"art","floor":"0","address":null,"era":"unknown","hours":null,"website":null,"sourceLabel":"OpenStreetMap","sourceUrl":"https://www.openstreetmap.org/node/12425866006","sourceType":"open_data","observedAt":"2026-09-22","confidence":"reference","buildingId":"building-1691425"},"geometry":{"type":"Point","coordinates":[139.7601424,35.6950088]}},{"type":"Feature","properties":{"id":"osm-node-7929991524","osmId":7929991524,"name":"落合木版","category":"retail","subcategory":"stationery","floor":null,"address":null,"era":"unknown","hours":null,"website":null,"sourceLabel":"OpenStreetMap","sourceUrl":"https://www.openstreetmap.org/node/7929991524","sourceType":"open_data","observedAt":"2026-09-22","confidence":"reference","buildingId":"building-1696040"},"geometry":{"type":"Point","coordinates":[139.7601402,35.6951945]}},{"type":"Feature","properties":{"id":"osm-node-6564489387","osmId":6564489387,"name":"豆香房","category":"retail","subcategory":"coffee","floor":null,"address":null,"era":"unknown","hours":null,"website":null,"sourceLabel":"OpenStreetMap","sourceUrl":"https://www.openstreetmap.org/node/6564489387","sourceType":"open_data","observedAt":"2026-09-22","confidence":"reference","buildingId":"building-1696104"},"geometry":{"type":"Point","coordinates":[139.7606165,35.6948483]}},{"type":"Feature","properties":{"id":"osm-node-3343070915","osmId":3343070915,"name":"金ペン堂","category":"retail","subcategory":"stationery","floor":"0","address":null,"era":"unknown","hours":"Mo-Tu,Th-Sa 12:00-18:00","website":null,"sourceLabel":"OpenStreetMap","sourceUrl":"https://www.openstreetmap.org/node/3343070915","sourceType":"open_data","observedAt":"2026-09-22","confidence":"reference","buildingId":"building-1690860"},"geometry":{"type":"Point","coordinates":[139.7599963,35.6961814]}},{"type":"Feature","properties":{"id":"osm-node-3888787163","osmId":3888787163,"name":"金沢テニスショップ","category":"retail","subcategory":"sports","floor":null,"address":null,"era":"unknown","hours":null,"website":null,"sourceLabel":"OpenStreetMap","sourceUrl":"https://www.openstreetmap.org/node/3888787163","sourceType":"open_data","observedAt":"2026-09-22","confidence":"reference","buildingId":"building-1690308"},"geometry":{"type":"Point","coordinates":[139.755926,35.6981081]}},{"type":"Feature","properties":{"id":"osm-node-3888627415","osmId":3888627415,"name":"音福","category":"retail","subcategory":"musical_instrument","floor":null,"address":null,"era":"unknown","hours":null,"website":null,"sourceLabel":"OpenStreetMap","sourceUrl":"https://www.openstreetmap.org/node/3888627415","sourceType":"open_data","observedAt":"2026-09-22","confidence":"reference","buildingId":"building-1698078"},"geometry":{"type":"Point","coordinates":[139.7587122,35.6977032]}},{"type":"Feature","properties":{"id":"osm-node-4018935294","osmId":4018935294,"name":"音福","category":"retail","subcategory":"musical_instrument","floor":null,"address":null,"era":"unknown","hours":null,"website":null,"sourceLabel":"OpenStreetMap","sourceUrl":"https://www.openstreetmap.org/node/4018935294","sourceType":"open_data","observedAt":"2026-09-22","confidence":"reference","buildingId":"building-1691174"},"geometry":{"type":"Point","coordinates":[139.7591668,35.6954619]}}],"metadata":{"osmAttribution":"© OpenStreetMap contributors (ODbL)","curatedCheckedAt":"2026-09-25"}}
